gid,role,role_score,cluster_id,priority_score,evidence,in_deg,out_deg,in_kzt,out_kzt,in_tx,out_tx,pass_through,pagerank,betweenness,n_seed_payers,n_seed_upstream,component_id,depth,is_seed,truncated,verified_sink
100000000343175100,peripheral,0.0000,0,0.0397,"заглушка: in 8/178712, out 31/4000039",8,31,178712,4000039,14,33,22.3826,0,0,0,0,0,0,true,false,false
100000000456947100,peripheral,0.0000,0,0.0000,"заглушка: in 0/0, out 0/0",0,0,0,0,0,0,-1.0000,0,0,0,0,0,0,true,false,false
100000000580561100,peripheral,0.0000,0,0.0062,"заглушка: in 2/27980, out 3/1488077",2,3,27980,1488077,3,13,53.1836,0,0,0,0,0,0,true,false,false
100000001415126100,peripheral,0.0000,0,0.0060,"заглушка: in 1/27000, out 0/0",1,0,27000,0,1,0,0.0000,0,0,0,0,0,0,true,false,true
100000001429930100,peripheral,0.0000,0,0.0058,"заглушка: in 1/26000, out 0/0",1,0,26000,0,1,0,0.0000,0,0,0,0,0,0,true,false,true
100000001616816100,peripheral,0.0000,0,0.0392,"заглушка: in 5/176195, out 3/181326",5,3,176195,181326,12,10,1.0291,0,0,0,0,0,0,true,false,false
100000001732159100,peripheral,0.0000,0,0.5285,"заглушка: in 2/2378100, out 4/1505966",2,4,2378100,1505966,30,23,0.6333,0,0,0,0,0,0,true,false,false
100000002527114100,peripheral,0.0000,0,0.0287,"заглушка: in 3/129000, out 111/3289249",3,111,129000,3289249,4,113,25.4981,0,0,0,0,0,0,true,false,false
100000002916006100,peripheral,0.0000,0,0.0000,"заглушка: in 0/0, out 1/32000",0,1,0,32000,0,1,-1.0000,0,0,0,0,0,0,true,false,false
100000003016635100,peripheral,0.0000,0,0.1304,"заглушка: in 8/586981, out 73/9414081",8,73,586981,9414081,36,151,16.0381,0,0,0,0,0,0,true,false,false
100000003200071100,peripheral,0.0000,0,0.0000,"заглушка: in 0/0, out 1/30000",0,1,0,30000,0,1,-1.0000,0,0,0,0,0,0,true,false,false
100000003265658100,peripheral,0.0000,0,0.0000,"заглушка: in 0/0, out 0/0",0,0,0,0,0,0,-1.0000,0,0,0,0,0,0,true,false,false
100000003349739100,peripheral,0.0000,0,0.0000,"заглушка: in 0/0, out 0/0",0,0,0,0,0,0,-1.0000,0,0,0,0,0,0,true,false,false
100000003684369100,peripheral,0.0000,0,0.8552,"заглушка: in 24/3848436, out 62/8588655",24,62,3848436,8588655,58,67,2.2317,0,0,0,0,0,0,true,false,false
100000003770083100,peripheral,0.0000,0,0.0000,"заглушка: in 0/0, out 0/0",0,0,0,0,0,0,-1.0000,0,0,0,0,0,0,true,false,false
100000003975102100,peripheral,0.0000,0,0.0057,"заглушка: in 1/25650, out 2/88500",1,2,25650,88500,1,2,3.4503,0,0,0,0,0,0,true,false,false
100000003977183100,peripheral,0.0000,0,0.0275,"заглушка: in 2/123800, out 4/766000",2,4,123800,766000,2,6,6.1874,0,0,0,0,0,0,true,false,false
100000004007116100,peripheral,0.0000,0,0.1699,"заглушка: in 3/764704, out 4/148000",3,4,764704,148000,24,6,0.1935,0,0,0,0,0,0,true,false,false
100000004019124100,peripheral,0.0000,0,0.0429,"заглушка: in 3/193000, out 0/0",3,0,193000,0,3,0,0.0000,0,0,0,0,0,0,true,false,true
100000004021459100,peripheral,0.0000,0,0.0000,"заглушка: in 0/0, out 0/0",0,0,0,0,0,0,-1.0000,0,0,0,0,0,0,true,false,false
100000004041163100,peripheral,0.0000,0,0.0111,"заглушка: in 1/50000, out 2/866000",1,2,50000,866000,1,6,17.3200,0,0,0,0,0,0,true,false,false
100000004174835100,peripheral,0.0000,0,0.0000,"заглушка: in 0/0, out 0/0",0,0,0,0,0,0,-1.0000,0,0,0,0,0,0,true,false,false
100000004193835100,peripheral,0.0000,0,0.0104,"заглушка: in 1/47000, out 1/5000",1,1,47000,5000,1,1,0.1064,0,0,0,0,0,0,true,false,false
100000004269433100,peripheral,0.0000,0,0.0000,"заглушка: in 0/0, out 1/1372000",0,1,0,1372000,0,67,-1.0000,0,0,0,0,0,0,true,false,false
100000004358004100,peripheral,0.0000,0,0.0000,"заглушка: in 0/0, out 11/980850",0,11,0,980850,0,17,-1.0000,0,0,0,0,0,0,true,false,false
100000004388983100,peripheral,0.0000,0,0.0000,"заглушка: in 0/0, out 2/450816",0,2,0,450816,0,23,-1.0000,0,0,0,0,0,0,true,false,false
100000004714705100,peripheral,0.0000,0,0.0000,"заглушка: in 0/0, out 1/36550",0,1,0,36550,0,1,-1.0000,0,0,0,0,0,0,true,false,false
100000004723755100,peripheral,0.0000,0,0.0000,"заглушка: in 0/0, out 1/95000",0,1,0,95000,0,5,-1.0000,0,0,0,0,0,0,true,false,false
100000004813068100,peripheral,0.0000,0,0.0000,"заглушка: in 0/0, out 3/297000",0,3,0,297000,0,5,-1.0000,0,0,0,0,0,0,true,false,false
100000004971871100,peripheral,0.0000,0,0.0056,"заглушка: in 1/25400, out 1/5650",1,1,25400,5650,3,1,0.2224,0,0,0,0,0,0,true,false,false
100000005017150100,peripheral,0.0000,0,0.0000,"заглушка: in 0/0, out 0/0",0,0,0,0,0,0,-1.0000,0,0,0,0,0,0,true,false,false
100000005087431100,peripheral,0.0000,0,0.0000,"заглушка: in 0/0, out 0/0",0,0,0,0,0,0,-1.0000,0,0,0,0,0,0,true,false,false
100000005235389100,peripheral,0.0000,0,0.0000,"заглушка: in 0/0, out 0/0",0,0,0,0,0,0,-1.0000,0,0,0,0,0,0,true,false,false
100000005264990100,peripheral,0.0000,0,0.0038,"заглушка: in 1/17070, out 2/122000",1,2,17070,122000,1,2,7.1470,0,0,0,0,0,0,true,false,false
100000005370580100,peripheral,0.0000,0,0.0053,"заглушка: in 1/24075, out 0/0",1,0,24075,0,1,0,0.0000,0,0,0,0,0,0,true,false,true
100000005382566100,peripheral,0.0000,0,0.0873,"заглушка: in 7/393066, out 1/50000",7,1,393066,50000,11,1,0.1272,0,0,0,0,0,0,true,false,false
100000005386383100,peripheral,0.0000,0,0.0083,"заглушка: in 2/37500, out 1/29000",2,1,37500,29000,2,1,0.7733,0,0,0,0,0,0,true,false,false
100000005392290100,peripheral,0.0000,0,0.0000,"заглушка: in 0/0, out 1/81465",0,1,0,81465,0,1,-1.0000,0,0,0,0,0,0,true,false,false
100000005395727100,peripheral,0.0000,0,0.0038,"заглушка: in 1/17000, out 0/0",1,0,17000,0,1,0,0.0000,0,0,0,0,0,0,true,false,true
100000005409680100,peripheral,0.0000,0,0.0122,"заглушка: in 2/55060, out 0/0",2,0,55060,0,2,0,0.0000,0,0,0,0,0,0,true,false,true
100000005417257100,peripheral,0.0000,0,0.0000,"заглушка: in 0/0, out 2/106000",0,2,0,106000,0,2,-1.0000,0,0,0,0,0,0,true,false,false
100000005454368100,peripheral,0.0000,0,0.0108,"заглушка: in 2/48600, out 0/0",2,0,48600,0,2,0,0.0000,0,0,0,0,0,0,true,false,true
100000005480435100,peripheral,0.0000,0,0.0000,"заглушка: in 0/0, out 0/0",0,0,0,0,0,0,-1.0000,0,0,0,0,0,0,true,false,false
100000005485830100,peripheral,0.0000,0,0.0000,"заглушка: in 0/0, out 5/275885",0,5,0,275885,0,9,-1.0000,0,0,0,0,0,0,true,false,false
100000005493505100,peripheral,0.0000,0,0.0138,"заглушка: in 3/62020, out 0/0",3,0,62020,0,3,0,0.0000,0,0,0,0,0,0,true,false,true
100000005495722100,peripheral,0.0000,0,0.0000,"заглушка: in 0/0, out 0/0",0,0,0,0,0,0,-1.0000,0,0,0,0,0,0,true,false,false
100000005498992100,peripheral,0.0000,0,0.0000,"заглушка: in 0/0, out 16/2262868",0,16,0,2262868,0,19,-1.0000,0,0,0,0,0,0,true,false,false
100000005519347100,peripheral,0.0000,0,0.0162,"заглушка: in 2/73100, out 1/99000",2,1,73100,99000,2,1,1.3543,0,0,0,0,0,0,true,false,false
100000005523088100,peripheral,0.0000,0,0.1556,"заглушка: in 1/700000, out 0/0",1,0,700000,0,2,0,0.0000,0,0,0,0,0,0,true,false,true
100000005543136100,peripheral,0.0000,0,0.0000,"заглушка: in 0/0, out 1/10000",0,1,0,10000,0,1,-1.0000,0,0,0,0,0,0,true,false,false
100000005550592100,peripheral,0.0000,0,0.0000,"заглушка: in 0/0, out 0/0",0,0,0,0,0,0,-1.0000,0,0,0,0,0,0,true,false,false
100000005560900100,peripheral,0.0000,0,0.0000,"заглушка: in 0/0, out 0/0",0,0,0,0,0,0,-1.0000,0,0,0,0,0,0,true,false,false
100000005568407100,peripheral,0.0000,0,0.0000,"заглушка: in 0/0, out 0/0",0,0,0,0,0,0,-1.0000,0,0,0,0,0,0,true,false,false
100000005668605100,peripheral,0.0000,0,0.0210,"заглушка: in 3/94500, out 0/0",3,0,94500,0,3,0,0.0000,0,0,0,0,0,0,true,false,true
100000005744674100,peripheral,0.0000,0,0.0000,"заглушка: in 0/0, out 1/50066",0,1,0,50066,0,2,-1.0000,0,0,0,0,0,0,true,false,false
100000006232815100,peripheral,0.0000,0,0.0356,"заглушка: in 1/160000, out 5/296500",1,5,160000,296500,2,5,1.8531,0,0,0,0,0,0,true,false,false
100000006249740100,peripheral,0.0000,0,0.0000,"заглушка: in 0/0, out 3/93007",0,3,0,93007,0,5,-1.0000,0,0,0,0,0,0,true,false,false
100000006831291100,peripheral,0.0000,0,0.0000,"заглушка: in 0/0, out 1/15000",0,1,0,15000,0,3,-1.0000,0,0,0,0,0,0,true,false,false
100000006866783100,peripheral,0.0000,0,0.1864,"заглушка: in 13/838812, out 67/3948037",13,67,838812,3948037,31,90,4.7067,0,0,0,0,0,0,true,false,false
100000007018630100,peripheral,0.0000,0,0.0000,"заглушка: in 0/0, out 1/200000",0,1,0,200000,0,5,-1.0000,0,0,0,0,0,0,true,false,false
100000007747786100,peripheral,0.0000,0,0.0000,"заглушка: in 0/0, out 31/4238009",0,31,0,4238009,0,35,-1.0000,0,0,0,0,0,0,true,false,false
100000007982728100,peripheral,0.0000,0,0.0000,"заглушка: in 0/0, out 8/1804384",0,8,0,1804384,0,12,-1.0000,0,0,0,0,0,0,true,false,false
100000008117324100,peripheral,0.0000,0,0.0000,"заглушка: in 0/0, out 0/0",0,0,0,0,0,0,-1.0000,0,0,0,0,0,0,true,false,false
100000008205000100,peripheral,0.0000,0,0.0000,"заглушка: in 0/0, out 0/0",0,0,0,0,0,0,-1.0000,0,0,0,0,0,0,true,false,false
100000008314203100,peripheral,0.0000,0,0.0849,"заглушка: in 2/382076, out 2/327000",2,2,382076,327000,10,13,0.8559,0,0,0,0,0,0,true,false,false
100000008418835100,peripheral,0.0000,0,0.3049,"заглушка: in 1/1372000, out 4/186179",1,4,1372000,186179,67,6,0.1357,0,0,0,0,0,0,true,false,false
100000008513251100,peripheral,0.0000,0,0.0000,"заглушка: in 0/0, out 0/0",0,0,0,0,0,0,-1.0000,0,0,0,0,0,0,true,false,false
100000008516839100,peripheral,0.0000,0,0.0344,"заглушка: in 3/155000, out 0/0",3,0,155000,0,4,0,0.0000,0,0,0,0,0,0,true,false,true
100000008522127100,peripheral,0.0000,0,0.0000,"заглушка: in 0/0, out 1/145000",0,1,0,145000,0,3,-1.0000,0,0,0,0,0,0,true,false,false
100000008571433100,peripheral,0.0000,0,0.0778,"заглушка: in 2/350000, out 2/1434000",2,2,350000,1434000,2,3,4.0971,0,0,0,0,0,0,true,false,false
100000008575624100,peripheral,0.0000,0,0.0000,"заглушка: in 0/0, out 3/89500",0,3,0,89500,0,5,-1.0000,0,0,0,0,0,0,true,false,false
100000008601794100,peripheral,0.0000,0,0.1099,"заглушка: in 2/494400, out 1/871400",2,1,494400,871400,8,13,1.7625,0,0,0,0,0,0,true,false,false
100000008637537100,peripheral,0.0000,0,0.1378,"заглушка: in 3/619890, out 3/2351495",3,3,619890,2351495,22,30,3.7934,0,0,0,0,0,0,true,false,false
100000008650785100,peripheral,0.0000,0,0.0204,"заглушка: in 2/92000, out 2/120120",2,2,92000,120120,2,2,1.3057,0,0,0,0,0,0,true,false,false
100000008654653100,peripheral,0.0000,0,0.0000,"заглушка: in 0/0, out 1/54000",0,1,0,54000,0,1,-1.0000,0,0,0,0,0,0,true,false,false
100000008659445100,peripheral,0.0000,0,0.0308,"заглушка: in 3/138490, out 4/875150",3,4,138490,875150,7,18,6.3192,0,0,0,0,0,0,true,false,false
100000008669037100,peripheral,0.0000,0,0.0000,"заглушка: in 0/0, out 0/0",0,0,0,0,0,0,-1.0000,0,0,0,0,0,0,true,false,false
100000008673001100,peripheral,0.0000,0,0.0178,"заглушка: in 1/80000, out 0/0",1,0,80000,0,1,0,0.0000,0,0,0,0,0,0,true,false,true
100000008680731100,peripheral,0.0000,0,0.0000,"заглушка: in 0/0, out 27/1464354",0,27,0,1464354,0,28,-1.0000,0,0,0,0,0,0,true,false,false
100000008701222100,peripheral,0.0000,0,0.0000,"заглушка: in 0/0, out 0/0",0,0,0,0,0,0,-1.0000,0,0,0,0,0,0,true,false,false
100000008738325100,peripheral,0.0000,0,0.0081,"заглушка: in 1/36550, out 1/54000",1,1,36550,54000,1,1,1.4774,0,0,0,0,0,0,true,false,false
100000003134937100,peripheral,0.0000,0,0.0023,"заглушка: in 1/10286, out 0/0",1,0,10286,0,1,0,0.0000,0,0,0,0,0,1,false,false,true
100000005074393100,peripheral,0.0000,0,0.1251,"заглушка: in 4/563026, out 6/685500",4,6,563026,685500,5,10,1.2175,0,0,0,0,0,1,false,false,false
100000001924185100,peripheral,0.0000,0,0.0336,"заглушка: in 2/151000, out 0/0",2,0,151000,0,2,0,0.0000,0,0,0,0,0,1,false,false,true
100000004070318100,peripheral,0.0000,0,0.0461,"заглушка: in 4/207247, out 19/551860",4,19,207247,551860,6,37,2.6628,0,0,0,0,0,1,false,false,false
100000005807278100,peripheral,0.0000,0,0.0019,"заглушка: in 1/8385, out 0/0",1,0,8385,0,1,0,0.0000,0,0,0,0,0,1,false,false,true
100000003377795100,peripheral,0.0000,0,0.0016,"заглушка: in 1/7000, out 0/0",1,0,7000,0,1,0,0.0000,0,0,0,0,0,1,false,false,true
100000004330371100,peripheral,0.0000,0,0.0587,"заглушка: in 2/264171, out 2/90681",2,2,264171,90681,12,6,0.3433,0,0,0,0,0,1,false,false,false
100000008165763100,peripheral,0.0000,0,0.2591,"заглушка: in 15/1165815, out 17/1267858",15,17,1165815,1267858,26,17,1.0875,0,0,0,0,0,1,false,false,false
100000001684867100,peripheral,0.0000,0,0.0068,"заглушка: in 1/30550, out 0/0",1,0,30550,0,1,0,0.0000,0,0,0,0,0,1,false,false,true
100000003900547100,peripheral,0.0000,0,0.0053,"заглушка: in 1/23700, out 0/0",1,0,23700,0,1,0,0.0000,0,0,0,0,0,1,false,false,true
100000006656003100,peripheral,0.0000,0,0.0044,"заглушка: in 1/20000, out 1/9000",1,1,20000,9000,1,1,0.4500,0,0,0,0,0,1,false,false,false
100000008237827100,peripheral,0.0000,0,0.0089,"заглушка: in 1/40001, out 0/0",1,0,40001,0,1,0,0.0000,0,0,0,0,0,1,false,false,true
100000003014659100,peripheral,0.0000,0,0.0622,"заглушка: in 1/280000, out 0/0",1,0,280000,0,1,0,0.0000,0,0,0,0,0,1,false,false,true
100000007939160100,peripheral,0.0000,0,0.1767,"заглушка: in 1/795000, out 2/14300",1,2,795000,14300,2,2,0.0180,0,0,0,0,0,1,false,false,false
100000007274584100,peripheral,0.0000,0,0.0084,"заглушка: in 1/38000, out 0/0",1,0,38000,0,1,0,0.0000,0,0,0,0,0,1,false,false,true
100000001524952100,peripheral,0.0000,0,0.0231,"заглушка: in 1/103807, out 0/0",1,0,103807,0,1,0,0.0000,0,0,0,0,0,1,false,false,true
100000003131693100,peripheral,0.0000,0,0.0785,"заглушка: in 1/353277, out 0/0",1,0,353277,0,1,0,0.0000,0,0,0,0,0,1,false,false,true
100000008383405100,peripheral,0.0000,0,0.0056,"заглушка: in 1/25000, out 0/0",1,0,25000,0,2,0,0.0000,0,0,0,0,0,1,false,false,true
100000008736173100,peripheral,0.0000,0,0.0069,"заглушка: in 1/31060, out 0/0",1,0,31060,0,1,0,0.0000,0,0,0,0,0,1,false,false,true
100000002861485100,peripheral,0.0000,0,0.0065,"заглушка: in 1/29323, out 0/0",1,0,29323,0,1,0,0.0000,0,0,0,0,0,1,false,false,true
100000008745474100,peripheral,0.0000,0,0.0090,"заглушка: in 1/40559, out 0/0",1,0,40559,0,1,0,0.0000,0,0,0,0,0,1,false,false,true
100000008691330100,peripheral,0.0000,0,0.0048,"заглушка: in 1/21440, out 0/0",1,0,21440,0,1,0,0.0000,0,0,0,0,0,1,false,false,true
100000007639767100,peripheral,0.0000,0,0.0202,"заглушка: in 4/90913, out 10/822244",4,10,90913,822244,4,13,9.0443,0,0,0,0,0,1,false,false,false
100000002921047100,peripheral,0.0000,0,0.0751,"заглушка: in 2/338000, out 1/163000",2,1,338000,163000,2,1,0.4822,0,0,0,0,0,1,false,false,false
100000004783447100,peripheral,0.0000,0,0.0058,"заглушка: in 1/26200, out 0/0",1,0,26200,0,1,0,0.0000,0,0,0,0,0,1,false,false,true
100000008696919100,peripheral,0.0000,0,0.0071,"заглушка: in 1/31945, out 0/0",1,0,31945,0,1,0,0.0000,0,0,0,0,0,1,false,false,true
100000008736940100,peripheral,0.0000,0,0.1002,"заглушка: in 3/451090, out 3/182100",3,3,451090,182100,13,6,0.4037,0,0,0,0,0,1,false,false,false
100000005940652100,peripheral,0.0000,0,0.0019,"заглушка: in 1/8395, out 0/0",1,0,8395,0,1,0,0.0000,0,0,0,0,0,1,false,false,true
100000004180097100,peripheral,0.0000,0,0.0233,"заглушка: in 3/104854, out 3/47800",3,3,104854,47800,5,7,0.4559,0,0,0,0,0,1,false,false,false
100000005539201100,peripheral,0.0000,0,0.0101,"заглушка: in 1/45504, out 1/25000",1,1,45504,25000,1,1,0.5494,0,0,0,0,0,1,false,false,false
100000005620225100,peripheral,0.0000,0,0.0111,"заглушка: in 2/49846, out 0/0",2,0,49846,0,2,0,0.0000,0,0,0,0,0,1,false,false,true
100000004388353100,peripheral,0.0000,0,0.0140,"заглушка: in 2/62960, out 0/0",2,0,62960,0,2,0,0.0000,0,0,0,0,0,1,false,false,true
100000007442518100,peripheral,0.0000,0,0.1133,"заглушка: in 5/510000, out 9/4419999",5,9,510000,4419999,8,12,8.6667,0,0,0,0,0,1,false,false,false
100000000267734100,peripheral,0.0000,0,0.0400,"заглушка: in 2/180000, out 7/282000",2,7,180000,282000,4,8,1.5667,0,0,0,0,0,1,false,false,false
100000001987030100,peripheral,0.0000,0,0.0069,"заглушка: in 2/30864, out 1/19000",2,1,30864,19000,2,1,0.6156,0,0,0,0,0,1,false,false,false
100000002603478100,peripheral,0.0000,0,0.0052,"заглушка: in 1/23500, out 0/0",1,0,23500,0,1,0,0.0000,0,0,0,0,0,1,false,false,true
100000001380054100,peripheral,0.0000,0,0.0282,"заглушка: in 2/127050, out 3/360000",2,3,127050,360000,2,4,2.8335,0,0,0,0,0,1,false,false,false
100000002992171100,peripheral,0.0000,0,0.0033,"заглушка: in 1/14627, out 0/0",1,0,14627,0,1,0,0.0000,0,0,0,0,0,1,false,false,true
100000002781227100,peripheral,0.0000,0,0.0425,"заглушка: in 2/191168, out 3/212420",2,3,191168,212420,8,10,1.1112,0,0,0,0,0,1,false,false,false
100000008745643100,peripheral,0.0000,0,0.0045,"заглушка: in 1/20313, out 0/0",1,0,20313,0,1,0,0.0000,0,0,0,0,0,1,false,false,true
100000002836736100,peripheral,0.0000,0,0.1131,"заглушка: in 2/509000, out 0/0",2,0,509000,0,2,0,0.0000,0,0,0,0,0,1,false,false,true
100000004188160100,peripheral,0.0000,0,0.0195,"заглушка: in 2/87862, out 5/133846",2,5,87862,133846,5,6,1.5234,0,0,0,0,0,1,false,false,false
100000004841728100,peripheral,0.0000,0,0.0116,"заглушка: in 1/52208, out 0/0",1,0,52208,0,1,0,0.0000,0,0,0,0,0,1,false,false,true
100000001554432100,peripheral,0.0000,0,0.0120,"заглушка: in 1/53920, out 0/0",1,0,53920,0,1,0,0.0000,0,0,0,0,0,1,false,false,true
100000008768896100,peripheral,0.0000,0,0.0105,"заглушка: in 1/47060, out 0/0",1,0,47060,0,1,0,0.0000,0,0,0,0,0,1,false,false,true
100000008232832100,peripheral,0.0000,0,0.0749,"заглушка: in 1/337000, out 1/138000",1,1,337000,138000,2,1,0.4095,0,0,0,0,0,1,false,false,false
100000002864256100,peripheral,0.0000,0,0.0302,"заглушка: in 1/135780, out 0/0",1,0,135780,0,1,0,0.0000,0,0,0,0,0,1,false,false,true
100000001929088100,peripheral,0.0000,0,0.0880,"заглушка: in 2/396010, out 0/0",2,0,396010,0,2,0,0.0000,0,0,0,0,0,1,false,false,true
100000002794197100,peripheral,0.0000,0,0.0067,"заглушка: in 1/30100, out 0/0",1,0,30100,0,1,0,0.0000,0,0,0,0,0,1,false,false,true
100000005669845100,peripheral,0.0000,0,0.0044,"заглушка: in 1/20000, out 0/0",1,0,20000,0,1,0,0.0000,0,0,0,0,0,1,false,false,true
100000002211413100,peripheral,0.0000,0,0.0082,"заглушка: in 1/37000, out 0/0",1,0,37000,0,1,0,0.0000,0,0,0,0,0,1,false,false,true
100000002784085100,peripheral,0.0000,0,0.0444,"заглушка: in 1/200000, out 0/0",1,0,200000,0,1,0,0.0000,0,0,0,0,0,1,false,false,true
100000008782421100,peripheral,0.0000,0,0.0110,"заглушка: in 1/49680, out 0/0",1,0,49680,0,1,0,0.0000,0,0,0,0,0,1,false,false,true
100000003739818100,peripheral,0.0000,0,0.0127,"заглушка: in 1/57293, out 0/0",1,0,57293,0,1,0,0.0000,0,0,0,0,0,1,false,false,true
100000002214570100,peripheral,0.0000,0,0.0059,"заглушка: in 1/26471, out 0/0",1,0,26471,0,1,0,0.0000,0,0,0,0,0,1,false,false,true
100000006443391100,peripheral,0.0000,0,0.0193,"заглушка: in 3/86776, out 2/60042",3,2,86776,60042,7,6,0.6919,0,0,0,0,0,1,false,false,false
100000005473151100,peripheral,0.0000,0,0.2711,"заглушка: in 3/1220000, out 4/225000",3,4,1220000,225000,4,6,0.1844,0,0,0,0,0,1,false,false,false
100000005124479100,peripheral,0.0000,0,0.0306,"заглушка: in 2/137753, out 2/22000",2,2,137753,22000,2,2,0.1597,0,0,0,0,0,1,false,false,false
100000005527892100,peripheral,0.0000,0,0.0489,"заглушка: in 3/220001, out 8/552419",3,8,220001,552419,3,8,2.5110,0,0,0,0,0,1,false,false,false
100000008028628100,peripheral,0.0000,0,0.0127,"заглушка: in 1/57224, out 0/0",1,0,57224,0,1,0,0.0000,0,0,0,0,0,1,false,false,true
100000001953577100,peripheral,0.0000,0,0.0035,"заглушка: in 1/15600, out 0/0",1,0,15600,0,1,0,0.0000,0,0,0,0,0,1,false,false,true
100000008193577100,peripheral,0.0000,0,0.0343,"заглушка: in 2/154300, out 5/480180",2,5,154300,480180,6,16,3.1120,0,0,0,0,0,1,false,false,false
100000008753193100,peripheral,0.0000,0,0.0078,"заглушка: in 1/35225, out 0/0",1,0,35225,0,1,0,0.0000,0,0,0,0,0,1,false,false,true
100000008746025100,peripheral,0.0000,0,0.0049,"заглушка: in 1/22000, out 0/0",1,0,22000,0,1,0,0.0000,0,0,0,0,0,1,false,false,true
100000002934441100,peripheral,0.0000,0,0.0135,"заглушка: in 2/60846, out 0/0",2,0,60846,0,2,0,0.0000,0,0,0,0,0,1,false,false,true
100000003701161100,peripheral,0.0000,0,0.3394,"заглушка: in 4/1527103, out 3/349000",4,3,1527103,349000,13,7,0.2285,0,0,0,0,0,1,false,false,false
100000006707582100,peripheral,0.0000,0,0.0088,"заглушка: in 2/39520, out 14/961138",2,14,39520,961138,2,15,24.3203,0,0,0,0,0,1,false,false,false
100000003239379100,peripheral,0.0000,0,0.0206,"заглушка: in 1/92500, out 0/0",1,0,92500,0,1,0,0.0000,0,0,0,0,0,1,false,false,true
100000000979923100,peripheral,0.0000,0,0.0218,"заглушка: in 1/97900, out 0/0",1,0,97900,0,1,0,0.0000,0,0,0,0,0,1,false,false,true
100000001111763100,peripheral,0.0000,0,0.0038,"заглушка: in 1/17144, out 0/0",1,0,17144,0,1,0,0.0000,0,0,0,0,0,1,false,false,true
100000003865939100,peripheral,0.0000,0,0.0181,"заглушка: in 1/81465, out 0/0",1,0,81465,0,1,0,0.0000,0,0,0,0,0,1,false,false,true
100000002858835100,peripheral,0.0000,0,0.0054,"заглушка: in 1/24400, out 0/0",1,0,24400,0,1,0,0.0000,0,0,0,0,0,1,false,false,true
100000003404627100,peripheral,0.0000,0,0.1950,"заглушка: in 4/877700, out 0/0",4,0,877700,0,5,0,0.0000,0,0,0,0,0,1,false,false,true
100000008691027100,peripheral,0.0000,0,0.0039,"заглушка: in 1/17534, out 0/0",1,0,17534,0,1,0,0.0000,0,0,0,0,0,1,false,false,true
100000004071080100,peripheral,0.0000,0,0.0530,"заглушка: in 9/238600, out 2/46500",9,2,238600,46500,16,5,0.1949,0,0,0,0,0,1,false,false,false
100000002864680100,peripheral,0.0000,0,0.0124,"заглушка: in 1/55932, out 0/0",1,0,55932,0,1,0,0.0000,0,0,0,0,0,1,false,false,true
100000001330685100,peripheral,0.0000,0,0.5413,"заглушка: in 3/2435923, out 1/100500",3,1,2435923,100500,7,1,0.0413,0,0,0,0,0,1,false,false,false
100000008745725100,peripheral,0.0000,0,0.0105,"заглушка: in 1/47060, out 0/0",1,0,47060,0,1,0,0.0000,0,0,0,0,0,1,false,false,true
100000002621949100,peripheral,0.0000,0,0.0366,"заглушка: in 1/164612, out 0/0",1,0,164612,0,1,0,0.0000,0,0,0,0,0,1,false,false,true
100000007908818100,peripheral,0.0000,0,0.1617,"заглушка: in 4/727475, out 6/302000",4,6,727475,302000,4,13,0.4151,0,0,0,0,0,1,false,false,false
100000008691495100,peripheral,0.0000,0,0.0060,"заглушка: in 1/27000, out 0/0",1,0,27000,0,1,0,0.0000,0,0,0,0,0,1,false,false,true
100000003832231100,peripheral,0.0000,0,0.0078,"заглушка: in 1/35000, out 0/0",1,0,35000,0,1,0,0.0000,0,0,0,0,0,1,false,false,true
100000002371751100,peripheral,0.0000,0,0.0444,"заглушка: in 1/200000, out 1/250000",1,1,200000,250000,5,1,1.2500,0,0,0,0,0,1,false,false,false
100000002894076100,peripheral,0.0000,0,0.2495,"заглушка: in 4/1122782, out 0/0",4,0,1122782,0,6,0,0.0000,0,0,0,0,0,1,false,false,true
100000001362940100,peripheral,0.0000,0,0.0180,"заглушка: in 1/81000, out 0/0",1,0,81000,0,1,0,0.0000,0,0,0,0,0,1,false,false,true
100000008741372100,peripheral,0.0000,0,0.0080,"заглушка: in 1/35975, out 0/0",1,0,35975,0,1,0,0.0000,0,0,0,0,0,1,false,false,true
100000002618492100,peripheral,0.0000,0,0.0659,"заглушка: in 2/296500, out 0/0",2,0,296500,0,2,0,0.0000,0,0,0,0,0,1,false,false,true
100000002750332100,peripheral,0.0000,0,0.0025,"заглушка: in 1/11360, out 0/0",1,0,11360,0,1,0,0.0000,0,0,0,0,0,1,false,false,true
100000004948177100,peripheral,0.0000,0,0.0971,"заглушка: in 3/437163, out 0/0",3,0,437163,0,8,0,0.0000,0,0,0,0,0,1,false,false,true
100000002511825100,peripheral,0.0000,0,0.0144,"заглушка: in 1/65000, out 0/0",1,0,65000,0,1,0,0.0000,0,0,0,0,0,1,false,false,true
100000008566737100,peripheral,0.0000,0,0.0511,"заглушка: in 2/230000, out 0/0",2,0,230000,0,2,0,0.0000,0,0,0,0,0,1,false,false,true
100000008661585100,peripheral,0.0000,0,0.0096,"заглушка: in 1/43141, out 0/0",1,0,43141,0,1,0,0.0000,0,0,0,0,0,1,false,false,true
100000004759121100,peripheral,0.0000,0,0.1578,"заглушка: in 6/710000, out 2/312000",6,2,710000,312000,10,6,0.4394,0,0,0,0,0,1,false,false,false
100000004360785100,peripheral,0.0000,0,0.0210,"заглушка: in 1/94705, out 0/0",1,0,94705,0,1,0,0.0000,0,0,0,0,0,1,false,false,true
100000005092518100,peripheral,0.0000,0,0.0058,"заглушка: in 1/26144, out 0/0",1,0,26144,0,1,0,0.0000,0,0,0,0,0,1,false,false,true
100000008737958100,peripheral,0.0000,0,0.0119,"заглушка: in 2/53373, out 0/0",2,0,53373,0,2,0,0.0000,0,0,0,0,0,1,false,false,true
100000003044518100,peripheral,0.0000,0,0.0076,"заглушка: in 1/34423, out 0/0",1,0,34423,0,1,0,0.0000,0,0,0,0,0,1,false,false,true
100000004159526100,peripheral,0.0000,0,0.0611,"заглушка: in 4/275037, out 4/68000",4,4,275037,68000,4,6,0.2472,0,0,0,0,0,1,false,false,false
100000007544358100,peripheral,0.0000,0,0.0717,"заглушка: in 2/322500, out 1/350000",2,1,322500,350000,2,3,1.0853,0,0,0,0,0,1,false,false,false
100000005901606100,peripheral,0.0000,0,0.0079,"заглушка: in 1/35660, out 0/0",1,0,35660,0,1,0,0.0000,0,0,0,0,0,1,false,false,true
100000006658598100,peripheral,0.0000,0,0.0020,"заглушка: in 1/9000, out 0/0",1,0,9000,0,1,0,0.0000,0,0,0,0,0,1,false,false,true
100000002793851100,peripheral,0.0000,0,0.0025,"заглушка: in 1/11052, out 0/0",1,0,11052,0,1,0,0.0000,0,0,0,0,0,1,false,false,true
100000005612411100,peripheral,0.0000,0,0.0257,"заглушка: in 3/115500, out 8/506997",3,8,115500,506997,4,8,4.3896,0,0,0,0,0,1,false,false,false
100000007511163100,peripheral,0.0000,0,0.0141,"заглушка: in 2/63666, out 3/82052",2,3,63666,82052,2,3,1.2888,0,0,0,0,0,1,false,false,false
100000002648315100,peripheral,0.0000,0,0.0293,"заглушка: in 1/132000, out 2/76000",1,2,132000,76000,1,3,0.5758,0,0,0,0,0,1,false,false,false
100000004739664100,peripheral,0.0000,0,0.0027,"заглушка: in 1/12000, out 1/10000",1,1,12000,10000,1,1,0.8333,0,0,0,0,0,1,false,false,false
100000003713616100,peripheral,0.0000,0,0.0035,"заглушка: in 1/15893, out 0/0",1,0,15893,0,1,0,0.0000,0,0,0,0,0,1,false,false,true
100000003476560100,peripheral,0.0000,0,0.0111,"заглушка: in 1/50000, out 0/0",1,0,50000,0,1,0,0.0000,0,0,0,0,0,1,false,false,true
100000008782800100,peripheral,0.0000,0,0.0096,"заглушка: in 1/43381, out 0/0",1,0,43381,0,1,0,0.0000,0,0,0,0,0,1,false,false,true
100000004218576100,peripheral,0.0000,0,0.0058,"заглушка: in 1/26144, out 0/0",1,0,26144,0,1,0,0.0000,0,0,0,0,0,1,false,false,true
100000003299365100,peripheral,0.0000,0,0.0444,"заглушка: in 1/200000, out 1/200000",1,1,200000,200000,1,1,1.0000,0,0,0,0,0,1,false,false,false
100000008730021100,peripheral,0.0000,0,0.0168,"заглушка: in 1/75555, out 0/0",1,0,75555,0,3,0,0.0000,0,0,0,0,0,1,false,false,true
100000002757797100,peripheral,0.0000,0,0.0222,"заглушка: in 1/100000, out 0/0",1,0,100000,0,1,0,0.0000,0,0,0,0,0,1,false,false,true
100000002845605100,peripheral,0.0000,0,0.0128,"заглушка: in 1/57567, out 0/0",1,0,57567,0,1,0,0.0000,0,0,0,0,0,1,false,false,true
100000000817146100,peripheral,0.0000,0,0.0156,"заглушка: in 1/70020, out 0/0",1,0,70020,0,1,0,0.0000,0,0,0,0,0,1,false,false,true
100000002957306100,peripheral,0.0000,0,0.0886,"заглушка: in 2/398490, out 0/0",2,0,398490,0,2,0,0.0000,0,0,0,0,0,1,false,false,true
100000008188026100,peripheral,0.0000,0,0.0192,"заглушка: in 2/86468, out 4/337983",2,4,86468,337983,5,4,3.9088,0,0,0,0,0,1,false,false,false
100000004790991100,peripheral,0.0000,0,0.0532,"заглушка: in 1/239413, out 0/0",1,0,239413,0,4,0,0.0000,0,0,0,0,0,1,false,false,true
100000002973903100,peripheral,0.0000,0,0.0206,"заглушка: in 3/92880, out 0/0",3,0,92880,0,3,0,0.0000,0,0,0,0,0,1,false,false,true
100000004325327100,peripheral,0.0000,0,0.0157,"заглушка: in 2/70817, out 1/70000",2,1,70817,70000,3,1,0.9885,0,0,0,0,0,1,false,false,false
100000001477796100,peripheral,0.0000,0,0.0404,"заглушка: in 1/182000, out 0/0",1,0,182000,0,1,0,0.0000,0,0,0,0,0,1,false,false,true
100000007536804100,peripheral,0.0000,0,0.0222,"заглушка: in 1/100000, out 2/55000",1,2,100000,55000,1,2,0.5500,0,0,0,0,0,1,false,false,false
100000008665380100,peripheral,0.0000,0,0.0154,"заглушка: in 2/69100, out 1/18200",2,1,69100,18200,2,1,0.2634,0,0,0,0,0,1,false,false,false
100000001870116100,peripheral,0.0000,0,0.0053,"заглушка: in 1/24000, out 0/0",1,0,24000,0,1,0,0.0000,0,0,0,0,0,1,false,false,true
100000001074553100,peripheral,0.0000,0,0.0064,"заглушка: in 2/28971, out 0/0",2,0,28971,0,2,0,0.0000,0,0,0,0,0,1,false,false,true
100000000978041100,peripheral,0.0000,0,0.0099,"заглушка: in 1/44445, out 0/0",1,0,44445,0,1,0,0.0000,0,0,0,0,0,1,false,false,true
100000002603769100,peripheral,0.0000,0,0.2634,"заглушка: in 3/1185368, out 0/0",3,0,1185368,0,3,0,0.0000,0,0,0,0,0,1,false,false,true
100000005034574100,peripheral,0.0000,0,0.0575,"заглушка: in 1/258816, out 0/0",1,0,258816,0,16,0,0.0000,0,0,0,0,0,1,false,false,true
100000002958286100,peripheral,0.0000,0,0.0571,"заглушка: in 1/257000, out 0/0",1,0,257000,0,1,0,0.0000,0,0,0,0,0,1,false,false,true
100000005634552100,peripheral,0.0000,0,0.0057,"заглушка: in 1/25850, out 3/1196000",1,3,25850,1196000,1,4,46.2669,0,0,0,0,0,1,false,false,false
100000008736760100,peripheral,0.0000,0,0.0122,"заглушка: in 1/54757, out 0/0",1,0,54757,0,1,0,0.0000,0,0,0,0,0,1,false,false,true
100000008701944100,peripheral,0.0000,0,0.0116,"заглушка: in 1/52124, out 0/0",1,0,52124,0,1,0,0.0000,0,0,0,0,0,1,false,false,true
100000008748408100,peripheral,0.0000,0,0.0800,"заглушка: in 1/360000, out 21/1499960",1,21,360000,1499960,2,22,4.1666,0,0,0,0,0,1,false,false,false
100000008486520100,peripheral,0.0000,0,0.0079,"заглушка: in 1/35720, out 1/14000",1,1,35720,14000,2,1,0.3919,0,0,0,0,0,1,false,false,false
100000003163256100,peripheral,0.0000,0,0.0030,"заглушка: in 1/13485, out 1/15000",1,1,13485,15000,1,1,1.1123,0,0,0,0,0,1,false,false,false
100000003102157100,peripheral,0.0000,0,0.0215,"заглушка: in 1/96746, out 0/0",1,0,96746,0,2,0,0.0000,0,0,0,0,0,1,false,false,true
100000004741837100,peripheral,0.0000,0,0.0057,"заглушка: in 1/25596, out 0/0",1,0,25596,0,1,0,0.0000,0,0,0,0,0,1,false,false,true
100000008443341100,peripheral,0.0000,0,0.0077,"заглушка: in 2/34500, out 3/50000",2,3,34500,50000,2,4,1.4493,0,0,0,0,0,1,false,false,false
100000004792397100,peripheral,0.0000,0,0.0163,"заглушка: in 1/73520, out 0/0",1,0,73520,0,1,0,0.0000,0,0,0,0,0,1,false,false,true
100000003809101100,peripheral,0.0000,0,0.0369,"заглушка: in 2/166050, out 2/55200",2,2,166050,55200,3,4,0.3324,0,0,0,0,0,1,false,false,false
100000002838861100,peripheral,0.0000,0,0.1232,"заглушка: in 5/554524, out 1/10000",5,1,554524,10000,5,1,0.0180,0,0,0,0,0,1,false,false,false
100000008560717100,peripheral,0.0000,0,0.1176,"заглушка: in 7/529000, out 1/25000",7,1,529000,25000,9,1,0.0473,0,0,0,0,0,1,false,false,false
100000008693069100,peripheral,0.0000,0,0.0044,"заглушка: in 1/20000, out 0/0",1,0,20000,0,1,0,0.0000,0,0,0,0,0,1,false,false,true
100000008672162100,peripheral,0.0000,0,0.0035,"заглушка: in 1/15550, out 0/0",1,0,15550,0,1,0,0.0000,0,0,0,0,0,1,false,false,true
100000007311010100,peripheral,0.0000,0,0.0143,"заглушка: in 2/64480, out 1/20000",2,1,64480,20000,2,1,0.3102,0,0,0,0,0,1,false,false,false
100000005505655100,peripheral,0.0000,0,0.0073,"заглушка: in 2/33070, out 1/20000",2,1,33070,20000,2,1,0.6048,0,0,0,0,0,1,false,false,false
100000004707703100,peripheral,0.0000,0,0.0532,"заглушка: in 2/239300, out 5/231650",2,5,239300,231650,3,6,0.9680,0,0,0,0,0,1,false,false,false
100000004005964100,peripheral,0.0000,0,0.0218,"заглушка: in 3/97900, out 3/72000",3,3,97900,72000,9,5,0.7354,0,0,0,0,0,1,false,false,false
100000008244300100,peripheral,0.0000,0,0.0145,"заглушка: in 5/65430, out 0/0",5,0,65430,0,6,0,0.0000,0,0,0,0,0,1,false,false,true
100000002692044100,peripheral,0.0000,0,0.0216,"заглушка: in 1/97000, out 0/0",1,0,97000,0,1,0,0.0000,0,0,0,0,0,1,false,false,true
100000001103905100,peripheral,0.0000,0,0.0040,"заглушка: in 1/18000, out 0/0",1,0,18000,0,1,0,0.0000,0,0,0,0,0,1,false,false,true
100000008755361100,peripheral,0.0000,0,0.0033,"заглушка: in 1/14627, out 0/0",1,0,14627,0,1,0,0.0000,0,0,0,0,0,1,false,false,true
100000002810870100,peripheral,0.0000,0,0.0075,"заглушка: in 1/33677, out 0/0",1,0,33677,0,1,0,0.0000,0,0,0,0,0,1,false,false,true
100000005897462100,peripheral,0.0000,0,0.0219,"заглушка: in 1/98400, out 0/0",1,0,98400,0,1,0,0.0000,0,0,0,0,0,1,false,false,true
100000000941942100,peripheral,0.0000,0,0.0289,"заглушка: in 1/130000, out 0/0",1,0,130000,0,1,0,0.0000,0,0,0,0,0,1,false,false,true
100000008723830100,peripheral,0.0000,0,0.1022,"заглушка: in 2/459785, out 1/455000",2,1,459785,455000,2,1,0.9896,0,0,0,0,0,1,false,false,false
100000008776576100,peripheral,0.0000,0,0.0033,"заглушка: in 1/14765, out 0/0",1,0,14765,0,1,0,0.0000,0,0,0,0,0,1,false,false,true
100000005432267100,peripheral,0.0000,0,0.0778,"заглушка: in 2/350001, out 0/0",2,0,350001,0,2,0,0.0000,0,0,0,0,0,1,false,false,true
100000006745291100,peripheral,0.0000,0,0.0183,"заглушка: in 1/82534, out 0/0",1,0,82534,0,1,0,0.0000,0,0,0,0,0,1,false,false,true
100000008670667100,peripheral,0.0000,0,0.0035,"заглушка: in 1/15534, out 0/0",1,0,15534,0,1,0,0.0000,0,0,0,0,0,1,false,false,true
100000002480800100,peripheral,0.0000,0,0.1265,"заглушка: in 2/569251, out 0/0",2,0,569251,0,2,0,0.0000,0,0,0,0,0,1,false,false,true
100000002182176100,peripheral,0.0000,0,0.0094,"заглушка: in 1/42465, out 0/0",1,0,42465,0,1,0,0.0000,0,0,0,0,0,1,false,false,true
100000008219168100,peripheral,0.0000,0,0.0118,"заглушка: in 1/53200, out 0/0",1,0,53200,0,2,0,0.0000,0,0,0,0,0,1,false,false,true
100000004226848100,peripheral,0.0000,0,0.0671,"заглушка: in 1/301866, out 0/0",1,0,301866,0,1,0,0.0000,0,0,0,0,0,1,false,false,true
100000006326645100,peripheral,0.0000,0,0.0056,"заглушка: in 1/25264, out 0/0",1,0,25264,0,1,0,0.0000,0,0,0,0,0,1,false,false,true
100000003589877100,peripheral,0.0000,0,0.0391,"заглушка: in 2/176000, out 6/416129",2,6,176000,416129,2,6,2.3644,0,0,0,0,0,1,false,false,false
100000003942602100,peripheral,0.0000,0,0.0067,"заглушка: in 1/30000, out 1/30000",1,1,30000,30000,1,1,1.0000,0,0,0,0,0,1,false,false,false
100000000922570100,peripheral,0.0000,0,0.0105,"заглушка: in 1/47101, out 1/50000",1,1,47101,50000,1,1,1.0615,0,0,0,0,0,1,false,false,false
100000005079754100,peripheral,0.0000,0,0.0156,"заглушка: in 1/70000, out 2/122000",1,2,70000,122000,1,2,1.7429,0,0,0,0,0,1,false,false,false
100000003187359100,peripheral,0.0000,0,0.0042,"заглушка: in 1/19072, out 0/0",1,0,19072,0,1,0,0.0000,0,0,0,0,0,1,false,false,true
100000000998559100,peripheral,0.0000,0,0.0222,"заглушка: in 1/100000, out 0/0",1,0,100000,0,1,0,0.0000,0,0,0,0,0,1,false,false,true
100000008690932100,peripheral,0.0000,0,0.0051,"заглушка: in 1/23000, out 0/0",1,0,23000,0,1,0,0.0000,0,0,0,0,0,1,false,false,true
100000008773876100,peripheral,0.0000,0,0.0058,"заглушка: in 1/26120, out 0/0",1,0,26120,0,1,0,0.0000,0,0,0,0,0,1,false,false,true
100000006789108100,peripheral,0.0000,0,0.0083,"заглушка: in 1/37500, out 0/0",1,0,37500,0,1,0,0.0000,0,0,0,0,0,1,false,false,true
100000004058740100,peripheral,0.0000,0,0.0067,"заглушка: in 1/30000, out 0/0",1,0,30000,0,1,0,0.0000,0,0,0,0,0,1,false,false,true
100000007641801100,peripheral,0.0000,0,0.0444,"заглушка: in 1/200000, out 0/0",1,0,200000,0,1,0,0.0000,0,0,0,0,0,1,false,false,true
100000000555721100,peripheral,0.0000,0,0.0251,"заглушка: in 2/113000, out 0/0",2,0,113000,0,3,0,0.0000,0,0,0,0,0,1,false,false,true
100000008729801100,peripheral,0.0000,0,0.0039,"заглушка: in 1/17534, out 0/0",1,0,17534,0,1,0,0.0000,0,0,0,0,0,1,false,false,true
100000004664905100,peripheral,0.0000,0,0.0731,"заглушка: in 2/329020, out 0/0",2,0,329020,0,4,0,0.0000,0,0,0,0,0,1,false,false,true
100000003057225100,peripheral,0.0000,0,0.0524,"заглушка: in 1/236000, out 0/0",1,0,236000,0,1,0,0.0000,0,0,0,0,0,1,false,false,true
100000000703902100,peripheral,0.0000,0,0.0057,"заглушка: in 1/25499, out 0/0",1,0,25499,0,1,0,0.0000,0,0,0,0,0,1,false,false,true
100000008720798100,peripheral,0.0000,0,0.0035,"заглушка: in 1/15534, out 0/0",1,0,15534,0,1,0,0.0000,0,0,0,0,0,1,false,false,true
100000001411870100,peripheral,0.0000,0,0.2000,"заглушка: in 2/900000, out 0/0",2,0,900000,0,4,0,0.0000,0,0,0,0,0,1,false,false,true
100000008556318100,peripheral,0.0000,0,0.0400,"заглушка: in 2/180132, out 0/0",2,0,180132,0,2,0,0.0000,0,0,0,0,0,1,false,false,true
100000002720627100,peripheral,0.0000,0,0.0443,"заглушка: in 1/199300, out 0/0",1,0,199300,0,1,0,0.0000,0,0,0,0,0,1,false,false,true
100000003022835100,peripheral,0.0000,0,0.0278,"заглушка: in 1/125000, out 0/0",1,0,125000,0,1,0,0.0000,0,0,0,0,0,1,false,false,true
100000008304115100,peripheral,0.0000,0,0.0113,"заглушка: in 1/51000, out 0/0",1,0,51000,0,1,0,0.0000,0,0,0,0,0,1,false,false,true
100000003886323100,peripheral,0.0000,0,0.0174,"заглушка: in 2/78168, out 1/7650",2,1,78168,7650,6,1,0.0979,0,0,0,0,0,1,false,false,false
100000000607731100,peripheral,0.0000,0,0.0044,"заглушка: in 1/20000, out 1/66666",1,1,20000,66666,1,1,3.3333,0,0,0,0,0,1,false,false,false
100000005961971100,peripheral,0.0000,0,0.0105,"заглушка: in 1/47353, out 0/0",1,0,47353,0,1,0,0.0000,0,0,0,0,0,1,false,false,true
100000000440392100,peripheral,0.0000,0,0.0235,"заглушка: in 1/105705, out 0/0",1,0,105705,0,4,0,0.0000,0,0,0,0,0,1,false,false,true
100000004105288100,peripheral,0.0000,0,0.0478,"заглушка: in 2/215000, out 0/0",2,0,215000,0,2,0,0.0000,0,0,0,0,0,1,false,false,true
100000008169544100,peripheral,0.0000,0,0.0305,"заглушка: in 1/137104, out 4/42800",1,4,137104,42800,2,7,0.3122,0,0,0,0,0,1,false,false,false
100000004186824100,peripheral,0.0000,0,0.1004,"заглушка: in 2/451700, out 1/7000",2,1,451700,7000,7,1,0.0155,0,0,0,0,0,1,false,false,false
100000008672200100,peripheral,0.0000,0,0.0019,"заглушка: in 1/8511, out 0/0",1,0,8511,0,1,0,0.0000,0,0,0,0,0,1,false,false,true
100000002188829100,peripheral,0.0000,0,0.0889,"заглушка: in 1/400000, out 0/0",1,0,400000,0,1,0,0.0000,0,0,0,0,0,1,false,false,true
100000008717341100,peripheral,0.0000,0,0.0033,"заглушка: in 1/14627, out 0/0",1,0,14627,0,1,0,0.0000,0,0,0,0,0,1,false,false,true
100000002214301100,peripheral,0.0000,0,0.0048,"заглушка: in 1/21438, out 1/8000",1,1,21438,8000,1,1,0.3732,0,0,0,0,0,1,false,false,false
100000002565277100,peripheral,0.0000,0,0.1074,"заглушка: in 1/483319, out 0/0",1,0,483319,0,1,0,0.0000,0,0,0,0,0,1,false,false,true
100000005546031100,peripheral,0.0000,0,0.0148,"заглушка: in 3/66800, out 1/8000",3,1,66800,8000,6,1,0.1198,0,0,0,0,0,1,false,false,false
100000003449074100,peripheral,0.0000,0,0.0022,"заглушка: in 1/10000, out 0/0",1,0,10000,0,1,0,0.0000,0,0,0,0,0,1,false,false,true
100000008748914100,peripheral,0.0000,0,0.0400,"заглушка: in 2/180000, out 13/4471847",2,13,180000,4471847,9,21,24.8436,0,0,0,0,0,1,false,false,false
100000004744306100,peripheral,0.0000,0,0.0153,"заглушка: in 1/69000, out 2/92000",1,2,69000,92000,1,3,1.3333,0,0,0,0,0,1,false,false,false
100000003158727100,peripheral,0.0000,0,0.0818,"заглушка: in 3/367940, out 0/0",3,0,367940,0,3,0,0.0000,0,0,0,0,0,1,false,false,true
100000001389255100,peripheral,0.0000,0,0.0036,"заглушка: in 1/16136, out 0/0",1,0,16136,0,1,0,0.0000,0,0,0,0,0,1,false,false,true
100000008695495100,peripheral,0.0000,0,0.0047,"заглушка: in 1/21000, out 0/0",1,0,21000,0,1,0,0.0000,0,0,0,0,0,1,false,false,true
100000004015047100,peripheral,0.0000,0,0.2042,"заглушка: in 9/919104, out 1/69195",9,1,919104,69195,18,7,0.0753,0,0,0,0,0,1,false,false,false
100000005183943100,peripheral,0.0000,0,0.1513,"заглушка: in 1/680900, out 0/0",1,0,680900,0,9,0,0.0000,0,0,0,0,0,1,false,false,true
100000003004487100,peripheral,0.0000,0,0.0408,"заглушка: in 4/183703, out 2/265015",4,2,183703,265015,9,3,1.4426,0,0,0,0,0,1,false,false,false
100000003042994100,peripheral,0.0000,0,0.0636,"заглушка: in 1/286086, out 0/0",1,0,286086,0,3,0,0.0000,0,0,0,0,0,1,false,false,true
100000001899164100,peripheral,0.0000,0,0.0648,"заглушка: in 4/291675, out 3/76500",4,3,291675,76500,5,3,0.2623,0,0,0,0,0,1,false,false,false
100000003946524100,peripheral,0.0000,0,0.0297,"заглушка: in 2/133757, out 2/144750",2,2,133757,144750,2,2,1.0822,0,0,0,0,0,1,false,false,false
100000008717340100,peripheral,0.0000,0,0.0092,"заглушка: in 1/41500, out 0/0",1,0,41500,0,1,0,0.0000,0,0,0,0,0,1,false,false,true
100000003831324100,peripheral,0.0000,0,0.0667,"заглушка: in 2/300000, out 0/0",2,0,300000,0,2,0,0.0000,0,0,0,0,0,1,false,false,true
100000008129393100,peripheral,0.0000,0,0.0022,"заглушка: in 1/10000, out 0/0",1,0,10000,0,1,0,0.0000,0,0,0,0,0,1,false,false,true
100000004388209100,peripheral,0.0000,0,0.0026,"заглушка: in 1/11800, out 0/0",1,0,11800,0,1,0,0.0000,0,0,0,0,0,1,false,false,true
100000000706545100,peripheral,0.0000,0,0.2378,"заглушка: in 3/1070300, out 1/75800",3,1,1070300,75800,8,3,0.0708,0,0,0,0,0,1,false,false,false
100000004497606100,peripheral,0.0000,0,0.0035,"заглушка: in 1/15534, out 0/0",1,0,15534,0,1,0,0.0000,0,0,0,0,0,1,false,false,true
100000008470470100,peripheral,0.0000,0,0.0075,"заглушка: in 1/33547, out 0/0",1,0,33547,0,1,0,0.0000,0,0,0,0,0,1,false,false,true
100000004318918100,peripheral,0.0000,0,0.0168,"заглушка: in 1/75600, out 0/0",1,0,75600,0,1,0,0.0000,0,0,0,0,0,1,false,false,true
100000005228059100,peripheral,0.0000,0,0.0058,"заглушка: in 1/26000, out 0/0",1,0,26000,0,1,0,0.0000,0,0,0,0,0,1,false,false,true
100000001609499100,peripheral,0.0000,0,0.0585,"заглушка: in 3/263113, out 2/21000",3,2,263113,21000,3,2,0.0798,0,0,0,0,0,1,false,false,false
100000002824176100,peripheral,0.0000,0,0.0320,"заглушка: in 1/144000, out 0/0",1,0,144000,0,1,0,0.0000,0,0,0,0,0,1,false,false,true
100000001363952100,peripheral,0.0000,0,0.0437,"заглушка: in 2/196655, out 1/91000",2,1,196655,91000,2,2,0.4627,0,0,0,0,0,1,false,false,false
100000001049200100,peripheral,0.0000,0,0.0170,"заглушка: in 2/76624, out 4/36000",2,4,76624,36000,2,5,0.4698,0,0,0,0,0,1,false,false,false
100000002662768100,peripheral,0.0000,0,0.0187,"заглушка: in 1/84300, out 0/0",1,0,84300,0,1,0,0.0000,0,0,0,0,0,1,false,false,true
100000004737477100,peripheral,0.0000,0,0.0110,"заглушка: in 2/49598, out 1/40500",2,1,49598,40500,3,3,0.8166,0,0,0,0,0,1,false,false,false
100000008680451100,peripheral,0.0000,0,0.0052,"заглушка: in 1/23534, out 0/0",1,0,23534,0,1,0,0.0000,0,0,0,0,0,1,false,false,true
100000001952325100,peripheral,0.0000,0,0.0173,"заглушка: in 1/77888, out 0/0",1,0,77888,0,2,0,0.0000,0,0,0,0,0,1,false,false,true
100000008751429100,peripheral,0.0000,0,0.0858,"заглушка: in 3/386200, out 1/72600",3,1,386200,72600,6,2,0.1880,0,0,0,0,0,1,false,false,false
100000001960517100,peripheral,0.0000,0,0.0444,"заглушка: in 1/200000, out 0/0",1,0,200000,0,1,0,0.0000,0,0,0,0,0,1,false,false,true
100000008686234100,peripheral,0.0000,0,0.0088,"заглушка: in 1/39778, out 0/0",1,0,39778,0,1,0,0.0000,0,0,0,0,0,1,false,false,true
100000004213658100,peripheral,0.0000,0,0.0056,"заглушка: in 1/25347, out 0/0",1,0,25347,0,1,0,0.0000,0,0,0,0,0,1,false,false,true
100000001194266100,peripheral,0.0000,0,0.0111,"заглушка: in 1/50000, out 0/0",1,0,50000,0,1,0,0.0000,0,0,0,0,0,1,false,false,true
100000002243354100,peripheral,0.0000,0,0.0046,"заглушка: in 1/20879, out 0/0",1,0,20879,0,1,0,0.0000,0,0,0,0,0,1,false,false,true
100000006069103100,peripheral,0.0000,0,0.0508,"заглушка: in 3/228818, out 3/270000",3,3,228818,270000,3,4,1.1800,0,0,0,0,0,1,false,false,false
100000002760175100,peripheral,0.0000,0,0.0416,"заглушка: in 1/187410, out 0/0",1,0,187410,0,1,0,0.0000,0,0,0,0,0,1,false,false,true
100000003567087100,peripheral,0.0000,0,0.0138,"заглушка: in 1/62115, out 0/0",1,0,62115,0,1,0,0.0000,0,0,0,0,0,1,false,false,true
100000008229700100,peripheral,0.0000,0,0.0052,"заглушка: in 1/23500, out 1/7200",1,1,23500,7200,1,1,0.3064,0,0,0,0,0,1,false,false,false
100000004076740100,peripheral,0.0000,0,0.0207,"заглушка: in 3/93250, out 6/125000",3,6,93250,125000,5,10,1.3405,0,0,0,0,0,1,false,false,false
100000003284932100,peripheral,0.0000,0,0.0155,"заглушка: in 1/69925, out 0/0",1,0,69925,0,1,0,0.0000,0,0,0,0,0,1,false,false,true
100000008071620100,peripheral,0.0000,0,0.0104,"заглушка: in 1/46968, out 0/0",1,0,46968,0,1,0,0.0000,0,0,0,0,0,1,false,false,true
100000003235780100,peripheral,0.0000,0,0.0144,"заглушка: in 2/65000, out 0/0",2,0,65000,0,2,0,0.0000,0,0,0,0,0,1,false,false,true
100000005363908100,peripheral,0.0000,0,0.0043,"заглушка: in 1/19500, out 1/19500",1,1,19500,19500,1,1,1.0000,0,0,0,0,0,1,false,false,false
100000001851289100,peripheral,0.0000,0,0.0243,"заглушка: in 1/109510, out 0/0",1,0,109510,0,3,0,0.0000,0,0,0,0,0,1,false,false,true
100000002870937100,peripheral,0.0000,0,0.0186,"заглушка: in 1/83700, out 0/0",1,0,83700,0,1,0,0.0000,0,0,0,0,0,1,false,false,true
100000002152857100,peripheral,0.0000,0,0.0233,"заглушка: in 1/105000, out 5/1230000",1,5,105000,1230000,1,6,11.7143,0,0,0,0,0,1,false,false,false
100000002600345100,peripheral,0.0000,0,0.0116,"заглушка: in 2/52400, out 0/0",2,0,52400,0,2,0,0.0000,0,0,0,0,0,1,false,false,true
100000002580377100,peripheral,0.0000,0,0.0084,"заглушка: in 1/37750, out 1/5000",1,1,37750,5000,2,1,0.1325,0,0,0,0,0,1,false,false,false
100000004094958100,peripheral,0.0000,0,0.0087,"заглушка: in 1/39000, out 1/40000",1,1,39000,40000,1,1,1.0256,0,0,0,0,0,1,false,false,false
100000002609774100,peripheral,0.0000,0,0.0017,"заглушка: in 1/7700, out 1/27500",1,1,7700,27500,1,1,3.5714,0,0,0,0,0,1,false,false,false
100000002596035100,peripheral,0.0000,0,0.0515,"заглушка: in 1/231570, out 0/0",1,0,231570,0,1,0,0.0000,0,0,0,0,0,1,false,false,true
100000004664515100,peripheral,0.0000,0,0.0084,"заглушка: in 1/37691, out 0/0",1,0,37691,0,1,0,0.0000,0,0,0,0,0,1,false,false,true
100000000661912100,peripheral,0.0000,0,0.0873,"заглушка: in 5/393036, out 2/430700",5,2,393036,430700,9,8,1.0958,0,0,0,0,0,1,false,false,false
100000004144536100,peripheral,0.0000,0,0.0373,"заглушка: in 4/168000, out 0/0",4,0,168000,0,6,0,0.0000,0,0,0,0,0,1,false,false,true
100000006177176100,peripheral,0.0000,0,0.0020,"заглушка: in 1/8911, out 0/0",1,0,8911,0,1,0,0.0000,0,0,0,0,0,1,false,false,true
100000002158488100,peripheral,0.0000,0,0.0070,"заглушка: in 1/31723, out 0/0",1,0,31723,0,1,0,0.0000,0,0,0,0,0,1,false,false,true
100000000041368100,peripheral,0.0000,0,0.0356,"заглушка: in 1/160000, out 0/0",1,0,160000,0,1,0,0.0000,0,0,0,0,0,1,false,false,true
100000008722328100,peripheral,0.0000,0,0.0053,"заглушка: in 1/23677, out 0/0",1,0,23677,0,1,0,0.0000,0,0,0,0,0,1,false,false,true
100000008735384100,peripheral,0.0000,0,0.0087,"заглушка: in 1/39220, out 0/0",1,0,39220,0,1,0,0.0000,0,0,0,0,0,1,false,false,true
100000004480280100,peripheral,0.0000,0,0.0326,"заглушка: in 1/146694, out 2/295850",1,2,146694,295850,1,7,2.0168,0,0,0,0,0,1,false,false,false
100000004286573100,peripheral,0.0000,0,0.0037,"заглушка: in 1/16590, out 0/0",1,0,16590,0,1,0,0.0000,0,0,0,0,0,1,false,false,true
100000001746925100,peripheral,0.0000,0,0.0145,"заглушка: in 1/65250, out 1/5000",1,1,65250,5000,1,1,0.0766,0,0,0,0,0,1,false,false,false
100000001660397100,peripheral,0.0000,0,0.0108,"заглушка: in 2/48600, out 3/49000",2,3,48600,49000,2,4,1.0082,0,0,0,0,0,1,false,false,false
100000002591469100,peripheral,0.0000,0,0.0524,"заглушка: in 1/235670, out 0/0",1,0,235670,0,1,0,0.0000,0,0,0,0,0,1,false,false,true
100000002731501100,peripheral,0.0000,0,0.1267,"заглушка: in 3/570370, out 7/833960",3,7,570370,833960,7,20,1.4621,0,0,0,0,0,1,false,false,false
100000000089154100,peripheral,0.0000,0,0.0022,"заглушка: in 1/10000, out 15/425500",1,15,10000,425500,1,21,42.5500,0,0,0,0,0,1,false,false,false
100000008732098100,peripheral,0.0000,0,0.0035,"заглушка: in 1/15677, out 0/0",1,0,15677,0,1,0,0.0000,0,0,0,0,0,1,false,false,true
100000005456919100,peripheral,0.0000,0,0.1067,"заглушка: in 2/479950, out 1/5000",2,1,479950,5000,10,1,0.0104,0,0,0,0,0,1,false,false,false
100000000507799100,peripheral,0.0000,0,0.0011,"заглушка: in 1/5132, out 1/8000",1,1,5132,8000,1,1,1.5588,0,0,0,0,0,1,false,false,false
100000008716439100,peripheral,0.0000,0,0.0027,"заглушка: in 1/12267, out 0/0",1,0,12267,0,1,0,0.0000,0,0,0,0,0,1,false,false,true
100000002981527100,peripheral,0.0000,0,0.0373,"заглушка: in 1/168000, out 0/0",1,0,168000,0,1,0,0.0000,0,0,0,0,0,1,false,false,true
100000002844652100,peripheral,0.0000,0,0.0136,"заглушка: in 1/61360, out 0/0",1,0,61360,0,1,0,0.0000,0,0,0,0,0,1,false,false,true
100000002605548100,peripheral,0.0000,0,0.0259,"заглушка: in 2/116695, out 0/0",2,0,116695,0,2,0,0.0000,0,0,0,0,0,1,false,false,true
100000002750956100,peripheral,0.0000,0,0.0105,"заглушка: in 1/47416, out 0/0",1,0,47416,0,1,0,0.0000,0,0,0,0,0,1,false,false,true
100000002982252100,peripheral,0.0000,0,0.0045,"заглушка: in 1/20320, out 0/0",1,0,20320,0,1,0,0.0000,0,0,0,0,0,1,false,false,true
100000000961900100,peripheral,0.0000,0,0.0080,"заглушка: in 2/36000, out 0/0",2,0,36000,0,3,0,0.0000,0,0,0,0,0,1,false,false,true
100000007175718100,peripheral,0.0000,0,0.0044,"заглушка: in 1/20000, out 0/0",1,0,20000,0,1,0,0.0000,0,0,0,0,0,1,false,false,true
100000002306369100,peripheral,0.0000,0,0.0163,"заглушка: in 1/73166, out 6/260900",1,6,73166,260900,1,9,3.5659,0,0,0,0,0,1,false,false,false
100000000667713100,peripheral,0.0000,0,0.0266,"заглушка: in 2/119495, out 6/79236",2,6,119495,79236,10,7,0.6631,0,0,0,0,0,1,false,false,false
100000001072022100,peripheral,0.0000,0,0.3742,"заглушка: in 3/1684000, out 0/0",3,0,1684000,0,6,0,0.0000,0,0,0,0,0,1,false,false,true
100000008116374100,peripheral,0.0000,0,0.0070,"заглушка: in 1/31284, out 0/0",1,0,31284,0,1,0,0.0000,0,0,0,0,0,1,false,false,true
100000000703894100,peripheral,0.0000,0,0.0267,"заглушка: in 1/120000, out 1/35000",1,1,120000,35000,1,1,0.2917,0,0,0,0,0,1,false,false,false
100000008066326100,peripheral,0.0000,0,0.0043,"заглушка: in 1/19320, out 0/0",1,0,19320,0,1,0,0.0000,0,0,0,0,0,1,false,false,true
100000004662806100,peripheral,0.0000,0,0.0237,"заглушка: in 2/106585, out 2/59900",2,2,106585,59900,2,3,0.5620,0,0,0,0,0,1,false,false,false
100000005778283100,peripheral,0.0000,0,0.1368,"заглушка: in 3/615760, out 0/0",3,0,615760,0,3,0,0.0000,0,0,0,0,0,1,false,false,true
100000004408683100,peripheral,0.0000,0,0.0251,"заглушка: in 2/112920, out 0/0",2,0,112920,0,3,0,0.0000,0,0,0,0,0,1,false,false,true
100000002704875100,peripheral,0.0000,0,0.0544,"заглушка: in 3/244891, out 0/0",3,0,244891,0,4,0,0.0000,0,0,0,0,0,1,false,false,true
100000008349675100,peripheral,0.0000,0,0.0103,"заглушка: in 1/46520, out 1/36650",1,1,46520,36650,1,2,0.7878,0,0,0,0,0,1,false,false,false
100000006889963100,peripheral,0.0000,0,0.3180,"заглушка: in 4/1431000, out 1/443476",4,1,1431000,443476,6,3,0.3099,0,0,0,0,0,1,false,false,false
100000008771819100,peripheral,0.0000,0,0.0086,"заглушка: in 1/38900, out 0/0",1,0,38900,0,1,0,0.0000,0,0,0,0,0,1,false,false,true
100000008586731100,peripheral,0.0000,0,0.0027,"заглушка: in 1/12000, out 0/0",1,0,12000,0,1,0,0.0000,0,0,0,0,0,1,false,false,true
100000005844459100,peripheral,0.0000,0,0.0541,"заглушка: in 2/243400, out 0/0",2,0,243400,0,2,0,0.0000,0,0,0,0,0,1,false,false,true
100000008172352100,peripheral,0.0000,0,0.0201,"заглушка: in 3/90265, out 7/289510",3,7,90265,289510,3,8,3.2073,0,0,0,0,0,1,false,false,false
100000001162560100,peripheral,0.0000,0,0.0736,"заглушка: in 1/331300, out 12/2904398",1,12,331300,2904398,2,14,8.7667,0,0,0,0,0,1,false,false,false
100000008779584100,peripheral,0.0000,0,0.0070,"заглушка: in 1/31400, out 0/0",1,0,31400,0,1,0,0.0000,0,0,0,0,0,1,false,false,true
100000007631637100,peripheral,0.0000,0,0.0034,"заглушка: in 1/15341, out 0/0",1,0,15341,0,1,0,0.0000,0,0,0,0,0,1,false,false,true
100000007347733100,peripheral,0.0000,0,0.0051,"заглушка: in 1/23007, out 0/0",1,0,23007,0,1,0,0.0000,0,0,0,0,0,1,false,false,true
100000001463701100,peripheral,0.0000,0,0.1380,"заглушка: in 2/621000, out 0/0",2,0,621000,0,2,0,0.0000,0,0,0,0,0,1,false,false,true
100000008664469100,peripheral,0.0000,0,0.0056,"заглушка: in 1/25000, out 0/0",1,0,25000,0,1,0,0.0000,0,0,0,0,0,1,false,false,true
100000003923946100,peripheral,0.0000,0,0.0627,"заглушка: in 1/282000, out 4/675000",1,4,282000,675000,3,4,2.3936,0,0,0,0,0,1,false,false,false
100000006562026100,peripheral,0.0000,0,0.0167,"заглушка: in 2/75000, out 0/0",2,0,75000,0,6,0,0.0000,0,0,0,0,0,1,false,false,true
100000008776298100,peripheral,0.0000,0,0.0095,"заглушка: in 1/42800, out 0/0",1,0,42800,0,1,0,0.0000,0,0,0,0,0,1,false,false,true
100000006446271100,peripheral,0.0000,0,0.0178,"заглушка: in 2/80000, out 0/0",2,0,80000,0,2,0,0.0000,0,0,0,0,0,1,false,false,true
100000004588479100,peripheral,0.0000,0,0.0395,"заглушка: in 1/177633, out 0/0",1,0,177633,0,2,0,0.0000,0,0,0,0,0,1,false,false,true
100000002324543100,peripheral,0.0000,0,0.0067,"заглушка: in 1/30202, out 0/0",1,0,30202,0,1,0,0.0000,0,0,0,0,0,1,false,false,true
100000007129492100,peripheral,0.0000,0,0.0113,"заглушка: in 2/50990, out 1/37000",2,1,50990,37000,2,1,0.7256,0,0,0,0,0,1,false,false,false
100000003877908100,peripheral,0.0000,0,0.0089,"заглушка: in 1/40000, out 0/0",1,0,40000,0,1,0,0.0000,0,0,0,0,0,1,false,false,true
100000002748180100,peripheral,0.0000,0,0.0022,"заглушка: in 1/9900, out 8/679743",1,8,9900,679743,1,9,68.6609,0,0,0,0,0,1,false,false,false
100000000945428100,peripheral,0.0000,0,0.0199,"заглушка: in 1/89629, out 0/0",1,0,89629,0,1,0,0.0000,0,0,0,0,0,1,false,false,true
100000003115284100,peripheral,0.0000,0,0.4801,"заглушка: in 8/2160500, out 2/517000",8,2,2160500,517000,15,4,0.2393,0,0,0,0,0,1,false,false,false
100000005394708100,peripheral,0.0000,0,0.0058,"заглушка: in 1/26000, out 1/65000",1,1,26000,65000,1,1,2.5000,0,0,0,0,0,1,false,false,false
100000008747113100,peripheral,0.0000,0,0.0440,"заглушка: in 2/197801, out 0/0",2,0,197801,0,2,0,0.0000,0,0,0,0,0,1,false,false,true
100000004491881100,peripheral,0.0000,0,0.0038,"заглушка: in 1/17144, out 0/0",1,0,17144,0,1,0,0.0000,0,0,0,0,0,1,false,false,true
100000006008169100,peripheral,0.0000,0,0.0156,"заглушка: in 1/70000, out 0/0",1,0,70000,0,1,0,0.0000,0,0,0,0,0,1,false,false,true
100000002681449100,peripheral,0.0000,0,0.0210,"заглушка: in 2/94638, out 2/133000",2,2,94638,133000,2,2,1.4054,0,0,0,0,0,1,false,false,false
100000002645609100,peripheral,0.0000,0,0.1215,"заглушка: in 4/546821, out 0/0",4,0,546821,0,5,0,0.0000,0,0,0,0,0,1,false,false,true
100000006369769100,peripheral,0.0000,0,0.0089,"заглушка: in 1/40000, out 0/0",1,0,40000,0,1,0,0.0000,0,0,0,0,0,1,false,false,true
100000002173161100,peripheral,0.0000,0,0.3172,"заглушка: in 3/1427500, out 0/0",3,0,1427500,0,5,0,0.0000,0,0,0,0,0,1,false,false,true
100000008686313100,peripheral,0.0000,0,0.4250,"заглушка: in 6/1912716, out 7/333800",6,7,1912716,333800,16,13,0.1745,0,0,0,0,0,1,false,false,false
100000004692798100,peripheral,0.0000,0,0.0534,"заглушка: in 2/240305, out 1/15000",2,1,240305,15000,4,2,0.0624,0,0,0,0,0,1,false,false,false
100000002939838100,peripheral,0.0000,0,0.1269,"заглушка: in 3/571233, out 0/0",3,0,571233,0,3,0,0.0000,0,0,0,0,0,1,false,false,true
100000003119550100,peripheral,0.0000,0,0.0047,"заглушка: in 1/21000, out 0/0",1,0,21000,0,1,0,0.0000,0,0,0,0,0,1,false,false,true
100000004315838100,peripheral,0.0000,0,0.0111,"заглушка: in 2/50000, out 1/18000",2,1,50000,18000,2,1,0.3600,0,0,0,0,0,1,false,false,false
100000002671806100,peripheral,0.0000,0,0.0028,"заглушка: in 1/12440, out 0/0",1,0,12440,0,1,0,0.0000,0,0,0,0,0,1,false,false,true
100000008716222100,peripheral,0.0000,0,0.0040,"заглушка: in 1/18000, out 0/0",1,0,18000,0,1,0,0.0000,0,0,0,0,0,1,false,false,true
100000005496254100,peripheral,0.0000,0,0.0028,"заглушка: in 1/12700, out 0/0",1,0,12700,0,1,0,0.0000,0,0,0,0,0,1,false,false,true
100000004622227100,peripheral,0.0000,0,0.0055,"заглушка: in 1/24931, out 3/19000",1,3,24931,19000,1,3,0.7621,0,0,0,0,0,1,false,false,false
100000000274067100,peripheral,0.0000,0,0.1150,"заглушка: in 2/517704, out 3/2969000",2,3,517704,2969000,9,9,5.7349,0,0,0,0,0,1,false,false,false
100000008782056100,peripheral,0.0000,0,0.0065,"заглушка: in 1/29082, out 0/0",1,0,29082,0,1,0,0.0000,0,0,0,0,0,1,false,false,true
100000006788200100,peripheral,0.0000,0,0.0605,"заглушка: in 4/272156, out 3/64500",4,3,272156,64500,4,4,0.2370,0,0,0,0,0,1,false,false,false
100000001164648100,peripheral,0.0000,0,0.0030,"заглушка: in 2/13660, out 0/0",2,0,13660,0,2,0,0.0000,0,0,0,0,0,1,false,false,true
100000005133757100,peripheral,0.0000,0,0.0144,"заглушка: in 2/65000, out 0/0",2,0,65000,0,2,0,0.0000,0,0,0,0,0,1,false,false,true
100000006445501100,peripheral,0.0000,0,0.0202,"заглушка: in 1/91000, out 0/0",1,0,91000,0,1,0,0.0000,0,0,0,0,0,1,false,false,true
100000004390333100,peripheral,0.0000,0,0.0143,"заглушка: in 2/64558, out 9/506500",2,9,64558,506500,2,14,7.8457,0,0,0,0,0,1,false,false,false
100000001641789100,peripheral,0.0000,0,0.0040,"заглушка: in 1/17826, out 0/0",1,0,17826,0,1,0,0.0000,0,0,0,0,0,1,false,false,true
100000000968253100,peripheral,0.0000,0,0.0033,"заглушка: in 1/15000, out 0/0",1,0,15000,0,1,0,0.0000,0,0,0,0,0,1,false,false,true
100000001527186100,peripheral,0.0000,0,0.1507,"заглушка: in 1/678000, out 0/0",1,0,678000,0,2,0,0.0000,0,0,0,0,0,1,false,false,true
100000005852946100,peripheral,0.0000,0,0.0053,"заглушка: in 1/23746, out 0/0",1,0,23746,0,1,0,0.0000,0,0,0,0,0,1,false,false,true
100000001530983100,peripheral,0.0000,0,0.1254,"заглушка: in 4/564158, out 11/1829538",4,11,564158,1829538,4,17,3.2430,0,0,0,0,0,1,false,false,false
100000008221543100,peripheral,0.0000,0,0.1204,"заглушка: in 2/542000, out 0/0",2,0,542000,0,2,0,0.0000,0,0,0,0,0,1,false,false,true
100000001937767100,peripheral,0.0000,0,0.0118,"заглушка: in 1/53000, out 4/1933000",1,4,53000,1933000,1,6,36.4717,0,0,0,0,0,1,false,false,false
100000002462183100,peripheral,0.0000,0,0.0239,"заглушка: in 1/107500, out 0/0",1,0,107500,0,3,0,0.0000,0,0,0,0,0,1,false,false,true
100000001805543100,peripheral,0.0000,0,0.0131,"заглушка: in 1/59000, out 0/0",1,0,59000,0,1,0,0.0000,0,0,0,0,0,1,false,false,true
100000002606567100,peripheral,0.0000,0,0.0031,"заглушка: in 1/14095, out 1/53000",1,1,14095,53000,1,1,3.7602,0,0,0,0,0,1,false,false,false
100000007281639100,peripheral,0.0000,0,0.0482,"заглушка: in 2/216770, out 0/0",2,0,216770,0,4,0,0.0000,0,0,0,0,0,1,false,false,true
100000002991079100,peripheral,0.0000,0,0.0331,"заглушка: in 2/148900, out 1/11000",2,1,148900,11000,3,1,0.0739,0,0,0,0,0,1,false,false,false
100000002847207100,peripheral,0.0000,0,0.0103,"заглушка: in 1/46243, out 0/0",1,0,46243,0,1,0,0.0000,0,0,0,0,0,1,false,false,true
100000000011452100,peripheral,0.0000,0,0.0244,"заглушка: in 3/110000, out 1/16685",3,1,110000,16685,7,2,0.1517,0,0,0,0,0,1,false,false,false
100000003148220100,peripheral,0.0000,0,0.0013,"заглушка: in 1/5650, out 2/43400",1,2,5650,43400,1,4,7.6814,0,0,0,0,0,1,false,false,false
100000002479804100,peripheral,0.0000,0,0.0102,"заглушка: in 1/46000, out 2/35300",1,2,46000,35300,1,2,0.7674,0,0,0,0,0,1,false,false,false
100000008745489100,peripheral,0.0000,0,0.0123,"заглушка: in 1/55539, out 0/0",1,0,55539,0,1,0,0.0000,0,0,0,0,0,1,false,false,true
100000002289937100,peripheral,0.0000,0,0.0044,"заглушка: in 1/20000, out 0/0",1,0,20000,0,1,0,0.0000,0,0,0,0,0,1,false,false,true
100000004679953100,peripheral,0.0000,0,0.0763,"заглушка: in 3/343538, out 3/34100",3,3,343538,34100,3,3,0.0993,0,0,0,0,0,1,false,false,false
100000003066385100,peripheral,0.0000,0,0.0044,"заглушка: in 2/20000, out 0/0",2,0,20000,0,2,0,0.0000,0,0,0,0,0,1,false,false,true
100000008744849100,peripheral,0.0000,0,0.0099,"заглушка: in 1/44445, out 0/0",1,0,44445,0,1,0,0.0000,0,0,0,0,0,1,false,false,true
100000005093521100,peripheral,0.0000,0,0.0034,"заглушка: in 1/15200, out 0/0",1,0,15200,0,1,0,0.0000,0,0,0,0,0,1,false,false,true
100000006518161100,peripheral,0.0000,0,0.1320,"заглушка: in 3/594200, out 2/595899",3,2,594200,595899,13,13,1.0029,0,0,0,0,0,1,false,false,false
100000001126374100,peripheral,0.0000,0,0.0406,"заглушка: in 4/182500, out 2/29200",4,2,182500,29200,7,4,0.1600,0,0,0,0,0,1,false,false,false
100000004509286100,peripheral,0.0000,0,0.0089,"заглушка: in 1/40000, out 0/0",1,0,40000,0,1,0,0.0000,0,0,0,0,0,1,false,false,true
100000005056870100,peripheral,0.0000,0,0.0044,"заглушка: in 1/20000, out 0/0",1,0,20000,0,1,0,0.0000,0,0,0,0,0,1,false,false,true
100000008708368100,peripheral,0.0000,0,0.0053,"заглушка: in 1/23677, out 0/0",1,0,23677,0,1,0,0.0000,0,0,0,0,0,1,false,false,true
100000005895525100,peripheral,0.0000,0,0.0267,"заглушка: in 1/120000, out 0/0",1,0,120000,0,3,0,0.0000,0,0,0,0,0,1,false,false,true
100000008716773100,peripheral,0.0000,0,0.0035,"заглушка: in 1/15677, out 0/0",1,0,15677,0,1,0,0.0000,0,0,0,0,0,1,false,false,true
100000002778085100,peripheral,0.0000,0,0.0147,"заглушка: in 1/66208, out 0/0",1,0,66208,0,1,0,0.0000,0,0,0,0,0,1,false,false,true
100000007055802100,peripheral,0.0000,0,0.4500,"заглушка: in 6/2024999, out 1/605000",6,1,2024999,605000,34,7,0.2988,0,0,0,0,0,1,false,false,false
100000003071930100,peripheral,0.0000,0,0.1061,"заглушка: in 3/477610, out 1/5000",3,1,477610,5000,4,1,0.0105,0,0,0,0,0,1,false,false,false
100000002941114100,peripheral,0.0000,0,0.0286,"заглушка: in 2/128510, out 1/15000",2,1,128510,15000,15,1,0.1167,0,0,0,0,0,1,false,false,false
100000003888271100,peripheral,0.0000,0,0.0027,"заглушка: in 1/12177, out 2/25590",1,2,12177,25590,2,3,2.1015,0,0,0,0,0,1,false,false,false
100000007507343100,peripheral,0.0000,0,0.0822,"заглушка: in 1/370000, out 0/0",1,0,370000,0,1,0,0.0000,0,0,0,0,0,1,false,false,true
100000008002020100,peripheral,0.0000,0,0.0164,"заглушка: in 1/73860, out 1/17000",1,1,73860,17000,1,1,0.2302,0,0,0,0,0,1,false,false,false
100000001872484100,peripheral,0.0000,0,0.1936,"заглушка: in 1/871400, out 3/514580",1,3,871400,514580,13,9,0.5905,0,0,0,0,0,1,false,false,false
100000008769636100,peripheral,0.0000,0,0.0051,"заглушка: in 1/23118, out 0/0",1,0,23118,0,1,0,0.0000,0,0,0,0,0,1,false,false,true
100000004135268100,peripheral,0.0000,0,0.2753,"заглушка: in 2/1239000, out 3/1000200",2,3,1239000,1000200,3,4,0.8073,0,0,0,0,0,1,false,false,false
100000005316708100,peripheral,0.0000,0,0.0200,"заглушка: in 1/90000, out 2/257500",1,2,90000,257500,1,4,2.8611,0,0,0,0,0,1,false,false,false
100000008671929100,peripheral,0.0000,0,0.0167,"заглушка: in 1/75000, out 0/0",1,0,75000,0,2,0,0.0000,0,0,0,0,0,1,false,false,true
100000005287097100,peripheral,0.0000,0,0.0283,"заглушка: in 2/127173, out 9/697300",2,9,127173,697300,5,42,5.4831,0,0,0,0,0,1,false,false,false
100000007283257100,peripheral,0.0000,0,0.0427,"заглушка: in 1/192000, out 0/0",1,0,192000,0,7,0,0.0000,0,0,0,0,0,1,false,false,true
100000004847758100,peripheral,0.0000,0,0.0256,"заглушка: in 4/115171, out 15/488800",4,15,115171,488800,4,23,4.2441,0,0,0,0,0,1,false,false,false
100000008737422100,peripheral,0.0000,0,0.0171,"заглушка: in 1/76903, out 0/0",1,0,76903,0,1,0,0.0000,0,0,0,0,0,1,false,false,true
100000008555918100,peripheral,0.0000,0,0.0309,"заглушка: in 1/139211, out 2/43300",1,2,139211,43300,1,2,0.3110,0,0,0,0,0,1,false,false,false
100000008094734100,peripheral,0.0000,0,0.0525,"заглушка: in 4/236249, out 0/0",4,0,236249,0,4,0,0.0000,0,0,0,0,0,1,false,false,true
100000006952718100,peripheral,0.0000,0,0.0159,"заглушка: in 1/71489, out 0/0",1,0,71489,0,1,0,0.0000,0,0,0,0,0,1,false,false,true
100000005339662100,peripheral,0.0000,0,0.0451,"заглушка: in 4/202939, out 4/295160",4,4,202939,295160,9,15,1.4544,0,0,0,0,0,1,false,false,false
100000001716579100,peripheral,0.0000,0,0.0031,"заглушка: in 1/13916, out 0/0",1,0,13916,0,1,0,0.0000,0,0,0,0,0,1,false,false,true
100000002774456100,peripheral,0.0000,0,0.0112,"заглушка: in 1/50363, out 0/0",1,0,50363,0,1,0,0.0000,0,0,0,0,0,1,false,false,true
100000004394765100,peripheral,0.0000,0,0.1342,"заглушка: in 3/603844, out 2/82500",3,2,603844,82500,10,2,0.1366,0,0,0,0,0,1,false,false,false
100000004004621100,peripheral,0.0000,0,0.0168,"заглушка: in 3/75389, out 0/0",3,0,75389,0,3,0,0.0000,0,0,0,0,0,1,false,false,true
100000000907277100,peripheral,0.0000,0,0.0039,"заглушка: in 1/17534, out 0/0",1,0,17534,0,1,0,0.0000,0,0,0,0,0,1,false,false,true
100000003835149100,peripheral,0.0000,0,0.0552,"заглушка: in 1/248500, out 2/4600440",1,2,248500,4600440,1,13,18.5128,0,0,0,0,0,1,false,false,false
100000004254434100,peripheral,0.0000,0,0.0099,"заглушка: in 1/44445, out 0/0",1,0,44445,0,2,0,0.0000,0,0,0,0,0,1,false,false,true
100000003635170100,peripheral,0.0000,0,0.0597,"заглушка: in 3/268500, out 4/253500",3,4,268500,253500,13,10,0.9441,0,0,0,0,0,1,false,false,false
100000006687202100,peripheral,0.0000,0,0.0111,"заглушка: in 1/50000, out 0/0",1,0,50000,0,1,0,0.0000,0,0,0,0,0,1,false,false,true
100000006030946100,peripheral,0.0000,0,0.0163,"заглушка: in 1/73289, out 0/0",1,0,73289,0,1,0,0.0000,0,0,0,0,0,1,false,false,true
100000002615479100,peripheral,0.0000,0,0.0489,"заглушка: in 1/220000, out 0/0",1,0,220000,0,1,0,0.0000,0,0,0,0,0,1,false,false,true
100000002952631100,peripheral,0.0000,0,0.0107,"заглушка: in 1/48050, out 0/0",1,0,48050,0,1,0,0.0000,0,0,0,0,0,1,false,false,true
100000002890167100,peripheral,0.0000,0,0.0263,"заглушка: in 1/118150, out 0/0",1,0,118150,0,1,0,0.0000,0,0,0,0,0,1,false,false,true
100000008687671100,peripheral,0.0000,0,0.0083,"заглушка: in 1/37500, out 0/0",1,0,37500,0,1,0,0.0000,0,0,0,0,0,1,false,false,true
100000000810551100,peripheral,0.0000,0,0.0222,"заглушка: in 1/100000, out 1/7100",1,1,100000,7100,1,1,0.0710,0,0,0,0,0,1,false,false,false
100000008724279100,peripheral,0.0000,0,0.0026,"заглушка: in 1/11750, out 0/0",1,0,11750,0,1,0,0.0000,0,0,0,0,0,1,false,false,true
100000002592567100,peripheral,0.0000,0,0.0012,"заглушка: in 1/5297, out 2/48600",1,2,5297,48600,1,2,9.1750,0,0,0,0,0,1,false,false,false
100000002670860100,peripheral,0.0000,0,0.1000,"заглушка: in 2/450000, out 0/0",2,0,450000,0,2,0,0.0000,0,0,0,0,0,1,false,false,true
100000002844897100,peripheral,0.0000,0,0.0024,"заглушка: in 1/10800, out 0/0",1,0,10800,0,1,0,0.0000,0,0,0,0,0,1,false,false,true
100000007938486100,peripheral,0.0000,0,0.0088,"заглушка: in 1/39500, out 0/0",1,0,39500,0,1,0,0.0000,0,0,0,0,0,1,false,false,true
100000008438656100,peripheral,0.0000,0,0.0178,"заглушка: in 2/80000, out 1/5000",2,1,80000,5000,2,1,0.0625,0,0,0,0,0,1,false,false,false
100000008304139100,peripheral,0.0000,0,0.0421,"заглушка: in 4/189330, out 24/1692997",4,24,189330,1692997,4,43,8.9421,0,0,0,0,0,1,false,false,false
100000002597003100,peripheral,0.0000,0,0.0039,"заглушка: in 1/17700, out 1/11000",1,1,17700,11000,1,1,0.6215,0,0,0,0,0,1,false,false,false
100000002830055100,peripheral,0.0000,0,0.0031,"заглушка: in 1/14000, out 0/0",1,0,14000,0,1,0,0.0000,0,0,0,0,0,1,false,false,true
100000004299488100,peripheral,0.0000,0,0.3887,"заглушка: in 6/1749000, out 2/344999",6,2,1749000,344999,22,14,0.1973,0,0,0,0,0,1,false,false,false
100000002809568100,peripheral,0.0000,0,0.0022,"заглушка: in 1/10000, out 0/0",1,0,10000,0,1,0,0.0000,0,0,0,0,0,1,false,false,true
100000004784224100,peripheral,0.0000,0,0.0052,"заглушка: in 1/23500, out 1/100000",1,1,23500,100000,2,1,4.2553,0,0,0,0,0,1,false,false,false
100000003123296100,peripheral,0.0000,0,0.0192,"заглушка: in 1/86200, out 0/0",1,0,86200,0,2,0,0.0000,0,0,0,0,0,1,false,false,true
100000004130144100,peripheral,0.0000,0,0.0444,"заглушка: in 1/200000, out 0/0",1,0,200000,0,1,0,0.0000,0,0,0,0,0,1,false,false,true
100000001253557100,peripheral,0.0000,0,0.0467,"заглушка: in 5/210200, out 0/0",5,0,210200,0,5,0,0.0000,0,0,0,0,0,1,false,false,true
100000008767925100,peripheral,0.0000,0,0.0038,"заглушка: in 1/17144, out 0/0",1,0,17144,0,1,0,0.0000,0,0,0,0,0,1,false,false,true
100000007181706100,peripheral,0.0000,0,0.0392,"заглушка: in 2/176272, out 0/0",2,0,176272,0,2,0,0.0000,0,0,0,0,0,1,false,false,true
100000003366154100,peripheral,0.0000,0,0.0278,"заглушка: in 1/125000, out 3/289170",1,3,125000,289170,1,3,2.3134,0,0,0,0,0,1,false,false,false
100000007641183100,peripheral,0.0000,0,0.0062,"заглушка: in 1/28000, out 0/0",1,0,28000,0,1,0,0.0000,0,0,0,0,0,1,false,false,true
100000008663007100,peripheral,0.0000,0,0.0031,"заглушка: in 1/14000, out 0/0",1,0,14000,0,1,0,0.0000,0,0,0,0,0,1,false,false,true
100000007334196100,peripheral,0.0000,0,0.0333,"заглушка: in 1/150002, out 0/0",1,0,150002,0,1,0,0.0000,0,0,0,0,0,1,false,false,true
100000003873332100,peripheral,0.0000,0,0.0052,"заглушка: in 1/23468, out 4/286000",1,4,23468,286000,1,8,12.1868,0,0,0,0,0,1,false,false,false
100000001550388100,peripheral,0.0000,0,0.0111,"заглушка: in 1/50000, out 0/0",1,0,50000,0,1,0,0.0000,0,0,0,0,0,1,false,false,true
100000008718089100,peripheral,0.0000,0,0.0035,"заглушка: in 1/15534, out 0/0",1,0,15534,0,1,0,0.0000,0,0,0,0,0,1,false,false,true
100000008728457100,peripheral,0.0000,0,0.0100,"заглушка: in 1/45000, out 0/0",1,0,45000,0,1,0,0.0000,0,0,0,0,0,1,false,false,true
100000004206046100,peripheral,0.0000,0,0.0025,"заглушка: in 1/11075, out 0/0",1,0,11075,0,1,0,0.0000,0,0,0,0,0,1,false,false,true
100000006579678100,peripheral,0.0000,0,0.0429,"заглушка: in 2/192930, out 6/1668800",2,6,192930,1668800,2,15,8.6498,0,0,0,0,0,1,false,false,false
100000002988894100,peripheral,0.0000,0,0.0680,"заглушка: in 1/306121, out 3/77500",1,3,306121,77500,1,3,0.2532,0,0,0,0,0,1,false,false,false
100000008749406100,peripheral,0.0000,0,0.0038,"заглушка: in 1/17144, out 0/0",1,0,17144,0,1,0,0.0000,0,0,0,0,0,1,false,false,true
100000005584222100,peripheral,0.0000,0,0.0428,"заглушка: in 2/192717, out 2/108587",2,2,192717,108587,6,3,0.5635,0,0,0,0,0,1,false,false,false
100000003239859100,peripheral,0.0000,0,0.0041,"заглушка: in 1/18600, out 0/0",1,0,18600,0,1,0,0.0000,0,0,0,0,0,1,false,false,true
100000003980083100,peripheral,0.0000,0,0.0067,"заглушка: in 1/30000, out 0/0",1,0,30000,0,1,0,0.0000,0,0,0,0,0,1,false,false,true
100000004351795100,peripheral,0.0000,0,0.0263,"заглушка: in 3/118333, out 14/1715161",3,14,118333,1715161,3,37,14.4944,0,0,0,0,0,1,false,false,false
100000002666248100,peripheral,0.0000,0,0.0156,"заглушка: in 1/70032, out 0/0",1,0,70032,0,1,0,0.0000,0,0,0,0,0,1,false,false,true
100000005877725100,peripheral,0.0000,0,0.0156,"заглушка: in 1/70000, out 0/0",1,0,70000,0,1,0,0.0000,0,0,0,0,0,1,false,false,true
100000001697501100,peripheral,0.0000,0,0.0275,"заглушка: in 3/123700, out 38/1482606",3,38,123700,1482606,3,55,11.9855,0,0,0,0,0,1,false,false,false
100000006972210100,peripheral,0.0000,0,0.1086,"заглушка: in 3/488775, out 0/0",3,0,488775,0,4,0,0.0000,0,0,0,0,0,1,false,false,true
100000008749618100,peripheral,0.0000,0,0.0105,"заглушка: in 1/47280, out 0/0",1,0,47280,0,1,0,0.0000,0,0,0,0,0,1,false,false,true
100000008671026100,peripheral,0.0000,0,0.0052,"заглушка: in 1/23534, out 0/0",1,0,23534,0,1,0,0.0000,0,0,0,0,0,1,false,false,true
100000001696818100,peripheral,0.0000,0,0.0119,"заглушка: in 1/53550, out 0/0",1,0,53550,0,1,0,0.0000,0,0,0,0,0,1,false,false,true
100000008679986100,peripheral,0.0000,0,0.0042,"заглушка: in 1/19000, out 0/0",1,0,19000,0,1,0,0.0000,0,0,0,0,0,1,false,false,true
100000003616818100,peripheral,0.0000,0,0.0173,"заглушка: in 3/78000, out 3/240100",3,3,78000,240100,4,8,3.0782,0,0,0,0,0,1,false,false,false
100000004156082100,peripheral,0.0000,0,0.0839,"заглушка: in 5/377366, out 26/2319556",5,26,377366,2319556,7,29,6.1467,0,0,0,0,0,1,false,false,false
100000008667058100,peripheral,0.0000,0,0.0039,"заглушка: in 1/17534, out 0/0",1,0,17534,0,1,0,0.0000,0,0,0,0,0,1,false,false,true
100000008628231100,peripheral,0.0000,0,0.0111,"заглушка: in 1/50000, out 2/627870",1,2,50000,627870,1,19,12.5574,0,0,0,0,0,1,false,false,false
100000008749063100,peripheral,0.0000,0,0.0042,"заглушка: in 1/19000, out 0/0",1,0,19000,0,1,0,0.0000,0,0,0,0,0,1,false,false,true
100000004494983100,peripheral,0.0000,0,0.0078,"заглушка: in 1/35000, out 0/0",1,0,35000,0,1,0,0.0000,0,0,0,0,0,1,false,false,true
100000007648946100,peripheral,0.0000,0,0.0043,"заглушка: in 1/19550, out 1/25000",1,1,19550,25000,1,1,1.2788,0,0,0,0,0,1,false,false,false
100000003037660100,peripheral,0.0000,0,0.0118,"заглушка: in 1/53000, out 0/0",1,0,53000,0,1,0,0.0000,0,0,0,0,0,1,false,false,true
100000002679516100,peripheral,0.0000,0,0.0227,"заглушка: in 3/102335, out 0/0",3,0,102335,0,3,0,0.0000,0,0,0,0,0,1,false,false,true
100000005588444100,peripheral,0.0000,0,0.0027,"заглушка: in 1/12300, out 0/0",1,0,12300,0,1,0,0.0000,0,0,0,0,0,1,false,false,true
100000001307612100,peripheral,0.0000,0,0.0086,"заглушка: in 1/38483, out 0/0",1,0,38483,0,1,0,0.0000,0,0,0,0,0,1,false,false,true
100000003001564100,peripheral,0.0000,0,0.0052,"заглушка: in 1/23520, out 1/180000",1,1,23520,180000,1,1,7.6531,0,0,0,0,0,1,false,false,false
100000002762076100,peripheral,0.0000,0,0.0312,"заглушка: in 2/140350, out 1/30000",2,1,140350,30000,2,1,0.2138,0,0,0,0,0,1,false,false,false
100000005514161100,peripheral,0.0000,0,0.0892,"заглушка: in 4/401500, out 1/50000",4,1,401500,50000,7,1,0.1245,0,0,0,0,0,1,false,false,false
100000008746673100,peripheral,0.0000,0,0.0118,"заглушка: in 1/53048, out 0/0",1,0,53048,0,1,0,0.0000,0,0,0,0,0,1,false,false,true
100000003265158100,peripheral,0.0000,0,0.0325,"заглушка: in 3/146100, out 2/154200",3,2,146100,154200,3,4,1.0554,0,0,0,0,0,1,false,false,false
100000001567366100,peripheral,0.0000,0,0.1831,"заглушка: in 1/824070, out 0/0",1,0,824070,0,4,0,0.0000,0,0,0,0,0,1,false,false,true
100000008777088100,peripheral,0.0000,0,0.0040,"заглушка: in 1/18000, out 0/0",1,0,18000,0,1,0,0.0000,0,0,0,0,0,1,false,false,true
100000002589019100,peripheral,0.0000,0,0.0077,"заглушка: in 1/34710, out 0/0",1,0,34710,0,1,0,0.0000,0,0,0,0,0,1,false,false,true
100000008666075100,peripheral,0.0000,0,0.0058,"заглушка: in 1/26217, out 0/0",1,0,26217,0,1,0,0.0000,0,0,0,0,0,1,false,false,true
100000008137435100,peripheral,0.0000,0,0.0209,"заглушка: in 2/93906, out 6/1419700",2,6,93906,1419700,2,7,15.1183,0,0,0,0,0,1,false,false,false
100000004403675100,peripheral,0.0000,0,0.0407,"заглушка: in 4/182980, out 5/264699",4,5,182980,264699,8,6,1.4466,0,0,0,0,0,1,false,false,false
100000004677680100,peripheral,0.0000,0,0.0140,"заглушка: in 2/63000, out 1/168000",2,1,63000,168000,2,3,2.6667,0,0,0,0,0,1,false,false,false
100000005958064100,peripheral,0.0000,0,0.0013,"заглушка: in 1/5746, out 2/163987",1,2,5746,163987,1,3,28.5393,0,0,0,0,0,1,false,false,false
100000002881669100,peripheral,0.0000,0,0.0041,"заглушка: in 1/18600, out 0/0",1,0,18600,0,1,0,0.0000,0,0,0,0,0,1,false,false,true
100000002938501100,peripheral,0.0000,0,0.0019,"заглушка: in 1/8395, out 1/5000",1,1,8395,5000,1,1,0.5956,0,0,0,0,0,1,false,false,false
100000006734554100,peripheral,0.0000,0,0.0037,"заглушка: in 1/16500, out 1/25000",1,1,16500,25000,1,1,1.5152,0,0,0,0,0,1,false,false,false
100000008003034100,peripheral,0.0000,0,0.0027,"заглушка: in 1/12201, out 4/135000",1,4,12201,135000,1,4,11.0647,0,0,0,0,0,1,false,false,false
100000003970394100,peripheral,0.0000,0,0.0189,"заглушка: in 1/85000, out 0/0",1,0,85000,0,1,0,0.0000,0,0,0,0,0,1,false,false,true
100000003205210100,peripheral,0.0000,0,0.0306,"заглушка: in 1/137563, out 0/0",1,0,137563,0,1,0,0.0000,0,0,0,0,0,1,false,false,true
100000004559194100,peripheral,0.0000,0,0.0627,"заглушка: in 1/282145, out 0/0",1,0,282145,0,6,0,0.0000,0,0,0,0,0,1,false,false,true
100000008173359100,peripheral,0.0000,0,0.0014,"заглушка: in 1/6110, out 0/0",1,0,6110,0,1,0,0.0000,0,0,0,0,0,1,false,false,true
100000007953156100,peripheral,0.0000,0,0.0040,"заглушка: in 1/18000, out 1/10000",1,1,18000,10000,1,1,0.5556,0,0,0,0,0,2,false,false,false
100000002224132100,peripheral,0.0000,0,0.8780,"заглушка: in 5/3951020, out 4/12115000",5,4,3951020,12115000,10,25,3.0663,0,0,0,0,0,2,false,false,false
100000008547844100,peripheral,0.0000,0,0.0395,"заглушка: in 3/177600, out 19/2042199",3,19,177600,2042199,3,21,11.4989,0,0,0,0,0,2,false,false,false
100000002635780100,peripheral,0.0000,0,0.0362,"заглушка: in 1/163000, out 0/0",1,0,163000,0,1,0,0.0000,0,0,0,0,0,2,false,false,true
100000001279875100,peripheral,0.0000,0,0.0109,"заглушка: in 1/49235, out 0/0",1,0,49235,0,1,0,0.0000,0,0,0,0,0,2,false,false,true
100000001961048100,peripheral,0.0000,0,0.0333,"заглушка: in 1/150000, out 0/0",1,0,150000,0,1,0,0.0000,0,0,0,0,0,2,false,false,true
100000000993112100,peripheral,0.0000,0,0.0313,"заглушка: in 1/141000, out 0/0",1,0,141000,0,1,0,0.0000,0,0,0,0,0,2,false,false,true
100000005547096100,peripheral,0.0000,0,0.0018,"заглушка: in 1/8000, out 2/226300",1,2,8000,226300,1,3,28.2875,0,0,0,0,0,2,false,false,false
100000000331309100,peripheral,0.0000,0,0.2188,"заглушка: in 5/984635, out 99/23001375",5,99,984635,23001375,8,126,23.3603,0,0,0,0,0,2,false,false,false
100000006684930100,peripheral,0.0000,0,0.0022,"заглушка: in 1/10000, out 0/0",1,0,10000,0,1,0,0.0000,0,0,0,0,0,2,false,false,true
100000004479404100,peripheral,0.0000,0,0.3316,"заглушка: in 2/1492000, out 1/300000",2,1,1492000,300000,8,2,0.2011,0,0,0,0,0,2,false,false,false
100000004134060100,peripheral,0.0000,0,0.0196,"заглушка: in 1/88179, out 0/0",1,0,88179,0,1,0,0.0000,0,0,0,0,0,2,false,false,true
100000001083990100,peripheral,0.0000,0,0.0111,"заглушка: in 1/49900, out 0/0",1,0,49900,0,2,0,0.0000,0,0,0,0,0,2,false,false,true
100000004573782100,peripheral,0.0000,0,0.0033,"заглушка: in 1/15000, out 0/0",1,0,15000,0,1,0,0.0000,0,0,0,0,0,2,false,false,true
100000005660203100,peripheral,0.0000,0,0.1273,"заглушка: in 1/572899, out 2/41000",1,2,572899,41000,12,5,0.0716,0,0,0,0,0,2,false,false,false
100000008771627100,peripheral,0.0000,0,0.0037,"заглушка: in 1/16500, out 0/0",1,0,16500,0,1,0,0.0000,0,0,0,0,0,2,false,false,true
100000000031787100,peripheral,0.0000,0,0.0200,"заглушка: in 1/90000, out 2/90000",1,2,90000,90000,2,4,1.0000,0,0,0,0,0,2,false,false,false
100000001346560100,peripheral,0.0000,0,0.0022,"заглушка: in 2/10000, out 1/22200",2,1,10000,22200,2,1,2.2200,0,0,0,0,0,2,false,false,false
100000001703168100,peripheral,0.0000,0,0.0100,"заглушка: in 1/45000, out 1/90000",1,1,45000,90000,1,1,2.0000,0,0,0,0,0,2,false,false,false
100000004904960100,peripheral,0.0000,0,0.0071,"заглушка: in 2/32000, out 0/0",2,0,32000,0,2,0,0.0000,0,0,0,0,0,2,false,false,true
100000004467157100,peripheral,0.0000,0,0.0044,"заглушка: in 1/20000, out 1/7000",1,1,20000,7000,3,1,0.3500,0,0,0,0,0,2,false,false,false
100000008346837100,peripheral,0.0000,0,0.0565,"заглушка: in 9/254359, out 25/1258643",9,25,254359,1258643,12,26,4.9483,0,0,0,0,0,2,false,false,false
100000006385877100,peripheral,0.0000,0,0.0119,"заглушка: in 1/53707, out 1/36603",1,1,53707,36603,5,5,0.6815,0,0,0,0,0,2,false,false,false
100000002459093100,peripheral,0.0000,0,0.1111,"заглушка: in 1/500000, out 1/55000",1,1,500000,55000,2,3,0.1100,0,0,0,0,0,2,false,false,false
100000005053653100,peripheral,0.0000,0,0.0140,"заглушка: in 2/63073, out 1/25000",2,1,63073,25000,2,1,0.3964,0,0,0,0,0,2,false,false,false
100000001557930100,peripheral,0.0000,0,0.0077,"заглушка: in 1/34610, out 0/0",1,0,34610,0,1,0,0.0000,0,0,0,0,0,2,false,false,true
100000002820010100,peripheral,0.0000,0,0.0067,"заглушка: in 1/30000, out 0/0",1,0,30000,0,1,0,0.0000,0,0,0,0,0,2,false,false,true
100000000769919100,peripheral,0.0000,0,0.0556,"заглушка: in 1/250000, out 0/0",1,0,250000,0,1,0,0.0000,0,0,0,0,0,2,false,false,true
100000003188607100,peripheral,0.0000,0,0.0040,"заглушка: in 1/18000, out 1/5000",1,1,18000,5000,1,1,0.2778,0,0,0,0,0,2,false,false,false
100000002836052100,peripheral,0.0000,0,0.0033,"заглушка: in 1/15000, out 0/0",1,0,15000,0,1,0,0.0000,0,0,0,0,0,2,false,false,true
100000001102676100,peripheral,0.0000,0,0.0111,"заглушка: in 1/50000, out 1/50000",1,1,50000,50000,1,1,1.0000,0,0,0,0,0,2,false,false,false
100000003390036100,peripheral,0.0000,0,0.0514,"заглушка: in 2/231300, out 2/62000",2,2,231300,62000,4,2,0.2681,0,0,0,0,0,2,false,false,false
100000008335401100,peripheral,0.0000,0,0.0333,"заглушка: in 1/150000, out 0/0",1,0,150000,0,3,0,0.0000,0,0,0,0,0,2,false,false,true
100000006994985100,peripheral,0.0000,0,0.0108,"заглушка: in 1/48500, out 1/10200",1,1,48500,10200,2,2,0.2103,0,0,0,0,0,2,false,false,false
100000008356606100,peripheral,0.0000,0,0.0374,"заглушка: in 2/168500, out 0/0",2,0,168500,0,2,0,0.0000,0,0,0,0,0,2,false,false,true
100000007930878100,peripheral,0.0000,0,0.0011,"заглушка: in 1/5000, out 0/0",1,0,5000,0,1,0,0.0000,0,0,0,0,0,2,false,false,true
100000008389800100,peripheral,0.0000,0,0.0420,"заглушка: in 3/189000, out 7/401620",3,7,189000,401620,3,8,2.1250,0,0,0,0,0,2,false,false,false
100000005474472100,peripheral,0.0000,0,0.0222,"заглушка: in 1/100000, out 0/0",1,0,100000,0,1,0,0.0000,0,0,0,0,0,2,false,false,true
100000004486525100,peripheral,0.0000,0,0.0802,"заглушка: in 8/360924, out 2/271045",8,2,360924,271045,21,3,0.7510,0,0,0,0,0,2,false,false,false
100000003031890100,peripheral,0.0000,0,0.0478,"заглушка: in 1/215000, out 0/0",1,0,215000,0,10,0,0.0000,0,0,0,0,0,2,false,false,true
100000008624978100,peripheral,0.0000,0,0.0242,"заглушка: in 1/109000, out 0/0",1,0,109000,0,1,0,0.0000,0,0,0,0,0,2,false,false,true
100000000790311100,peripheral,0.0000,0,0.0103,"заглушка: in 1/46300, out 0/0",1,0,46300,0,1,0,0.0000,0,0,0,0,0,2,false,false,true
100000008546855100,peripheral,0.0000,0,0.0160,"заглушка: in 6/71790, out 2/10000",6,2,71790,10000,8,2,0.1393,0,0,0,0,0,2,false,false,false
100000002863356100,peripheral,0.0000,0,0.0100,"заглушка: in 1/45000, out 1/20000",1,1,45000,20000,1,1,0.4444,0,0,0,0,0,2,false,false,false
100000000332284100,peripheral,0.0000,0,0.0239,"заглушка: in 10/107426, out 3/289500",10,3,107426,289500,12,3,2.6949,0,0,0,0,0,2,false,false,false
100000002605308100,peripheral,0.0000,0,0.5710,"заглушка: in 3/2569522, out 0/0",3,0,2569522,0,7,0,0.0000,0,0,0,0,0,2,false,false,true
100000005931985100,peripheral,0.0000,0,0.0169,"заглушка: in 1/76000, out 0/0",1,0,76000,0,1,0,0.0000,0,0,0,0,0,2,false,false,true
100000001166289100,peripheral,0.0000,0,0.1602,"заглушка: in 2/721039, out 1/25000",2,1,721039,25000,10,1,0.0347,0,0,0,0,0,2,false,false,false
100000008477350100,peripheral,0.0000,0,0.1356,"заглушка: in 11/610100, out 39/3374866",11,39,610100,3374866,14,44,5.5317,0,0,0,0,0,2,false,false,false
100000003824464100,peripheral,0.0000,0,0.0444,"заглушка: in 1/200000, out 0/0",1,0,200000,0,1,0,0.0000,0,0,0,0,0,2,false,false,true
100000002738256100,peripheral,0.0000,0,0.0334,"заглушка: in 1/150200, out 1/175000",1,1,150200,175000,1,1,1.1651,0,0,0,0,0,2,false,false,false
100000001857829100,peripheral,0.0000,0,0.1975,"заглушка: in 6/888535, out 16/2390993",6,16,888535,2390993,9,16,2.6909,0,0,0,0,0,2,false,false,false
100000008672762100,peripheral,0.0000,0,0.0029,"заглушка: in 1/13000, out 0/0",1,0,13000,0,1,0,0.0000,0,0,0,0,0,2,false,false,true
100000001737722100,peripheral,0.0000,0,0.0134,"заглушка: in 1/60460, out 0/0",1,0,60460,0,1,0,0.0000,0,0,0,0,0,2,false,false,true
100000005572303100,peripheral,0.0000,0,0.0167,"заглушка: in 1/75000, out 1/20000",1,1,75000,20000,1,1,0.2667,0,0,0,0,0,2,false,false,false
100000008733049100,peripheral,0.0000,0,0.0022,"заглушка: in 1/10000, out 0/0",1,0,10000,0,1,0,0.0000,0,0,0,0,0,2,false,false,true
100000000850297100,peripheral,0.0000,0,0.0039,"заглушка: in 1/17520, out 1/17520",1,1,17520,17520,1,1,1.0000,0,0,0,0,0,2,false,false,false
100000005140601100,peripheral,0.0000,0,0.0117,"заглушка: in 3/52685, out 2/195300",3,2,52685,195300,4,5,3.7069,0,0,0,0,0,2,false,false,false
100000004410489100,peripheral,0.0000,0,0.0120,"заглушка: in 1/54000, out 0/0",1,0,54000,0,1,0,0.0000,0,0,0,0,0,2,false,false,true
100000006852430100,peripheral,0.0000,0,0.0082,"заглушка: in 1/37000, out 0/0",1,0,37000,0,1,0,0.0000,0,0,0,0,0,2,false,false,true
100000003166755100,peripheral,0.0000,0,0.0053,"заглушка: in 1/24010, out 0/0",1,0,24010,0,1,0,0.0000,0,0,0,0,0,2,false,false,true
100000008258083100,peripheral,0.0000,0,0.6999,"заглушка: in 2/3149500, out 2/2045650",2,2,3149500,2045650,13,6,0.6495,0,0,0,0,0,2,false,false,false
100000003054328100,peripheral,0.0000,0,0.0311,"заглушка: in 1/140000, out 2/193720",1,2,140000,193720,1,2,1.3837,0,0,0,0,0,2,false,false,false
100000008473207100,peripheral,0.0000,0,0.0449,"заглушка: in 1/202000, out 0/0",1,0,202000,0,4,0,0.0000,0,0,0,0,0,2,false,false,true
100000008104567100,peripheral,0.0000,0,0.0119,"заглушка: in 3/53550, out 3/40000",3,3,53550,40000,3,4,0.7470,0,0,0,0,0,2,false,false,false
100000002721825100,peripheral,0.0000,0,0.0024,"заглушка: in 1/11000, out 0/0",1,0,11000,0,1,0,0.0000,0,0,0,0,0,2,false,false,true
100000003509750100,peripheral,0.0000,0,0.0183,"заглушка: in 3/82290, out 3/78400",3,3,82290,78400,4,5,0.9527,0,0,0,0,0,2,false,false,false
100000007322059100,peripheral,0.0000,0,0.0064,"заглушка: in 2/29000, out 1/22500",2,1,29000,22500,2,2,0.7759,0,0,0,0,0,2,false,false,false
100000004441291100,peripheral,0.0000,0,0.0044,"заглушка: in 1/20000, out 0/0",1,0,20000,0,1,0,0.0000,0,0,0,0,0,2,false,false,true
100000006122699100,peripheral,0.0000,0,0.0102,"заглушка: in 2/45865, out 0/0",2,0,45865,0,2,0,0.0000,0,0,0,0,0,2,false,false,true
100000008254069100,peripheral,0.0000,0,0.0023,"заглушка: in 1/10200, out 5/107500",1,5,10200,107500,2,6,10.5392,0,0,0,0,0,2,false,false,false
100000003336565100,peripheral,0.0000,0,0.0037,"заглушка: in 1/16550, out 0/0",1,0,16550,0,1,0,0.0000,0,0,0,0,0,2,false,false,true
100000002492277100,peripheral,0.0000,0,0.0308,"заглушка: in 1/138500, out 0/0",1,0,138500,0,1,0,0.0000,0,0,0,0,0,2,false,false,true
100000001339466100,peripheral,0.0000,0,0.0067,"заглушка: in 1/30000, out 0/0",1,0,30000,0,1,0,0.0000,0,0,0,0,0,2,false,false,true
100000005022964100,peripheral,0.0000,0,0.0044,"заглушка: in 1/20000, out 0/0",1,0,20000,0,1,0,0.0000,0,0,0,0,0,2,false,false,true
100000003112436100,peripheral,0.0000,0,0.0222,"заглушка: in 1/100000, out 0/0",1,0,100000,0,1,0,0.0000,0,0,0,0,0,2,false,false,true
100000000489417100,peripheral,0.0000,0,0.0163,"заглушка: in 3/73504, out 1/80000",3,1,73504,80000,3,1,1.0884,0,0,0,0,0,2,false,false,false
100000002217161100,peripheral,0.0000,0,0.0899,"заглушка: in 2/404750, out 7/995132",2,7,404750,995132,15,19,2.4586,0,0,0,0,0,2,false,false,false
100000002469065100,peripheral,0.0000,0,0.0444,"заглушка: in 1/200000, out 0/0",1,0,200000,0,1,0,0.0000,0,0,0,0,0,2,false,false,true
100000007337374100,peripheral,0.0000,0,0.0044,"заглушка: in 1/20000, out 0/0",1,0,20000,0,2,0,0.0000,0,0,0,0,0,2,false,false,true
100000003249054100,peripheral,0.0000,0,0.0222,"заглушка: in 7/99700, out 1/15000",7,1,99700,15000,11,1,0.1505,0,0,0,0,0,2,false,false,false
100000003024542100,peripheral,0.0000,0,0.0019,"заглушка: in 1/8500, out 0/0",1,0,8500,0,1,0,0.0000,0,0,0,0,0,2,false,false,true
100000002718366100,peripheral,0.0000,0,0.5611,"заглушка: in 6/2525000, out 0/0",6,0,2525000,0,10,0,0.0000,0,0,0,0,0,2,false,false,true
100000005059998100,peripheral,0.0000,0,0.0040,"заглушка: in 1/18000, out 0/0",1,0,18000,0,1,0,0.0000,0,0,0,0,0,2,false,false,true
100000004071070100,peripheral,0.0000,0,0.0091,"заглушка: in 2/41000, out 1/6000",2,1,41000,6000,5,1,0.1463,0,0,0,0,0,2,false,false,false
100000001584286100,peripheral,0.0000,0,0.1642,"заглушка: in 2/738699, out 0/0",2,0,738699,0,3,0,0.0000,0,0,0,0,0,2,false,false,true
100000008701256100,peripheral,0.0000,0,0.0129,"заглушка: in 1/58250, out 0/0",1,0,58250,0,1,0,0.0000,0,0,0,0,0,2,false,false,true
100000001490461100,peripheral,0.0000,0,0.0044,"заглушка: in 1/20000, out 1/5000",1,1,20000,5000,1,1,0.2500,0,0,0,0,0,2,false,false,false
100000008531186100,peripheral,0.0000,0,0.0278,"заглушка: in 1/125000, out 0/0",1,0,125000,0,1,0,0.0000,0,0,0,0,0,2,false,false,true
100000004765639100,peripheral,0.0000,0,0.0011,"заглушка: in 1/5000, out 2/11000",1,2,5000,11000,1,2,2.2000,0,0,0,0,0,2,false,false,false
100000002983879100,peripheral,0.0000,0,0.0445,"заглушка: in 2/200050, out 0/0",2,0,200050,0,2,0,0.0000,0,0,0,0,0,2,false,false,true
100000008734364100,peripheral,0.0000,0,0.0058,"заглушка: in 1/26200, out 0/0",1,0,26200,0,1,0,0.0000,0,0,0,0,0,2,false,false,true
100000003192220100,peripheral,0.0000,0,0.0133,"заглушка: in 1/60000, out 0/0",1,0,60000,0,2,0,0.0000,0,0,0,0,0,2,false,false,true
100000008060273100,peripheral,0.0000,0,0.0022,"заглушка: in 1/10000, out 0/0",1,0,10000,0,2,0,0.0000,0,0,0,0,0,2,false,false,true
100000008205937100,peripheral,0.0000,0,0.0078,"заглушка: in 1/35000, out 0/0",1,0,35000,0,3,0,0.0000,0,0,0,0,0,2,false,false,true
100000005507142100,peripheral,0.0000,0,0.0113,"заглушка: in 3/51000, out 3/100000",3,3,51000,100000,3,4,1.9608,0,0,0,0,0,2,false,false,false
100000005539910100,peripheral,0.0000,0,0.0227,"заглушка: in 1/102000, out 2/22000",1,2,102000,22000,1,2,0.2157,0,0,0,0,0,2,false,false,false
100000002459163100,peripheral,0.0000,0,0.0045,"заглушка: in 1/20180, out 0/0",1,0,20180,0,1,0,0.0000,0,0,0,0,0,2,false,false,true
100000004666651100,peripheral,0.0000,0,0.0954,"заглушка: in 1/429250, out 0/0",1,0,429250,0,1,0,0.0000,0,0,0,0,0,2,false,false,true
100000003927792100,peripheral,0.0000,0,0.0029,"заглушка: in 1/13067, out 0/0",1,0,13067,0,1,0,0.0000,0,0,0,0,0,2,false,false,true
100000000607941100,peripheral,0.0000,0,0.0111,"заглушка: in 2/50000, out 1/70000",2,1,50000,70000,3,4,1.4000,0,0,0,0,0,2,false,false,false
100000004158362100,peripheral,0.0000,0,0.0027,"заглушка: in 1/12000, out 0/0",1,0,12000,0,1,0,0.0000,0,0,0,0,0,2,false,false,true
100000005664922100,peripheral,0.0000,0,0.0049,"заглушка: in 2/22000, out 3/537000",2,3,22000,537000,2,4,24.4091,0,0,0,0,0,2,false,false,false
100000007594394100,peripheral,0.0000,0,0.0879,"заглушка: in 6/395385, out 1/3376312",6,1,395385,3376312,6,40,8.5393,0,0,0,0,0,2,false,false,false
100000000979567100,peripheral,0.0000,0,0.0022,"заглушка: in 1/10000, out 0/0",1,0,10000,0,1,0,0.0000,0,0,0,0,0,2,false,false,true
100000002831727100,peripheral,0.0000,0,0.0013,"заглушка: in 1/6000, out 1/77000",1,1,6000,77000,1,3,12.8333,0,0,0,0,0,2,false,false,false
100000003062895100,peripheral,0.0000,0,0.0730,"заглушка: in 2/328444, out 0/0",2,0,328444,0,2,0,0.0000,0,0,0,0,0,2,false,false,true
100000008376089100,peripheral,0.0000,0,0.0300,"заглушка: in 1/135000, out 0/0",1,0,135000,0,1,0,0.0000,0,0,0,0,0,2,false,false,true
100000003219438100,peripheral,0.0000,0,0.0071,"заглушка: in 1/32000, out 0/0",1,0,32000,0,1,0,0.0000,0,0,0,0,0,2,false,false,true
100000000967918100,peripheral,0.0000,0,0.0047,"заглушка: in 1/21200, out 0/0",1,0,21200,0,3,0,0.0000,0,0,0,0,0,2,false,false,true
100000003254723100,peripheral,0.0000,0,0.0600,"заглушка: in 1/269850, out 0/0",1,0,269850,0,6,0,0.0000,0,0,0,0,0,2,false,false,true
100000003823811100,peripheral,0.0000,0,0.0067,"заглушка: in 1/30000, out 3/66130",1,3,30000,66130,1,3,2.2043,0,0,0,0,0,2,false,false,false
100000008587459100,peripheral,0.0000,0,0.0403,"заглушка: in 2/181507, out 2/686500",2,2,181507,686500,2,4,3.7822,0,0,0,0,0,2,false,false,false
100000008603331100,peripheral,0.0000,0,0.0088,"заглушка: in 2/39500, out 6/741774",2,6,39500,741774,3,6,18.7791,0,0,0,0,0,2,false,false,false
100000008758168100,peripheral,0.0000,0,0.0168,"заглушка: in 2/75410, out 5/1533600",2,5,75410,1533600,2,5,20.3368,0,0,0,0,0,2,false,false,false
100000003724440100,peripheral,0.0000,0,0.0111,"заглушка: in 2/50000, out 0/0",2,0,50000,0,2,0,0.0000,0,0,0,0,0,2,false,false,true
100000000291906100,peripheral,0.0000,0,0.0862,"заглушка: in 2/388000, out 2/455854",2,2,388000,455854,3,6,1.1749,0,0,0,0,0,2,false,false,false
100000005077484100,peripheral,0.0000,0,0.0333,"заглушка: in 1/150000, out 2/13550",1,2,150000,13550,1,2,0.0903,0,0,0,0,0,2,false,false,false
100000004192107100,peripheral,0.0000,0,0.0056,"заглушка: in 1/25000, out 0/0",1,0,25000,0,1,0,0.0000,0,0,0,0,0,2,false,false,true
100000002193259100,peripheral,0.0000,0,0.0107,"заглушка: in 2/48000, out 3/58000",2,3,48000,58000,2,3,1.2083,0,0,0,0,0,2,false,false,false
100000005481280100,peripheral,0.0000,0,0.0073,"заглушка: in 1/32700, out 3/50000",1,3,32700,50000,1,3,1.5291,0,0,0,0,0,2,false,false,false
100000004527381100,peripheral,0.0000,0,0.0265,"заглушка: in 1/119333, out 1/273866",1,1,119333,273866,1,1,2.2950,0,0,0,0,0,2,false,false,false
100000001578517100,peripheral,0.0000,0,0.0067,"заглушка: in 1/30000, out 0/0",1,0,30000,0,1,0,0.0000,0,0,0,0,0,2,false,false,true
100000003741418100,peripheral,0.0000,0,0.0338,"заглушка: in 9/151900, out 3/39920",9,3,151900,39920,13,3,0.2628,0,0,0,0,0,2,false,false,false
100000008737514100,peripheral,0.0000,0,0.0189,"заглушка: in 1/85000, out 0/0",1,0,85000,0,1,0,0.0000,0,0,0,0,0,2,false,false,true
100000002870463100,peripheral,0.0000,0,0.0460,"заглушка: in 3/207000, out 1/10000",3,1,207000,10000,4,1,0.0483,0,0,0,0,0,2,false,false,false
100000008545727100,peripheral,0.0000,0,0.0067,"заглушка: in 1/30000, out 6/1866500",1,6,30000,1866500,1,7,62.2167,0,0,0,0,0,2,false,false,false
100000000425407100,peripheral,0.0000,0,0.0044,"заглушка: in 1/20000, out 0/0",1,0,20000,0,1,0,0.0000,0,0,0,0,0,2,false,false,true
100000001418900100,peripheral,0.0000,0,0.0089,"заглушка: in 1/40140, out 0/0",1,0,40140,0,2,0,0.0000,0,0,0,0,0,2,false,false,true
100000001677929100,peripheral,0.0000,0,0.0282,"заглушка: in 3/126777, out 2/286098",3,2,126777,286098,3,4,2.2567,0,0,0,0,0,2,false,false,false
100000002539625100,peripheral,0.0000,0,0.0210,"заглушка: in 1/94700, out 0/0",1,0,94700,0,1,0,0.0000,0,0,0,0,0,2,false,false,true
100000001965374100,peripheral,0.0000,0,0.3910,"заглушка: in 2/1759720, out 3/3082100",2,3,1759720,3082100,8,5,1.7515,0,0,0,0,0,2,false,false,false
100000001287955100,peripheral,0.0000,0,0.0039,"заглушка: in 1/17520, out 4/310000",1,4,17520,310000,1,5,17.6941,0,0,0,0,0,2,false,false,false
100000005402643100,peripheral,0.0000,0,0.0284,"заглушка: in 1/127800, out 1/90000",1,1,127800,90000,1,1,0.7042,0,0,0,0,0,2,false,false,false
100000008752616100,peripheral,0.0000,0,0.0143,"заглушка: in 2/64510, out 7/1265000",2,7,64510,1265000,2,7,19.6094,0,0,0,0,0,2,false,false,false
100000000733373100,peripheral,0.0000,0,0.0024,"заглушка: in 1/10710, out 0/0",1,0,10710,0,1,0,0.0000,0,0,0,0,0,2,false,false,true
100000008531133100,peripheral,0.0000,0,0.0056,"заглушка: in 1/25000, out 3/158272",1,3,25000,158272,1,3,6.3309,0,0,0,0,0,2,false,false,false
100000005933757100,peripheral,0.0000,0,0.2769,"заглушка: in 4/1246000, out 34/3002628",4,34,1246000,3002628,6,46,2.4098,0,0,0,0,0,2,false,false,false
100000006490557100,peripheral,0.0000,0,0.0011,"заглушка: in 1/5000, out 0/0",1,0,5000,0,1,0,0.0000,0,0,0,0,0,2,false,false,true
100000008497298100,peripheral,0.0000,0,0.1333,"заглушка: in 1/600000, out 0/0",1,0,600000,0,1,0,0.0000,0,0,0,0,0,2,false,false,true
100000005168487100,peripheral,0.0000,0,0.0033,"заглушка: in 1/15000, out 1/103510",1,1,15000,103510,1,14,6.9007,0,0,0,0,0,2,false,false,false
100000005799271100,peripheral,0.0000,0,0.0100,"заглушка: in 1/45000, out 0/0",1,0,45000,0,2,0,0.0000,0,0,0,0,0,2,false,false,true
100000000912487100,peripheral,0.0000,0,0.0022,"заглушка: in 1/10000, out 0/0",1,0,10000,0,1,0,0.0000,0,0,0,0,0,2,false,false,true
100000007982908100,peripheral,0.0000,0,0.0069,"заглушка: in 1/31080, out 0/0",1,0,31080,0,1,0,0.0000,0,0,0,0,0,2,false,false,true
100000005413948100,peripheral,0.0000,0,0.0063,"заглушка: in 2/28215, out 1/5000",2,1,28215,5000,2,1,0.1772,0,0,0,0,0,2,false,false,false
100000000724540100,peripheral,0.0000,0,0.0111,"заглушка: in 1/50000, out 1/100000",1,1,50000,100000,1,1,2.0000,0,0,0,0,0,2,false,false,false
100000005730108100,peripheral,0.0000,0,0.0018,"заглушка: in 1/8000, out 0/0",1,0,8000,0,1,0,0.0000,0,0,0,0,0,2,false,false,true
100000002566204100,peripheral,0.0000,0,0.0180,"заглушка: in 1/80805, out 0/0",1,0,80805,0,1,0,0.0000,0,0,0,0,0,2,false,false,true
100000000625169100,peripheral,0.0000,0,0.0022,"заглушка: in 1/10000, out 0/0",1,0,10000,0,1,0,0.0000,0,0,0,0,0,2,false,false,true
100000001114385100,peripheral,0.0000,0,0.0066,"заглушка: in 1/29500, out 0/0",1,0,29500,0,1,0,0.0000,0,0,0,0,0,2,false,false,true
100000002964966100,peripheral,0.0000,0,0.0444,"заглушка: in 1/200000, out 0/0",1,0,200000,0,1,0,0.0000,0,0,0,0,0,2,false,false,true
100000008771814100,peripheral,0.0000,0,0.0053,"заглушка: in 1/23700, out 0/0",1,0,23700,0,1,0,0.0000,0,0,0,0,0,2,false,false,true
100000001241318100,peripheral,0.0000,0,0.0118,"заглушка: in 1/53000, out 0/0",1,0,53000,0,1,0,0.0000,0,0,0,0,0,2,false,false,true
100000001250022100,peripheral,0.0000,0,0.0111,"заглушка: in 1/50000, out 0/0",1,0,50000,0,1,0,0.0000,0,0,0,0,0,2,false,false,true
100000006534886100,peripheral,0.0000,0,0.0159,"заглушка: in 1/71700, out 1/167500",1,1,71700,167500,5,8,2.3361,0,0,0,0,0,2,false,false,false
100000008655035100,peripheral,0.0000,0,0.0067,"заглушка: in 1/30000, out 0/0",1,0,30000,0,1,0,0.0000,0,0,0,0,0,2,false,false,true
100000005932987100,peripheral,0.0000,0,0.0056,"заглушка: in 1/25000, out 0/0",1,0,25000,0,3,0,0.0000,0,0,0,0,0,2,false,false,true
100000008636603100,peripheral,0.0000,0,0.0079,"заглушка: in 2/35460, out 6/159375",2,6,35460,159375,2,7,4.4945,0,0,0,0,0,2,false,false,false
100000008710843100,peripheral,0.0000,0,0.0075,"заглушка: in 2/33944, out 13/1985500",2,13,33944,1985500,3,14,58.4934,0,0,0,0,0,2,false,false,false
100000000917179100,peripheral,0.0000,0,0.0210,"заглушка: in 1/94465, out 0/0",1,0,94465,0,2,0,0.0000,0,0,0,0,0,2,false,false,true
100000004209339100,peripheral,0.0000,0,0.0308,"заглушка: in 1/138500, out 2/238500",1,2,138500,238500,6,11,1.7220,0,0,0,0,0,2,false,false,false
100000008765627100,peripheral,0.0000,0,0.0133,"заглушка: in 1/60000, out 0/0",1,0,60000,0,1,0,0.0000,0,0,0,0,0,2,false,false,true
100000002443664100,peripheral,0.0000,0,0.1238,"заглушка: in 3/556880, out 0/0",3,0,556880,0,3,0,0.0000,0,0,0,0,0,2,false,false,true
100000008144528100,peripheral,0.0000,0,0.2374,"заглушка: in 5/1068203, out 0/0",5,0,1068203,0,13,0,0.0000,0,0,0,0,0,2,false,false,true
100000003988112100,peripheral,0.0000,0,0.0204,"заглушка: in 1/92000, out 1/64000",1,1,92000,64000,2,5,0.6957,0,0,0,0,0,2,false,false,false
100000008008463100,peripheral,0.0000,0,0.0120,"заглушка: in 1/54180, out 0/0",1,0,54180,0,1,0,0.0000,0,0,0,0,0,2,false,false,true
100000006679055100,peripheral,0.0000,0,0.0056,"заглушка: in 1/25000, out 0/0",1,0,25000,0,1,0,0.0000,0,0,0,0,0,2,false,false,true
100000007382543100,peripheral,0.0000,0,0.0484,"заглушка: in 3/218000, out 5/427000",3,5,218000,427000,3,8,1.9587,0,0,0,0,0,2,false,false,false
100000007749092100,peripheral,0.0000,0,0.0017,"заглушка: in 1/7650, out 1/70375",1,1,7650,70375,1,5,9.1993,0,0,0,0,0,2,false,false,false
100000004221668100,peripheral,0.0000,0,0.2507,"заглушка: in 4/1128300, out 3/731440",4,3,1128300,731440,8,10,0.6483,0,0,0,0,0,2,false,false,false
100000008174521100,peripheral,0.0000,0,0.0182,"заглушка: in 1/82110, out 0/0",1,0,82110,0,1,0,0.0000,0,0,0,0,0,2,false,false,true
100000002692750100,peripheral,0.0000,0,0.0251,"заглушка: in 3/112830, out 1/77000",3,1,112830,77000,3,8,0.6824,0,0,0,0,0,2,false,false,false
100000002173070100,peripheral,0.0000,0,0.0067,"заглушка: in 1/30000, out 0/0",1,0,30000,0,1,0,0.0000,0,0,0,0,0,2,false,false,true
100000005911352100,peripheral,0.0000,0,0.0033,"заглушка: in 2/15000, out 3/24000",2,3,15000,24000,2,3,1.6000,0,0,0,0,0,2,false,false,false
100000003068941100,peripheral,0.0000,0,0.0209,"заглушка: in 3/94000, out 1/25000",3,1,94000,25000,3,2,0.2660,0,0,0,0,0,2,false,false,false
100000001420847100,peripheral,0.0000,0,0.0044,"заглушка: in 1/20000, out 0/0",1,0,20000,0,2,0,0.0000,0,0,0,0,0,2,false,false,true
100000005602999100,peripheral,0.0000,0,0.0011,"заглушка: in 1/5000, out 2/16000",1,2,5000,16000,1,3,3.2000,0,0,0,0,0,2,false,false,false
100000000723383100,peripheral,0.0000,0,0.0015,"заглушка: in 1/6800, out 2/75000",1,2,6800,75000,1,2,11.0294,0,0,0,0,0,2,false,false,false
100000006977207100,peripheral,0.0000,0,0.0920,"заглушка: in 1/414000, out 15/4157018",1,15,414000,4157018,1,15,10.0411,0,0,0,0,0,2,false,false,false
100000001273783100,peripheral,0.0000,0,0.0052,"заглушка: in 1/23200, out 0/0",1,0,23200,0,1,0,0.0000,0,0,0,0,0,2,false,false,true
100000000201868100,peripheral,0.0000,0,0.0422,"заглушка: in 1/190000, out 1/190000",1,1,190000,190000,1,1,1.0000,0,0,0,0,0,2,false,false,false
100000007777377100,peripheral,0.0000,0,0.1014,"заглушка: in 1/456290, out 2/10000",1,2,456290,10000,7,2,0.0219,0,0,0,0,0,2,false,false,false
100000004192865100,peripheral,0.0000,0,0.0148,"заглушка: in 1/66666, out 0/0",1,0,66666,0,1,0,0.0000,0,0,0,0,0,2,false,false,true
100000006901046100,peripheral,0.0000,0,0.0168,"заглушка: in 1/75800, out 1/5500",1,1,75800,5500,3,1,0.0726,0,0,0,0,0,2,false,false,false
100000000437046100,peripheral,0.0000,0,0.2460,"заглушка: in 9/1107200, out 42/7606224",9,42,1107200,7606224,20,73,6.8698,0,0,0,0,0,2,false,false,false
100000008765494100,peripheral,0.0000,0,0.0053,"заглушка: in 1/24000, out 0/0",1,0,24000,0,1,0,0.0000,0,0,0,0,0,2,false,false,true
100000008713270100,peripheral,0.0000,0,0.0067,"заглушка: in 1/30000, out 3/190000",1,3,30000,190000,1,3,6.3333,0,0,0,0,0,2,false,false,false
100000003603979100,peripheral,0.0000,0,0.0367,"заглушка: in 1/165000, out 0/0",1,0,165000,0,3,0,0.0000,0,0,0,0,0,2,false,false,true
100000000943371100,peripheral,0.0000,0,0.0034,"заглушка: in 1/15500, out 0/0",1,0,15500,0,1,0,0.0000,0,0,0,0,0,2,false,false,true
100000008672480100,peripheral,0.0000,0,0.0029,"заглушка: in 1/13000, out 0/0",1,0,13000,0,1,0,0.0000,0,0,0,0,0,2,false,false,true
100000008691168100,peripheral,0.0000,0,0.0053,"заглушка: in 1/24000, out 0/0",1,0,24000,0,1,0,0.0000,0,0,0,0,0,2,false,false,true
100000003237045100,peripheral,0.0000,0,0.0756,"заглушка: in 1/340200, out 1/150000",1,1,340200,150000,2,1,0.4409,0,0,0,0,0,2,false,false,false
100000008736394100,peripheral,0.0000,0,0.0036,"заглушка: in 1/16000, out 0/0",1,0,16000,0,1,0,0.0000,0,0,0,0,0,2,false,false,true
100000004160650100,peripheral,0.0000,0,0.0167,"заглушка: in 2/75100, out 10/1489827",2,10,75100,1489827,4,40,19.8379,0,0,0,0,0,2,false,false,false
100000000629812100,peripheral,0.0000,0,0.0049,"заглушка: in 2/22000, out 0/0",2,0,22000,0,2,0,0.0000,0,0,0,0,0,2,false,false,true
100000000955444100,peripheral,0.0000,0,0.0015,"заглушка: in 1/6910, out 0/0",1,0,6910,0,1,0,0.0000,0,0,0,0,0,2,false,false,true
100000008731444100,peripheral,0.0000,0,0.0976,"заглушка: in 3/439000, out 9/879768",3,9,439000,879768,5,9,2.0040,0,0,0,0,0,2,false,false,false
100000008413748100,peripheral,0.0000,0,0.0059,"заглушка: in 2/26480, out 18/1377320",2,18,26480,1377320,2,21,52.0136,0,0,0,0,0,2,false,false,false
100000006787636100,peripheral,0.0000,0,0.0044,"заглушка: in 1/20000, out 0/0",1,0,20000,0,1,0,0.0000,0,0,0,0,0,2,false,false,true
100000005942793100,peripheral,0.0000,0,0.0122,"заглушка: in 4/55000, out 0/0",4,0,55000,0,4,0,0.0000,0,0,0,0,0,2,false,false,true
100000008730846100,peripheral,0.0000,0,0.0345,"заглушка: in 7/155042, out 3/363370",7,3,155042,363370,11,4,2.3437,0,0,0,0,0,2,false,false,false
100000002570206100,peripheral,0.0000,0,0.0371,"заглушка: in 2/166960, out 0/0",2,0,166960,0,2,0,0.0000,0,0,0,0,0,2,false,false,true
100000000785800100,peripheral,0.0000,0,0.0042,"заглушка: in 1/19000, out 1/19000",1,1,19000,19000,1,1,1.0000,0,0,0,0,0,2,false,false,false
100000007382152100,peripheral,0.0000,0,0.0013,"заглушка: in 1/5860, out 0/0",1,0,5860,0,1,0,0.0000,0,0,0,0,0,2,false,false,true
100000000910216100,peripheral,0.0000,0,0.0158,"заглушка: in 1/71000, out 1/52010",1,1,71000,52010,3,1,0.7325,0,0,0,0,0,2,false,false,false
100000003131016100,peripheral,0.0000,0,0.0902,"заглушка: in 1/405700, out 1/126000",1,1,405700,126000,7,4,0.3106,0,0,0,0,0,2,false,false,false
100000003221384100,peripheral,0.0000,0,0.1136,"заглушка: in 1/511200, out 0/0",1,0,511200,0,1,0,0.0000,0,0,0,0,0,2,false,false,true
100000002156381100,peripheral,0.0000,0,0.0136,"заглушка: in 2/61000, out 1/21800",2,1,61000,21800,7,3,0.3574,0,0,0,0,0,2,false,false,false
100000002779485100,peripheral,0.0000,0,0.0202,"заглушка: in 1/91000, out 0/0",1,0,91000,0,2,0,0.0000,0,0,0,0,0,2,false,false,true
100000008774237100,peripheral,0.0000,0,0.0111,"заглушка: in 1/50000, out 1/10000",1,1,50000,10000,1,1,0.2000,0,0,0,0,0,2,false,false,false
100000002628146100,peripheral,0.0000,0,0.0068,"заглушка: in 1/30500, out 0/0",1,0,30500,0,2,0,0.0000,0,0,0,0,0,2,false,false,true
100000002852402100,peripheral,0.0000,0,0.0122,"заглушка: in 1/55000, out 0/0",1,0,55000,0,1,0,0.0000,0,0,0,0,0,2,false,false,true
100000006989106100,peripheral,0.0000,0,0.0142,"заглушка: in 1/64000, out 0/0",1,0,64000,0,2,0,0.0000,0,0,0,0,0,2,false,false,true
100000002958343100,peripheral,0.0000,0,0.6444,"заглушка: in 1/2900000, out 2/1390000",1,2,2900000,1390000,4,17,0.4793,0,0,0,0,0,2,false,false,false
100000008461532100,peripheral,0.0000,0,0.1256,"заглушка: in 2/565300, out 8/2530090",2,8,565300,2530090,2,9,4.4757,0,0,0,0,0,2,false,false,false
100000004400305100,peripheral,0.0000,0,0.0495,"заглушка: in 7/222800, out 82/5830181",7,82,222800,5830181,9,101,26.1678,0,0,0,0,0,2,false,false,false
100000000297649100,peripheral,0.0000,0,0.0089,"заглушка: in 1/40000, out 1/70600",1,1,40000,70600,1,2,1.7650,0,0,0,0,0,2,false,false,false
100000003191430100,peripheral,0.0000,0,0.0400,"заглушка: in 1/180000, out 0/0",1,0,180000,0,1,0,0.0000,0,0,0,0,0,2,false,false,true
100000003275398100,peripheral,0.0000,0,0.0667,"заглушка: in 1/300000, out 1/20000",1,1,300000,20000,1,1,0.0667,0,0,0,0,0,2,false,false,false
100000005203590100,peripheral,0.0000,0,0.0200,"заглушка: in 1/90000, out 0/0",1,0,90000,0,1,0,0.0000,0,0,0,0,0,2,false,false,true
100000008672603100,peripheral,0.0000,0,0.0047,"заглушка: in 1/21200, out 0/0",1,0,21200,0,1,0,0.0000,0,0,0,0,0,2,false,false,true
100000000718427100,peripheral,0.0000,0,0.0013,"заглушка: in 1/6000, out 0/0",1,0,6000,0,1,0,0.0000,0,0,0,0,0,2,false,false,true
100000003104347100,peripheral,0.0000,0,0.0929,"заглушка: in 1/418000, out 1/32000",1,1,418000,32000,1,1,0.0766,0,0,0,0,0,2,false,false,false
100000002974256100,peripheral,0.0000,0,0.0016,"заглушка: in 1/7200, out 0/0",1,0,7200,0,1,0,0.0000,0,0,0,0,0,2,false,false,true
100000007173936100,peripheral,0.0000,0,0.0022,"заглушка: in 1/10000, out 0/0",1,0,10000,0,1,0,0.0000,0,0,0,0,0,2,false,false,true
100000002744581100,peripheral,0.0000,0,0.0027,"заглушка: in 1/12000, out 0/0",1,0,12000,0,1,0,0.0000,0,0,0,0,0,2,false,false,true
100000000596954100,peripheral,0.0000,0,0.0267,"заглушка: in 1/120000, out 2/48100",1,2,120000,48100,1,2,0.4008,0,0,0,0,0,2,false,false,false
100000004950490100,peripheral,0.0000,0,0.0022,"заглушка: in 1/10000, out 0/0",1,0,10000,0,1,0,0.0000,0,0,0,0,0,2,false,false,true
100000008772058100,peripheral,0.0000,0,0.0111,"заглушка: in 1/50000, out 0/0",1,0,50000,0,1,0,0.0000,0,0,0,0,0,2,false,false,true
100000000971908100,peripheral,0.0000,0,0.0198,"заглушка: in 1/89000, out 0/0",1,0,89000,0,1,0,0.0000,0,0,0,0,0,2,false,false,true
100000008687492100,peripheral,0.0000,0,0.0033,"заглушка: in 1/15000, out 0/0",1,0,15000,0,1,0,0.0000,0,0,0,0,0,2,false,false,true
100000003159641100,peripheral,0.0000,0,0.0142,"заглушка: in 4/64000, out 1/197800",4,1,64000,197800,7,1,3.0906,0,0,0,0,0,2,false,false,false
100000005326681100,peripheral,0.0000,0,0.0069,"заглушка: in 1/31228, out 0/0",1,0,31228,0,1,0,0.0000,0,0,0,0,0,2,false,false,true
100000006888238100,peripheral,0.0000,0,0.0040,"заглушка: in 1/18000, out 1/30000",1,1,18000,30000,1,1,1.6667,0,0,0,0,0,2,false,false,false
100000001290243100,peripheral,0.0000,0,0.0022,"заглушка: in 1/10000, out 0/0",1,0,10000,0,1,0,0.0000,0,0,0,0,0,2,false,false,true
100000008289539100,peripheral,0.0000,0,0.0033,"заглушка: in 1/14912, out 0/0",1,0,14912,0,1,0,0.0000,0,0,0,0,0,2,false,false,true
100000000821507100,peripheral,0.0000,0,0.0889,"заглушка: in 1/400000, out 0/0",1,0,400000,0,1,0,0.0000,0,0,0,0,0,2,false,false,true
100000003086040100,peripheral,0.0000,0,0.0023,"заглушка: in 1/10500, out 0/0",1,0,10500,0,1,0,0.0000,0,0,0,0,0,2,false,false,true
100000002969048100,peripheral,0.0000,0,0.0241,"заглушка: in 1/108470, out 0/0",1,0,108470,0,1,0,0.0000,0,0,0,0,0,2,false,false,true
100000002826669100,peripheral,0.0000,0,0.0355,"заглушка: in 1/159900, out 0/0",1,0,159900,0,4,0,0.0000,0,0,0,0,0,2,false,false,true
100000002293421100,peripheral,0.0000,0,0.0091,"заглушка: in 2/41000, out 2/47000",2,2,41000,47000,6,5,1.1463,0,0,0,0,0,2,false,false,false
100000004732589100,peripheral,0.0000,0,0.0506,"заглушка: in 1/227520, out 0/0",1,0,227520,0,1,0,0.0000,0,0,0,0,0,2,false,false,true
100000003003821100,peripheral,0.0000,0,0.0089,"заглушка: in 1/40000, out 0/0",1,0,40000,0,1,0,0.0000,0,0,0,0,0,2,false,false,true
100000005237935150,peripheral,0.0000,0,0.0077,"заглушка: in 1/34508, out 0/0",1,0,34508,0,1,0,0.0000,0,0,0,0,0,2,false,false,true
100000004463277100,peripheral,0.0000,0,0.0078,"заглушка: in 1/35000, out 0/0",1,0,35000,0,1,0,0.0000,0,0,0,0,0,2,false,false,true
100000006523053100,peripheral,0.0000,0,0.0011,"заглушка: in 1/5000, out 0/0",1,0,5000,0,1,0,0.0000,0,0,0,0,0,2,false,false,true
100000001954903100,peripheral,0.0000,0,0.0060,"заглушка: in 1/27118, out 0/0",1,0,27118,0,1,0,0.0000,0,0,0,0,0,2,false,false,true
100000005328215100,peripheral,0.0000,0,0.0060,"заглушка: in 1/27000, out 0/0",1,0,27000,0,1,0,0.0000,0,0,0,0,0,2,false,false,true
100000004424023100,peripheral,0.0000,0,0.0111,"заглушка: in 1/50000, out 1/100000",1,1,50000,100000,1,1,2.0000,0,0,0,0,0,2,false,false,false
100000002299948100,peripheral,0.0000,0,0.0015,"заглушка: in 1/6750, out 0/0",1,0,6750,0,1,0,0.0000,0,0,0,0,0,2,false,false,true
100000005105153100,peripheral,0.0000,0,0.0067,"заглушка: in 1/30000, out 0/0",1,0,30000,0,1,0,0.0000,0,0,0,0,0,2,false,false,true
100000001985793100,peripheral,0.0000,0,0.0933,"заглушка: in 1/420000, out 0/0",1,0,420000,0,1,0,0.0000,0,0,0,0,0,2,false,false,true
100000003134934100,peripheral,0.0000,0,0.0843,"заглушка: in 4/379354, out 0/0",4,0,379354,0,4,0,0.0000,0,0,0,0,0,2,false,false,true
100000006240939100,peripheral,0.0000,0,0.0356,"заглушка: in 1/160000, out 5/778015",1,5,160000,778015,1,5,4.8626,0,0,0,0,0,2,false,false,false
100000008656043100,peripheral,0.0000,0,0.0058,"заглушка: in 1/26200, out 0/0",1,0,26200,0,1,0,0.0000,0,0,0,0,0,2,false,false,true
100000002605184100,peripheral,0.0000,0,0.0311,"заглушка: in 1/140000, out 0/0",1,0,140000,0,1,0,0.0000,0,0,0,0,0,2,false,false,true
100000003157333100,peripheral,0.0000,0,0.0067,"заглушка: in 1/30000, out 0/0",1,0,30000,0,1,0,0.0000,0,0,0,0,0,2,false,false,true
100000007898453100,peripheral,0.0000,0,0.0055,"заглушка: in 1/24750, out 2/320000",1,2,24750,320000,1,2,12.9293,0,0,0,0,0,2,false,false,false
100000002710570100,peripheral,0.0000,0,0.0500,"заглушка: in 1/225015, out 0/0",1,0,225015,0,1,0,0.0000,0,0,0,0,0,2,false,false,true
100000004979498100,peripheral,0.0000,0,0.1556,"заглушка: in 1/700000, out 1/200000",1,1,700000,200000,2,1,0.2857,0,0,0,0,0,2,false,false,false
100000001541418100,peripheral,0.0000,0,0.0215,"заглушка: in 2/96900, out 0/0",2,0,96900,0,2,0,0.0000,0,0,0,0,0,2,false,false,true
100000007797290100,peripheral,0.0000,0,0.0222,"заглушка: in 1/100000, out 1/20000",1,1,100000,20000,1,1,0.2000,0,0,0,0,0,2,false,false,false
100000008683818100,peripheral,0.0000,0,0.0039,"заглушка: in 1/17400, out 0/0",1,0,17400,0,1,0,0.0000,0,0,0,0,0,2,false,false,true
100000006567935100,peripheral,0.0000,0,0.0444,"заглушка: in 1/200000, out 0/0",1,0,200000,0,1,0,0.0000,0,0,0,0,0,2,false,false,true
100000002132479100,peripheral,0.0000,0,0.0067,"заглушка: in 1/30000, out 1/20000",1,1,30000,20000,2,1,0.6667,0,0,0,0,0,2,false,false,false
100000002170580100,peripheral,0.0000,0,0.0333,"заглушка: in 1/150000, out 0/0",1,0,150000,0,1,0,0.0000,0,0,0,0,0,2,false,false,true
100000001232297100,peripheral,0.0000,0,0.0011,"заглушка: in 1/5000, out 2/45000",1,2,5000,45000,1,2,9.0000,0,0,0,0,0,2,false,false,false
100000002028158100,peripheral,0.0000,0,0.0077,"заглушка: in 1/34800, out 0/0",1,0,34800,0,1,0,0.0000,0,0,0,0,0,2,false,false,true
100000005519998100,peripheral,0.0000,0,0.0404,"заглушка: in 3/182000, out 3/188000",3,3,182000,188000,5,8,1.0330,0,0,0,0,0,2,false,false,false
100000002335358100,peripheral,0.0000,0,0.0311,"заглушка: in 1/140000, out 0/0",1,0,140000,0,2,0,0.0000,0,0,0,0,0,2,false,false,true
100000007289427100,peripheral,0.0000,0,0.0027,"заглушка: in 1/12300, out 0/0",1,0,12300,0,1,0,0.0000,0,0,0,0,0,2,false,false,true
100000004592467100,peripheral,0.0000,0,0.0016,"заглушка: in 1/7000, out 0/0",1,0,7000,0,1,0,0.0000,0,0,0,0,0,2,false,false,true
100000004993576100,peripheral,0.0000,0,0.0371,"заглушка: in 1/167000, out 0/0",1,0,167000,0,1,0,0.0000,0,0,0,0,0,2,false,false,true
100000001648936100,peripheral,0.0000,0,0.0206,"заглушка: in 1/92740, out 0/0",1,0,92740,0,1,0,0.0000,0,0,0,0,0,2,false,false,true
100000008512552100,peripheral,0.0000,0,0.0876,"заглушка: in 4/394360, out 6/1302275",4,6,394360,1302275,9,11,3.3022,0,0,0,0,0,2,false,false,false
100000007629096100,peripheral,0.0000,0,0.2389,"заглушка: in 4/1075170, out 1/765205",4,1,1075170,765205,5,5,0.7117,0,0,0,0,0,2,false,false,false
100000001601320100,peripheral,0.0000,0,0.0097,"заглушка: in 2/43500, out 1/46200",2,1,43500,46200,2,1,1.0621,0,0,0,0,0,2,false,false,false
100000005782781100,peripheral,0.0000,0,0.0382,"заглушка: in 6/171888, out 10/1263597",6,10,171888,1263597,10,10,7.3513,0,0,0,0,0,2,false,false,false
100000002723538100,peripheral,0.0000,0,0.0235,"заглушка: in 3/105647, out 12/560499",3,12,105647,560499,3,14,5.3054,0,0,0,0,0,2,false,false,false
100000002340562100,peripheral,0.0000,0,0.0081,"заглушка: in 1/36650, out 0/0",1,0,36650,0,2,0,0.0000,0,0,0,0,0,2,false,false,true
100000005939154100,peripheral,0.0000,0,0.0049,"заглушка: in 1/22000, out 0/0",1,0,22000,0,2,0,0.0000,0,0,0,0,0,2,false,false,true
100000004386258100,peripheral,0.0000,0,0.0137,"заглушка: in 3/61700, out 3/40000",3,3,61700,40000,3,3,0.6483,0,0,0,0,0,2,false,false,false
100000008406609100,peripheral,0.0000,0,0.0076,"заглушка: in 1/34000, out 0/0",1,0,34000,0,1,0,0.0000,0,0,0,0,0,2,false,false,true
100000007242833100,peripheral,0.0000,0,0.0239,"заглушка: in 1/107500, out 1/45000",1,1,107500,45000,3,2,0.4186,0,0,0,0,0,2,false,false,false
100000004698193100,peripheral,0.0000,0,0.0495,"заглушка: in 2/222700, out 3/38000",2,3,222700,38000,15,5,0.1706,0,0,0,0,0,2,false,false,false
100000002733905100,peripheral,0.0000,0,0.0222,"заглушка: in 3/100000, out 2/717839",3,2,100000,717839,5,3,7.1784,0,0,0,0,0,2,false,false,false
100000006912294100,peripheral,0.0000,0,0.0014,"заглушка: in 1/6335, out 2/30000",1,2,6335,30000,1,2,4.7355,0,0,0,0,0,2,false,false,false
100000003036198100,peripheral,0.0000,0,0.0033,"заглушка: in 1/15000, out 0/0",1,0,15000,0,1,0,0.0000,0,0,0,0,0,2,false,false,true
100000004687099100,peripheral,0.0000,0,0.0067,"заглушка: in 1/30000, out 0/0",1,0,30000,0,1,0,0.0000,0,0,0,0,0,2,false,false,true
100000005242320100,peripheral,0.0000,0,0.0813,"заглушка: in 2/365700, out 21/8936295",2,21,365700,8936295,2,29,24.4361,0,0,0,0,0,2,false,false,false
100000008762832100,peripheral,0.0000,0,0.0333,"заглушка: in 1/150000, out 1/85000",1,1,150000,85000,1,4,0.5667,0,0,0,0,0,2,false,false,false
100000002489253100,peripheral,0.0000,0,0.0113,"заглушка: in 1/51000, out 0/0",1,0,51000,0,1,0,0.0000,0,0,0,0,0,2,false,false,true
100000004756901100,peripheral,0.0000,0,0.0341,"заглушка: in 1/153248, out 0/0",1,0,153248,0,1,0,0.0000,0,0,0,0,0,2,false,false,true
100000008749989100,peripheral,0.0000,0,0.0036,"заглушка: in 1/16000, out 0/0",1,0,16000,0,1,0,0.0000,0,0,0,0,0,2,false,false,true
100000001380986100,peripheral,0.0000,0,0.0156,"заглушка: in 1/70170, out 0/0",1,0,70170,0,1,0,0.0000,0,0,0,0,0,2,false,false,true
100000003089018100,peripheral,0.0000,0,0.0511,"заглушка: in 1/230000, out 0/0",1,0,230000,0,1,0,0.0000,0,0,0,0,0,2,false,false,true
100000008742266100,peripheral,0.0000,0,0.0047,"заглушка: in 1/21000, out 0/0",1,0,21000,0,1,0,0.0000,0,0,0,0,0,2,false,false,true
100000003044431100,peripheral,0.0000,0,0.0133,"заглушка: in 2/60000, out 0/0",2,0,60000,0,2,0,0.0000,0,0,0,0,0,2,false,false,true
100000003321423100,peripheral,0.0000,0,0.0222,"заглушка: in 1/100000, out 0/0",1,0,100000,0,2,0,0.0000,0,0,0,0,0,2,false,false,true
100000002540623100,peripheral,0.0000,0,0.0222,"заглушка: in 1/100000, out 0/0",1,0,100000,0,1,0,0.0000,0,0,0,0,0,2,false,false,true
100000004225615100,peripheral,0.0000,0,0.0200,"заглушка: in 1/90000, out 0/0",1,0,90000,0,2,0,0.0000,0,0,0,0,0,2,false,false,true
100000004820260100,peripheral,0.0000,0,0.0520,"заглушка: in 1/234200, out 3/215350",1,3,234200,215350,12,10,0.9195,0,0,0,0,0,2,false,false,false
100000000795129100,peripheral,0.0000,0,0.0738,"заглушка: in 1/332000, out 0/0",1,0,332000,0,1,0,0.0000,0,0,0,0,0,2,false,false,true
100000008213966100,peripheral,0.0000,0,0.0416,"заглушка: in 3/187004, out 1/436900",3,1,187004,436900,7,8,2.3363,0,0,0,0,0,2,false,false,false
100000008478414100,peripheral,0.0000,0,0.0022,"заглушка: in 1/10000, out 0/0",1,0,10000,0,1,0,0.0000,0,0,0,0,0,2,false,false,true
100000001330595100,peripheral,0.0000,0,0.0193,"заглушка: in 3/87000, out 1/154000",3,1,87000,154000,6,1,1.7701,0,0,0,0,0,2,false,false,false
100000000076451100,peripheral,0.0000,0,0.0195,"заглушка: in 3/87707, out 4/58000",3,4,87707,58000,4,4,0.6613,0,0,0,0,0,2,false,false,false
100000005664632100,peripheral,0.0000,0,0.0441,"заглушка: in 1/198620, out 0/0",1,0,198620,0,18,0,0.0000,0,0,0,0,0,2,false,false,true
100000002457464100,peripheral,0.0000,0,0.0148,"заглушка: in 1/66647, out 0/0",1,0,66647,0,1,0,0.0000,0,0,0,0,0,2,false,false,true
100000002757240100,peripheral,0.0000,0,0.0114,"заглушка: in 1/51183, out 0/0",1,0,51183,0,1,0,0.0000,0,0,0,0,0,2,false,false,true
100000003718221100,peripheral,0.0000,0,0.0778,"заглушка: in 2/350000, out 4/423500",2,4,350000,423500,6,8,1.2100,0,0,0,0,0,2,false,false,false
100000008629581100,peripheral,0.0000,0,0.0120,"заглушка: in 1/54184, out 0/0",1,0,54184,0,1,0,0.0000,0,0,0,0,0,2,false,false,true
100000004806903100,peripheral,0.0000,0,0.0040,"заглушка: in 1/18000, out 0/0",1,0,18000,0,1,0,0.0000,0,0,0,0,0,2,false,false,true
100000000913911100,peripheral,0.0000,0,0.1038,"заглушка: in 2/467000, out 1/600000",2,1,467000,600000,2,1,1.2848,0,0,0,0,0,2,false,false,false
100000004905207100,peripheral,0.0000,0,0.0844,"заглушка: in 1/380000, out 0/0",1,0,380000,0,1,0,0.0000,0,0,0,0,0,2,false,false,true
100000003831201100,peripheral,0.0000,0,0.0090,"заглушка: in 1/40500, out 0/0",1,0,40500,0,3,0,0.0000,0,0,0,0,0,2,false,false,true
100000003073398100,peripheral,0.0000,0,0.0207,"заглушка: in 1/92960, out 0/0",1,0,92960,0,1,0,0.0000,0,0,0,0,0,2,false,false,true
100000008418934100,peripheral,0.0000,0,0.0800,"заглушка: in 1/360000, out 0/0",1,0,360000,0,1,0,0.0000,0,0,0,0,0,2,false,false,true
100000002741024100,peripheral,0.0000,0,0.1818,"заглушка: in 5/817981, out 6/434989",5,6,817981,434989,9,7,0.5318,0,0,0,0,0,2,false,false,false
100000008106997100,peripheral,0.0000,0,0.0079,"заглушка: in 2/35600, out 1/20600",2,1,35600,20600,2,1,0.5787,0,0,0,0,0,2,false,false,false
100000007998965100,peripheral,0.0000,0,0.0618,"заглушка: in 5/278000, out 1/26000",5,1,278000,26000,7,3,0.0935,0,0,0,0,0,2,false,false,false
100000001822623100,peripheral,0.0000,0,0.0447,"заглушка: in 1/201300, out 0/0",1,0,201300,0,1,0,0.0000,0,0,0,0,0,2,false,false,true
100000006424479100,peripheral,0.0000,0,0.1111,"заглушка: in 1/500000, out 2/220000",1,2,500000,220000,2,3,0.4400,0,0,0,0,0,2,false,false,false
100000008696692100,peripheral,0.0000,0,0.0042,"заглушка: in 1/19000, out 0/0",1,0,19000,0,1,0,0.0000,0,0,0,0,0,2,false,false,true
100000002748532100,peripheral,0.0000,0,0.0790,"заглушка: in 3/355575, out 2/646685",3,2,355575,646685,3,7,1.8187,0,0,0,0,0,2,false,false,false
100000004456564100,peripheral,0.0000,0,0.0022,"заглушка: in 1/10000, out 0/0",1,0,10000,0,2,0,0.0000,0,0,0,0,0,2,false,false,true
100000001530740100,peripheral,0.0000,0,0.0033,"заглушка: in 1/15000, out 0/0",1,0,15000,0,1,0,0.0000,0,0,0,0,0,2,false,false,true
100000001386612100,peripheral,0.0000,0,0.0138,"заглушка: in 1/62264, out 0/0",1,0,62264,0,1,0,0.0000,0,0,0,0,0,2,false,false,true
100000003360542100,peripheral,0.0000,0,0.0704,"заглушка: in 2/317000, out 2/51800",2,2,317000,51800,3,5,0.1634,0,0,0,0,0,2,false,false,false
100000008352542100,peripheral,0.0000,0,0.0112,"заглушка: in 1/50220, out 0/0",1,0,50220,0,1,0,0.0000,0,0,0,0,0,2,false,false,true
100000001138376100,peripheral,0.0000,0,0.0034,"заглушка: in 1/15300, out 0/0",1,0,15300,0,1,0,0.0000,0,0,0,0,0,2,false,false,true
100000003246024100,peripheral,0.0000,0,0.0056,"заглушка: in 1/25000, out 1/5000",1,1,25000,5000,1,1,0.2000,0,0,0,0,0,2,false,false,false
100000002680477100,peripheral,0.0000,0,0.0056,"заглушка: in 1/25000, out 0/0",1,0,25000,0,1,0,0.0000,0,0,0,0,0,2,false,false,true
100000005882013100,peripheral,0.0000,0,0.0300,"заглушка: in 2/135000, out 1/10000",2,1,135000,10000,3,1,0.0741,0,0,0,0,0,2,false,false,false
100000005665181100,peripheral,0.0000,0,0.0101,"заглушка: in 4/45498, out 11/181915",4,11,45498,181915,5,11,3.9983,0,0,0,0,0,2,false,false,false
100000008141170100,peripheral,0.0000,0,0.0024,"заглушка: in 1/11000, out 0/0",1,0,11000,0,1,0,0.0000,0,0,0,0,0,2,false,false,true
100000001382002100,peripheral,0.0000,0,0.0122,"заглушка: in 1/55000, out 1/56500",1,1,55000,56500,2,3,1.0273,0,0,0,0,0,2,false,false,false
100000002481735100,peripheral,0.0000,0,0.0050,"заглушка: in 1/22436, out 0/0",1,0,22436,0,2,0,0.0000,0,0,0,0,0,2,false,false,true
100000000806727100,peripheral,0.0000,0,0.0100,"заглушка: in 1/45000, out 1/5000",1,1,45000,5000,1,1,0.1111,0,0,0,0,0,2,false,false,false
100000003039473100,peripheral,0.0000,0,0.0051,"заглушка: in 1/23000, out 0/0",1,0,23000,0,1,0,0.0000,0,0,0,0,0,2,false,false,true
100000005205745100,peripheral,0.0000,0,0.0013,"заглушка: in 1/6000, out 0/0",1,0,6000,0,1,0,0.0000,0,0,0,0,0,2,false,false,true
100000004356593100,peripheral,0.0000,0,0.0111,"заглушка: in 1/50000, out 1/10000",1,1,50000,10000,1,1,0.2000,0,0,0,0,0,2,false,false,false
100000008688881100,peripheral,0.0000,0,0.0098,"заглушка: in 1/44211, out 0/0",1,0,44211,0,1,0,0.0000,0,0,0,0,0,2,false,false,true
100000008111003100,peripheral,0.0000,0,0.0495,"заглушка: in 6/222716, out 1/35000",6,1,222716,35000,9,1,0.1572,0,0,0,0,0,2,false,false,false
100000003016773100,peripheral,0.0000,0,0.0103,"заглушка: in 1/46555, out 0/0",1,0,46555,0,1,0,0.0000,0,0,0,0,0,2,false,false,true
100000004674799100,peripheral,0.0000,0,0.0311,"заглушка: in 1/140000, out 0/0",1,0,140000,0,5,0,0.0000,0,0,0,0,0,2,false,false,true
100000005834479100,peripheral,0.0000,0,0.0017,"заглушка: in 1/7500, out 2/14470",1,2,7500,14470,1,2,1.9293,0,0,0,0,0,2,false,false,false
100000003278020100,peripheral,0.0000,0,0.0422,"заглушка: in 1/190000, out 0/0",1,0,190000,0,1,0,0.0000,0,0,0,0,0,2,false,false,true
100000000831684100,peripheral,0.0000,0,0.0033,"заглушка: in 1/15000, out 1/50000",1,1,15000,50000,2,3,3.3333,0,0,0,0,0,2,false,false,false
100000000307908100,peripheral,0.0000,0,0.0011,"заглушка: in 1/5000, out 0/0",1,0,5000,0,1,0,0.0000,0,0,0,0,0,2,false,false,true
100000001782980100,peripheral,0.0000,0,0.0111,"заглушка: in 1/50000, out 1/596200",1,1,50000,596200,1,3,11.9240,0,0,0,0,0,2,false,false,false
100000002454724100,peripheral,0.0000,0,0.0278,"заглушка: in 1/125000, out 0/0",1,0,125000,0,3,0,0.0000,0,0,0,0,0,2,false,false,true
100000005904580100,peripheral,0.0000,0,0.0160,"заглушка: in 2/72000, out 0/0",2,0,72000,0,2,0,0.0000,0,0,0,0,0,2,false,false,true
100000008474308100,peripheral,0.0000,0,0.0031,"заглушка: in 1/14000, out 1/10000",1,1,14000,10000,2,1,0.7143,0,0,0,0,0,2,false,false,false
100000000795033100,peripheral,0.0000,0,0.0040,"заглушка: in 1/18200, out 0/0",1,0,18200,0,1,0,0.0000,0,0,0,0,0,2,false,false,true
100000000861294100,peripheral,0.0000,0,0.0333,"заглушка: in 1/150000, out 0/0",1,0,150000,0,1,0,0.0000,0,0,0,0,0,2,false,false,true
100000006557763100,peripheral,0.0000,0,0.0022,"заглушка: in 1/10000, out 0/0",1,0,10000,0,1,0,0.0000,0,0,0,0,0,2,false,false,true
100000005608515100,peripheral,0.0000,0,0.0142,"заглушка: in 1/64000, out 0/0",1,0,64000,0,4,0,0.0000,0,0,0,0,0,2,false,false,true
100000003922499100,peripheral,0.0000,0,0.0111,"заглушка: in 1/50000, out 0/0",1,0,50000,0,1,0,0.0000,0,0,0,0,0,2,false,false,true
100000008603629100,peripheral,0.0000,0,0.4038,"заглушка: in 19/1817300, out 61/4986156",19,61,1817300,4986156,45,74,2.7437,0,0,0,0,0,2,false,false,false
100000004825069100,peripheral,0.0000,0,0.0067,"заглушка: in 1/30000, out 0/0",1,0,30000,0,4,0,0.0000,0,0,0,0,0,2,false,false,true
100000004331458100,peripheral,0.0000,0,0.0556,"заглушка: in 2/250000, out 0/0",2,0,250000,0,2,0,0.0000,0,0,0,0,0,2,false,false,true
100000002911170100,peripheral,0.0000,0,0.0667,"заглушка: in 1/300000, out 0/0",1,0,300000,0,2,0,0.0000,0,0,0,0,0,2,false,false,true
100000008011159100,peripheral,0.0000,0,0.0807,"заглушка: in 3/363000, out 5/153037",3,5,363000,153037,6,5,0.4216,0,0,0,0,0,2,false,false,false
100000003854444100,peripheral,0.0000,0,0.0467,"заглушка: in 1/210000, out 14/2322909",1,14,210000,2322909,4,14,11.0615,0,0,0,0,0,2,false,false,false
100000008547948100,peripheral,0.0000,0,0.0473,"заглушка: in 6/212665, out 26/5185600",6,26,212665,5185600,7,31,24.3839,0,0,0,0,0,2,false,false,false
100000005175148100,peripheral,0.0000,0,0.0176,"заглушка: in 2/79000, out 1/15000",2,1,79000,15000,4,1,0.1899,0,0,0,0,0,2,false,false,false
100000002087788100,peripheral,0.0000,0,0.0223,"заглушка: in 1/100500, out 0/0",1,0,100500,0,1,0,0.0000,0,0,0,0,0,2,false,false,true
100000004150593100,peripheral,0.0000,0,0.0127,"заглушка: in 1/57000, out 11/871165",1,11,57000,871165,2,16,15.2836,0,0,0,0,0,2,false,false,false
100000001597505100,peripheral,0.0000,0,0.0059,"заглушка: in 1/26460, out 1/12920",1,1,26460,12920,1,1,0.4883,0,0,0,0,0,2,false,false,false
100000007629121100,peripheral,0.0000,0,0.0064,"заглушка: in 1/29000, out 0/0",1,0,29000,0,1,0,0.0000,0,0,0,0,0,2,false,false,true
100000005614315100,peripheral,0.0000,0,0.1011,"заглушка: in 1/455000, out 0/0",1,0,455000,0,1,0,0.0000,0,0,0,0,0,2,false,false,true
100000008324800100,peripheral,0.0000,0,0.1170,"заглушка: in 3/526500, out 1/511000",3,1,526500,511000,17,13,0.9706,0,0,0,0,0,2,false,false,false
100000005030592100,peripheral,0.0000,0,0.0022,"заглушка: in 1/10000, out 0/0",1,0,10000,0,1,0,0.0000,0,0,0,0,0,2,false,false,true
100000001633685100,peripheral,0.0000,0,0.0100,"заглушка: in 3/45000, out 0/0",3,0,45000,0,3,0,0.0000,0,0,0,0,0,2,false,false,true
100000001848426100,peripheral,0.0000,0,0.0212,"заглушка: in 1/95530, out 0/0",1,0,95530,0,1,0,0.0000,0,0,0,0,0,2,false,false,true
100000004580202100,peripheral,0.0000,0,0.0020,"заглушка: in 1/9000, out 3/45000",1,3,9000,45000,1,4,5.0000,0,0,0,0,0,2,false,false,false
100000008717375100,peripheral,0.0000,0,0.0066,"заглушка: in 1/29506, out 0/0",1,0,29506,0,1,0,0.0000,0,0,0,0,0,2,false,false,true
100000007861311100,peripheral,0.0000,0,0.0100,"заглушка: in 1/45000, out 0/0",1,0,45000,0,1,0,0.0000,0,0,0,0,0,2,false,false,true
100000005578559100,peripheral,0.0000,0,0.0291,"заглушка: in 2/131000, out 21/893164",2,21,131000,893164,2,23,6.8180,0,0,0,0,0,2,false,false,false
100000008764436100,peripheral,0.0000,0,0.0029,"заглушка: in 1/13100, out 0/0",1,0,13100,0,1,0,0.0000,0,0,0,0,0,2,false,false,true
100000000190228100,peripheral,0.0000,0,0.0011,"заглушка: in 1/5000, out 1/28560",1,1,5000,28560,1,1,5.7120,0,0,0,0,0,2,false,false,false
100000003971049100,peripheral,0.0000,0,0.0124,"заглушка: in 1/55900, out 0/0",1,0,55900,0,7,0,0.0000,0,0,0,0,0,2,false,false,true
100000008743913100,peripheral,0.0000,0,0.0332,"заглушка: in 3/149300, out 13/1850600",3,13,149300,1850600,3,13,12.3952,0,0,0,0,0,2,false,false,false
100000004400361100,peripheral,0.0000,0,0.0022,"заглушка: in 1/10000, out 0/0",1,0,10000,0,1,0,0.0000,0,0,0,0,0,2,false,false,true
100000002175422100,peripheral,0.0000,0,0.0152,"заглушка: in 3/68500, out 6/1621188",3,6,68500,1621188,5,14,23.6670,0,0,0,0,0,2,false,false,false
100000004544958100,peripheral,0.0000,0,0.0373,"заглушка: in 1/168000, out 2/23200",1,2,168000,23200,3,2,0.1381,0,0,0,0,0,2,false,false,false
100000008466579100,peripheral,0.0000,0,0.0082,"заглушка: in 2/36952, out 17/1933000",2,17,36952,1933000,2,20,52.3111,0,0,0,0,0,2,false,false,false
100000001184915100,peripheral,0.0000,0,0.0447,"заглушка: in 1/201000, out 0/0",1,0,201000,0,2,0,0.0000,0,0,0,0,0,2,false,false,true
100000004435304100,peripheral,0.0000,0,0.0058,"заглушка: in 1/26200, out 0/0",1,0,26200,0,1,0,0.0000,0,0,0,0,0,2,false,false,true
100000008762728100,peripheral,0.0000,0,0.0038,"заглушка: in 1/17026, out 0/0",1,0,17026,0,1,0,0.0000,0,0,0,0,0,2,false,false,true
100000004285800100,peripheral,0.0000,0,0.0011,"заглушка: in 1/5000, out 1/15000",1,1,5000,15000,1,1,3.0000,0,0,0,0,0,2,false,false,false
100000008557672100,peripheral,0.0000,0,0.0109,"заглушка: in 1/49125, out 0/0",1,0,49125,0,1,0,0.0000,0,0,0,0,0,2,false,false,true
100000005142589100,peripheral,0.0000,0,0.0111,"заглушка: in 1/50000, out 0/0",1,0,50000,0,2,0,0.0000,0,0,0,0,0,2,false,false,true
100000003747133100,peripheral,0.0000,0,0.0527,"заглушка: in 5/237068, out 2/250000",5,2,237068,250000,8,2,1.0545,0,0,0,0,0,2,false,false,false
100000003289405100,peripheral,0.0000,0,0.0789,"заглушка: in 1/355000, out 0/0",1,0,355000,0,1,0,0.0000,0,0,0,0,0,2,false,false,true
100000002691858100,peripheral,0.0000,0,0.0114,"заглушка: in 1/51500, out 0/0",1,0,51500,0,1,0,0.0000,0,0,0,0,0,2,false,false,true
100000007534354100,peripheral,0.0000,0,0.0111,"заглушка: in 1/50000, out 3/147810",1,3,50000,147810,1,3,2.9562,0,0,0,0,0,2,false,false,false
100000000765628100,peripheral,0.0000,0,0.0011,"заглушка: in 1/5000, out 0/0",1,0,5000,0,1,0,0.0000,0,0,0,0,0,2,false,false,true
100000004962193100,peripheral,0.0000,0,0.2001,"заглушка: in 8/900468, out 0/0",8,0,900468,0,11,0,0.0000,0,0,0,0,0,2,false,false,true
100000005032294100,peripheral,0.0000,0,0.0022,"заглушка: in 1/10000, out 0/0",1,0,10000,0,1,0,0.0000,0,0,0,0,0,2,false,false,true
100000001251686100,peripheral,0.0000,0,0.0040,"заглушка: in 1/18000, out 0/0",1,0,18000,0,1,0,0.0000,0,0,0,0,0,2,false,false,true
100000002398779100,peripheral,0.0000,0,0.2435,"заглушка: in 13/1095690, out 1/66000",13,1,1095690,66000,28,3,0.0602,0,0,0,0,0,2,false,false,false
100000008512827100,peripheral,0.0000,0,0.0240,"заглушка: in 3/107949, out 10/1944500",3,10,107949,1944500,3,10,18.0131,0,0,0,0,0,2,false,false,false
100000003943483100,peripheral,0.0000,0,0.0022,"заглушка: in 1/10000, out 0/0",1,0,10000,0,1,0,0.0000,0,0,0,0,0,2,false,false,true
100000005031696100,peripheral,0.0000,0,0.0011,"заглушка: in 1/5000, out 2/115000",1,2,5000,115000,1,3,23.0000,0,0,0,0,0,2,false,false,false
100000002703376100,peripheral,0.0000,0,0.0103,"заглушка: in 1/46501, out 0/0",1,0,46501,0,1,0,0.0000,0,0,0,0,0,2,false,false,true
100000003617552100,peripheral,0.0000,0,0.0056,"заглушка: in 1/25000, out 0/0",1,0,25000,0,1,0,0.0000,0,0,0,0,0,2,false,false,true
100000007617808100,peripheral,0.0000,0,0.1000,"заглушка: in 1/450000, out 0/0",1,0,450000,0,1,0,0.0000,0,0,0,0,0,2,false,false,true
100000002613776100,peripheral,0.0000,0,0.0067,"заглушка: in 1/30000, out 0/0",1,0,30000,0,2,0,0.0000,0,0,0,0,0,2,false,false,true
100000002578405100,peripheral,0.0000,0,0.2667,"заглушка: in 2/1200351, out 116/3108352",2,116,1200351,3108352,7,120,2.5895,0,0,0,0,0,2,false,false,false
100000006161893100,peripheral,0.0000,0,0.0031,"заглушка: in 1/14000, out 0/0",1,0,14000,0,1,0,0.0000,0,0,0,0,0,2,false,false,true
100000002633701100,peripheral,0.0000,0,0.0593,"заглушка: in 1/266850, out 0/0",1,0,266850,0,1,0,0.0000,0,0,0,0,0,2,false,false,true
100000002432143100,peripheral,0.0000,0,0.0181,"заглушка: in 1/81310, out 0/0",1,0,81310,0,1,0,0.0000,0,0,0,0,0,2,false,false,true
100000000490383100,peripheral,0.0000,0,0.0139,"заглушка: in 3/62600, out 8/461375",3,8,62600,461375,3,9,7.3702,0,0,0,0,0,2,false,false,false
100000005809252100,peripheral,0.0000,0,0.0056,"заглушка: in 1/25000, out 0/0",1,0,25000,0,1,0,0.0000,0,0,0,0,0,2,false,false,true
100000006612238100,peripheral,0.0000,0,0.0356,"заглушка: in 1/160000, out 1/25000",1,1,160000,25000,1,1,0.1562,0,0,0,0,0,2,false,false,false
100000002593038100,peripheral,0.0000,0,0.0063,"заглушка: in 1/28500, out 0/0",1,0,28500,0,1,0,0.0000,0,0,0,0,0,2,false,false,true
100000002947299100,peripheral,0.0000,0,0.0189,"заглушка: in 1/85000, out 0/0",1,0,85000,0,1,0,0.0000,0,0,0,0,0,2,false,false,true
100000004336312100,peripheral,0.0000,0,0.0201,"заглушка: in 3/90415, out 2/72650",3,2,90415,72650,7,3,0.8035,0,0,0,0,0,2,false,false,false
100000001308856100,peripheral,0.0000,0,0.0060,"заглушка: in 1/27000, out 0/0",1,0,27000,0,1,0,0.0000,0,0,0,0,0,2,false,false,true
100000008238989100,peripheral,0.0000,0,0.0444,"заглушка: in 1/200000, out 0/0",1,0,200000,0,2,0,0.0000,0,0,0,0,0,2,false,false,true
100000005561741100,peripheral,0.0000,0,0.0056,"заглушка: in 1/25000, out 0/0",1,0,25000,0,1,0,0.0000,0,0,0,0,0,2,false,false,true
100000006248077100,peripheral,0.0000,0,0.0111,"заглушка: in 1/50000, out 0/0",1,0,50000,0,1,0,0.0000,0,0,0,0,0,2,false,false,true
100000000646541100,peripheral,0.0000,0,0.0056,"заглушка: in 3/25300, out 0/0",3,0,25300,0,4,0,0.0000,0,0,0,0,0,2,false,false,true
100000006595426100,peripheral,0.0000,0,0.0188,"заглушка: in 1/84800, out 0/0",1,0,84800,0,3,0,0.0000,0,0,0,0,0,2,false,false,true
100000002956898100,peripheral,0.0000,0,0.0645,"заглушка: in 2/290240, out 0/0",2,0,290240,0,2,0,0.0000,0,0,0,0,0,2,false,false,true
100000001262647100,peripheral,0.0000,0,0.0053,"заглушка: in 1/23650, out 0/0",1,0,23650,0,1,0,0.0000,0,0,0,0,0,2,false,false,true
100000005849100100,peripheral,0.0000,0,0.0074,"заглушка: in 1/33300, out 0/0",1,0,33300,0,1,0,0.0000,0,0,0,0,0,2,false,false,true
100000000533217100,peripheral,0.0000,0,0.0119,"заглушка: in 1/53587, out 0/0",1,0,53587,0,1,0,0.0000,0,0,0,0,0,2,false,false,true
100000002812641100,peripheral,0.0000,0,0.0022,"заглушка: in 1/10000, out 1/7024",1,1,10000,7024,1,1,0.7024,0,0,0,0,0,2,false,false,false
100000008647905100,peripheral,0.0000,0,0.0111,"заглушка: in 1/50000, out 2/344222",1,2,50000,344222,1,2,6.8844,0,0,0,0,0,2,false,false,false
100000002842337100,peripheral,0.0000,0,0.0111,"заглушка: in 1/50000, out 0/0",1,0,50000,0,1,0,0.0000,0,0,0,0,0,2,false,false,true
100000002445750100,peripheral,0.0000,0,0.0156,"заглушка: in 1/70000, out 1/10000",1,1,70000,10000,1,1,0.1429,0,0,0,0,0,2,false,false,false
100000005619339100,peripheral,0.0000,0,0.0011,"заглушка: in 1/5000, out 1/5443",1,1,5000,5443,1,1,1.0885,0,0,0,0,0,2,false,false,false
100000006844768100,peripheral,0.0000,0,0.0627,"заглушка: in 1/282000, out 2/188000",1,2,282000,188000,5,5,0.6667,0,0,0,0,0,2,false,false,false
100000002488629100,peripheral,0.0000,0,0.0162,"заглушка: in 1/73050, out 0/0",1,0,73050,0,1,0,0.0000,0,0,0,0,0,2,false,false,true
100000002796853100,peripheral,0.0000,0,0.0442,"заглушка: in 1/199000, out 1/46168",1,1,199000,46168,8,5,0.2320,0,0,0,0,0,2,false,false,false
100000006755850100,peripheral,0.0000,0,0.0986,"заглушка: in 1/443476, out 0/0",1,0,443476,0,3,0,0.0000,0,0,0,0,0,2,false,false,true
100000008733194100,peripheral,0.0000,0,0.0559,"заглушка: in 4/251424, out 8/159695",4,8,251424,159695,4,8,0.6352,0,0,0,0,0,2,false,false,false
100000001904863100,peripheral,0.0000,0,0.1111,"заглушка: in 1/500000, out 0/0",1,0,500000,0,1,0,0.0000,0,0,0,0,0,2,false,false,true
100000001641951100,peripheral,0.0000,0,0.0056,"заглушка: in 1/25000, out 0/0",1,0,25000,0,4,0,0.0000,0,0,0,0,0,2,false,false,true
100000004816564100,peripheral,0.0000,0,0.0634,"заглушка: in 1/285480, out 1/5000",1,1,285480,5000,1,1,0.0175,0,0,0,0,0,2,false,false,false
100000002205022100,peripheral,0.0000,0,0.0016,"заглушка: in 1/7100, out 3/518000",1,3,7100,518000,1,3,72.9577,0,0,0,0,0,2,false,false,false
100000002267998100,peripheral,0.0000,0,0.0933,"заглушка: in 2/420000, out 3/1115000",2,3,420000,1115000,4,12,2.6548,0,0,0,0,0,2,false,false,false
100000002199091100,peripheral,0.0000,0,0.0144,"заглушка: in 1/65000, out 0/0",1,0,65000,0,1,0,0.0000,0,0,0,0,0,2,false,false,true
100000008571443100,peripheral,0.0000,0,0.0144,"заглушка: in 2/65000, out 0/0",2,0,65000,0,2,0,0.0000,0,0,0,0,0,2,false,false,true
100000002742067100,peripheral,0.0000,0,0.0028,"заглушка: in 1/12730, out 0/0",1,0,12730,0,1,0,0.0000,0,0,0,0,0,2,false,false,true
100000003292979100,peripheral,0.0000,0,0.0109,"заглушка: in 1/48950, out 0/0",1,0,48950,0,1,0,0.0000,0,0,0,0,0,2,false,false,true
100000002558173100,peripheral,0.0000,0,0.0021,"заглушка: in 1/9300, out 0/0",1,0,9300,0,1,0,0.0000,0,0,0,0,0,2,false,false,true
100000004687282100,peripheral,0.0000,0,0.0044,"заглушка: in 1/20000, out 0/0",1,0,20000,0,1,0,0.0000,0,0,0,0,0,2,false,false,true
100000003034546100,peripheral,0.0000,0,0.1082,"заглушка: in 1/486715, out 0/0",1,0,486715,0,2,0,0.0000,0,0,0,0,0,2,false,false,true
100000003798151100,peripheral,0.0000,0,0.0778,"заглушка: in 1/350000, out 0/0",1,0,350000,0,3,0,0.0000,0,0,0,0,0,2,false,false,true
100000008710791100,peripheral,0.0000,0,0.0403,"заглушка: in 3/181510, out 23/5521511",3,23,181510,5521511,3,25,30.4199,0,0,0,0,0,2,false,false,false
100000008688476100,peripheral,0.0000,0,0.0053,"заглушка: in 1/24000, out 0/0",1,0,24000,0,1,0,0.0000,0,0,0,0,0,2,false,false,true
100000003242289100,peripheral,0.0000,0,0.1224,"заглушка: in 3/550791, out 23/2377741",3,23,550791,2377741,8,26,4.3170,0,0,0,0,0,2,false,false,false
100000006564102100,peripheral,0.0000,0,0.0518,"заглушка: in 1/233235, out 0/0",1,0,233235,0,1,0,0.0000,0,0,0,0,0,2,false,false,true
100000001526235100,peripheral,0.0000,0,0.0182,"заглушка: in 3/82000, out 8/432750",3,8,82000,432750,4,9,5.2774,0,0,0,0,0,2,false,false,false
100000004398811100,peripheral,0.0000,0,0.0947,"заглушка: in 1/426000, out 3/1040672",1,3,426000,1040672,1,4,2.4429,0,0,0,0,0,2,false,false,false
100000002957787100,peripheral,0.0000,0,0.0189,"заглушка: in 4/84956, out 34/1276154",4,34,84956,1276154,7,41,15.0214,0,0,0,0,0,2,false,false,false
100000002621915100,peripheral,0.0000,0,0.0011,"заглушка: in 1/5000, out 0/0",1,0,5000,0,1,0,0.0000,0,0,0,0,0,2,false,false,true
100000008283183100,peripheral,0.0000,0,0.0064,"заглушка: in 1/29000, out 0/0",1,0,29000,0,1,0,0.0000,0,0,0,0,0,2,false,false,true
100000003843844100,peripheral,0.0000,0,0.0037,"заглушка: in 1/16680, out 1/238000",1,1,16680,238000,1,1,14.2686,0,0,0,0,0,3,false,false,false
100000000954884100,peripheral,0.0000,0,0.0076,"заглушка: in 1/34000, out 0/0",1,0,34000,0,1,0,0.0000,0,0,0,0,0,3,false,false,true
100000005893892100,peripheral,0.0000,0,0.0228,"заглушка: in 1/102780, out 0/0",1,0,102780,0,1,0,0.0000,0,0,0,0,0,3,false,false,true
100000001819396100,peripheral,0.0000,0,0.0369,"заглушка: in 1/166080, out 0/0",1,0,166080,0,1,0,0.0000,0,0,0,0,0,3,false,false,true
100000008472324100,peripheral,0.0000,0,0.0456,"заглушка: in 1/205200, out 0/0",1,0,205200,0,1,0,0.0000,0,0,0,0,0,3,false,false,true
100000002646745100,peripheral,0.0000,0,0.0027,"заглушка: in 1/12300, out 0/0",1,0,12300,0,1,0,0.0000,0,0,0,0,0,3,false,false,true
100000008405209100,peripheral,0.0000,0,0.0121,"заглушка: in 1/54400, out 0/0",1,0,54400,0,1,0,0.0000,0,0,0,0,0,3,false,false,true
100000004417753100,peripheral,0.0000,0,0.0427,"заглушка: in 2/192099, out 0/0",2,0,192099,0,2,0,0.0000,0,0,0,0,0,3,false,false,true
100000003457710100,peripheral,0.0000,0,0.0726,"заглушка: in 1/326555, out 1/1306000",1,1,326555,1306000,1,2,3.9993,0,0,0,0,0,3,false,false,false
100000007333038100,peripheral,0.0000,0,0.0039,"заглушка: in 1/17500, out 2/34994",1,2,17500,34994,1,2,1.9997,0,0,0,0,0,3,false,false,false
100000006444163100,peripheral,0.0000,0,0.0013,"заглушка: in 1/6026, out 0/0",1,0,6026,0,1,0,0.0000,0,0,0,0,0,3,false,false,true
100000008706947100,peripheral,0.0000,0,0.0038,"заглушка: in 1/17200, out 0/0",1,0,17200,0,1,0,0.0000,0,0,0,0,0,3,false,false,true
100000008761219100,peripheral,0.0000,0,0.0111,"заглушка: in 2/50000, out 2/375000",2,2,50000,375000,2,2,7.5000,0,0,0,0,0,3,false,false,false
100000005022552100,peripheral,0.0000,0,0.0536,"заглушка: in 1/241000, out 1/5000",1,1,241000,5000,3,1,0.0207,0,0,0,0,0,3,false,false,false
100000008735832100,peripheral,0.0000,0,0.0039,"заглушка: in 1/17600, out 0/0",1,0,17600,0,1,0,0.0000,0,0,0,0,0,3,false,false,true
100000005661528100,peripheral,0.0000,0,0.0056,"заглушка: in 1/25000, out 0/0",1,0,25000,0,1,0,0.0000,0,0,0,0,0,3,false,false,true
100000002529880100,peripheral,0.0000,0,0.0327,"заглушка: in 2/147000, out 0/0",2,0,147000,0,2,0,0.0000,0,0,0,0,0,3,false,false,true
100000001969496100,peripheral,0.0000,0,0.0051,"заглушка: in 1/22740, out 0/0",1,0,22740,0,1,0,0.0000,0,0,0,0,0,3,false,false,true
100000003215448100,peripheral,0.0000,0,0.0203,"заглушка: in 1/91309, out 2/124000",1,2,91309,124000,1,4,1.3580,0,0,0,0,0,3,false,false,false
100000006894637100,peripheral,0.0000,0,0.0117,"заглушка: in 1/52831, out 0/0",1,0,52831,0,1,0,0.0000,0,0,0,0,0,3,false,false,true
100000002936322100,peripheral,0.0000,0,0.1749,"заглушка: in 2/787133, out 0/0",2,0,787133,0,2,0,0.0000,0,0,0,0,0,3,false,false,true
100000005061890100,peripheral,0.0000,0,0.0200,"заглушка: in 1/90000, out 0/0",1,0,90000,0,1,0,0.0000,0,0,0,0,0,3,false,false,true
100000004017410100,peripheral,0.0000,0,0.0430,"заглушка: in 2/193650, out 5/1330915",2,5,193650,1330915,6,11,6.8728,0,0,0,0,0,3,false,false,false
100000002983426100,peripheral,0.0000,0,0.0198,"заглушка: in 1/88945, out 0/0",1,0,88945,0,1,0,0.0000,0,0,0,0,0,3,false,false,true
100000005530114100,peripheral,0.0000,0,0.0304,"заглушка: in 2/136970, out 1/25000",2,1,136970,25000,2,1,0.1825,0,0,0,0,0,3,false,false,false
100000001169666100,peripheral,0.0000,0,0.0489,"заглушка: in 1/220000, out 1/24000",1,1,220000,24000,2,1,0.1091,0,0,0,0,0,3,false,false,false
100000001784279100,peripheral,0.0000,0,0.0079,"заглушка: in 1/35674, out 0/0",1,0,35674,0,1,0,0.0000,0,0,0,0,0,3,false,false,true
100000008744364100,peripheral,0.0000,0,0.0053,"заглушка: in 1/23700, out 0/0",1,0,23700,0,1,0,0.0000,0,0,0,0,0,3,false,false,true
100000008714412100,peripheral,0.0000,0,0.0376,"заглушка: in 1/169000, out 0/0",1,0,169000,0,1,0,0.0000,0,0,0,0,0,3,false,false,true
100000007754369100,peripheral,0.0000,0,0.0183,"заглушка: in 1/82424, out 0/0",1,0,82424,0,1,0,0.0000,0,0,0,0,0,3,false,false,true
100000003122817100,peripheral,0.0000,0,0.0988,"заглушка: in 1/444680, out 0/0",1,0,444680,0,1,0,0.0000,0,0,0,0,0,3,false,false,true
100000003711830100,peripheral,0.0000,0,0.0111,"заглушка: in 1/50000, out 0/0",1,0,50000,0,1,0,0.0000,0,0,0,0,0,3,false,false,true
100000001110358100,peripheral,0.0000,0,0.0071,"заглушка: in 2/32000, out 0/0",2,0,32000,0,2,0,0.0000,0,0,0,0,0,3,false,false,true
100000006530134100,peripheral,0.0000,0,0.0321,"заглушка: in 2/144663, out 0/0",2,0,144663,0,2,0,0.0000,0,0,0,0,0,3,false,false,true
100000001639766100,peripheral,0.0000,0,0.0044,"заглушка: in 1/20000, out 0/0",1,0,20000,0,1,0,0.0000,0,0,0,0,0,3,false,false,true
100000003242795100,peripheral,0.0000,0,0.0247,"заглушка: in 1/111000, out 0/0",1,0,111000,0,1,0,0.0000,0,0,0,0,0,3,false,false,true
100000004970752100,peripheral,0.0000,0,0.0022,"заглушка: in 1/10000, out 0/0",1,0,10000,0,1,0,0.0000,0,0,0,0,0,3,false,false,true
100000004564736100,peripheral,0.0000,0,0.0033,"заглушка: in 1/15000, out 0/0",1,0,15000,0,2,0,0.0000,0,0,0,0,0,3,false,false,true
100000005873152100,peripheral,0.0000,0,0.0022,"заглушка: in 1/10000, out 1/10000",1,1,10000,10000,1,1,1.0000,0,0,0,0,0,3,false,false,false
100000001637376100,peripheral,0.0000,0,0.0259,"заглушка: in 1/116700, out 1/234250",1,1,116700,234250,1,2,2.0073,0,0,0,0,0,3,false,false,false
100000006710485100,peripheral,0.0000,0,0.0044,"заглушка: in 1/20000, out 0/0",1,0,20000,0,1,0,0.0000,0,0,0,0,0,3,false,false,true
100000003582677100,peripheral,0.0000,0,0.0066,"заглушка: in 2/29757, out 4/56000",2,4,29757,56000,2,5,1.8819,0,0,0,0,0,3,false,false,false
100000008713685100,peripheral,0.0000,0,0.0110,"заглушка: in 1/49700, out 0/0",1,0,49700,0,1,0,0.0000,0,0,0,0,0,3,false,false,true
100000008070101100,peripheral,0.0000,0,0.0222,"заглушка: in 1/100000, out 0/0",1,0,100000,0,1,0,0.0000,0,0,0,0,0,3,false,false,true
100000004475818100,peripheral,0.0000,0,0.0029,"заглушка: in 1/13000, out 3/53989",1,3,13000,53989,1,3,4.1530,0,0,0,0,0,3,false,false,false
100000007197866100,peripheral,0.0000,0,0.0044,"заглушка: in 1/20000, out 1/15000",1,1,20000,15000,1,1,0.7500,0,0,0,0,0,3,false,false,false
100000006965162100,peripheral,0.0000,0,0.0022,"заглушка: in 1/10000, out 0/0",1,0,10000,0,1,0,0.0000,0,0,0,0,0,3,false,false,true
100000005995391100,peripheral,0.0000,0,0.0038,"заглушка: in 1/17200, out 0/0",1,0,17200,0,1,0,0.0000,0,0,0,0,0,3,false,false,true
100000003834495100,peripheral,0.0000,0,0.1339,"заглушка: in 3/602441, out 1/20000",3,1,602441,20000,5,1,0.0332,0,0,0,0,0,3,false,false,false
100000001223977100,peripheral,0.0000,0,0.0011,"заглушка: in 1/5000, out 1/18000",1,1,5000,18000,1,1,3.6000,0,0,0,0,0,3,false,false,false
100000001046057100,peripheral,0.0000,0,0.0185,"заглушка: in 1/83420, out 0/0",1,0,83420,0,1,0,0.0000,0,0,0,0,0,3,false,false,true
100000002989353100,peripheral,0.0000,0,0.1111,"заглушка: in 1/500000, out 2/321160",1,2,500000,321160,2,2,0.6423,0,0,0,0,0,3,false,false,false
100000006714366100,peripheral,0.0000,0,0.0023,"заглушка: in 1/10500, out 1/5000",1,1,10500,5000,1,1,0.4762,0,0,0,0,0,3,false,false,false
100000001063678100,peripheral,0.0000,0,0.0078,"заглушка: in 1/35000, out 2/90000",1,2,35000,90000,1,2,2.5714,0,0,0,0,0,3,false,false,false
100000004889043100,peripheral,0.0000,0,0.0604,"заглушка: in 2/272000, out 0/0",2,0,272000,0,4,0,0.0000,0,0,0,0,0,3,false,false,true
100000002984403100,peripheral,0.0000,0,0.0044,"заглушка: in 1/20000, out 1/25000",1,1,20000,25000,1,1,1.2500,0,0,0,0,0,3,false,false,false
100000003951827100,peripheral,0.0000,0,0.0020,"заглушка: in 1/9000, out 2/17000",1,2,9000,17000,1,2,1.8889,0,0,0,0,0,3,false,false,false
100000000933075100,peripheral,0.0000,0,0.0089,"заглушка: in 1/40000, out 2/55000",1,2,40000,55000,1,2,1.3750,0,0,0,0,0,3,false,false,false
100000008502995100,peripheral,0.0000,0,0.0056,"заглушка: in 1/25000, out 0/0",1,0,25000,0,2,0,0.0000,0,0,0,0,0,3,false,false,true
100000008086440100,peripheral,0.0000,0,0.0444,"заглушка: in 1/199733, out 5/161300",1,5,199733,161300,1,6,0.8076,0,0,0,0,0,3,false,false,false
100000008465789100,peripheral,0.0000,0,0.0067,"заглушка: in 1/30099, out 16/1858100",1,16,30099,1858100,1,17,61.7329,0,0,0,0,0,3,false,false,false
100000002550141100,peripheral,0.0000,0,0.0224,"заглушка: in 1/100586, out 0/0",1,0,100586,0,1,0,0.0000,0,0,0,0,0,3,false,false,true
100000008739887100,peripheral,0.0000,0,0.0476,"заглушка: in 2/214000, out 2/307000",2,2,214000,307000,3,2,1.4346,0,0,0,0,0,3,false,false,false
100000008532050100,peripheral,0.0000,0,0.1011,"заглушка: in 1/455156, out 0/0",1,0,455156,0,1,0,0.0000,0,0,0,0,0,3,false,false,true
100000008422226100,peripheral,0.0000,0,0.0194,"заглушка: in 1/87450, out 0/0",1,0,87450,0,1,0,0.0000,0,0,0,0,0,3,false,false,true
100000002369874100,peripheral,0.0000,0,0.1333,"заглушка: in 4/600000, out 0/0",4,0,600000,0,4,0,0.0000,0,0,0,0,0,3,false,false,true
100000003321895100,peripheral,0.0000,0,0.0053,"заглушка: in 1/24000, out 2/553830",1,2,24000,553830,1,3,23.0763,0,0,0,0,0,3,false,false,false
100000001875239100,peripheral,0.0000,0,0.1582,"заглушка: in 3/712000, out 0/0",3,0,712000,0,3,0,0.0000,0,0,0,0,0,3,false,false,true
100000002216999100,peripheral,0.0000,0,0.0053,"заглушка: in 1/23677, out 0/0",1,0,23677,0,1,0,0.0000,0,0,0,0,0,3,false,false,true
100000002653948100,peripheral,0.0000,0,0.0189,"заглушка: in 1/85200, out 0/0",1,0,85200,0,1,0,0.0000,0,0,0,0,0,3,false,false,true
100000008632060100,peripheral,0.0000,0,0.0013,"заглушка: in 1/6000, out 9/339200",1,9,6000,339200,1,12,56.5333,0,0,0,0,0,3,false,false,false
100000008746449100,peripheral,0.0000,0,0.0022,"заглушка: in 1/10000, out 10/1009000",1,10,10000,1009000,1,10,100.9000,0,0,0,0,0,3,false,false,false
100000003031761100,peripheral,0.0000,0,0.1023,"заглушка: in 1/460408, out 0/0",1,0,460408,0,1,0,0.0000,0,0,0,0,0,3,false,false,true
100000008388049100,peripheral,0.0000,0,0.1103,"заглушка: in 1/496400, out 0/0",1,0,496400,0,1,0,0.0000,0,0,0,0,0,3,false,false,true
100000002677201100,peripheral,0.0000,0,0.0333,"заглушка: in 1/150000, out 1/87750",1,1,150000,87750,1,1,0.5850,0,0,0,0,0,3,false,false,false
100000002901457100,peripheral,0.0000,0,0.0756,"заглушка: in 1/340000, out 3/119000",1,3,340000,119000,1,3,0.3500,0,0,0,0,0,3,false,false,false
100000001160401100,peripheral,0.0000,0,0.0105,"заглушка: in 1/47190, out 0/0",1,0,47190,0,2,0,0.0000,0,0,0,0,0,3,false,false,true
100000002842321100,peripheral,0.0000,0,0.0356,"заглушка: in 1/160000, out 0/0",1,0,160000,0,1,0,0.0000,0,0,0,0,0,3,false,false,true
100000002547110100,peripheral,0.0000,0,0.3333,"заглушка: in 6/1500000, out 0/0",6,0,1500000,0,10,0,0.0000,0,0,0,0,0,3,false,false,true
100000001600934100,peripheral,0.0000,0,0.0401,"заглушка: in 1/180300, out 1/11000",1,1,180300,11000,2,1,0.0610,0,0,0,0,0,3,false,false,false
100000002818726100,peripheral,0.0000,0,0.0024,"заглушка: in 1/10879, out 0/0",1,0,10879,0,1,0,0.0000,0,0,0,0,0,3,false,false,true
100000008712827100,peripheral,0.0000,0,0.0169,"заглушка: in 1/76000, out 0/0",1,0,76000,0,1,0,0.0000,0,0,0,0,0,3,false,false,true
100000008259451100,peripheral,0.0000,0,0.0122,"заглушка: in 1/55000, out 0/0",1,0,55000,0,1,0,0.0000,0,0,0,0,0,3,false,false,true
100000003060517100,peripheral,0.0000,0,0.0702,"заглушка: in 1/315955, out 0/0",1,0,315955,0,1,0,0.0000,0,0,0,0,0,3,false,false,true
100000002621434100,peripheral,0.0000,0,0.0180,"заглушка: in 1/81000, out 0/0",1,0,81000,0,1,0,0.0000,0,0,0,0,0,3,false,false,true
100000001860090100,peripheral,0.0000,0,0.0011,"заглушка: in 1/5000, out 0/0",1,0,5000,0,1,0,0.0000,0,0,0,0,0,3,false,false,true
100000004689658100,peripheral,0.0000,0,0.1014,"заглушка: in 1/456100, out 1/7092",1,1,456100,7092,1,1,0.0155,0,0,0,0,0,3,false,false,false
100000003486970100,peripheral,0.0000,0,0.0333,"заглушка: in 1/150000, out 0/0",1,0,150000,0,1,0,0.0000,0,0,0,0,0,3,false,false,true
100000004659919100,peripheral,0.0000,0,0.0244,"заглушка: in 1/110000, out 1/39000",1,1,110000,39000,2,1,0.3545,0,0,0,0,0,3,false,false,false
100000006111439100,peripheral,0.0000,0,0.0046,"заглушка: in 3/20570, out 4/24000",3,4,20570,24000,3,4,1.1667,0,0,0,0,0,3,false,false,false
100000002521039100,peripheral,0.0000,0,0.0776,"заглушка: in 1/349370, out 0/0",1,0,349370,0,1,0,0.0000,0,0,0,0,0,3,false,false,true
100000008493007100,peripheral,0.0000,0,0.0058,"заглушка: in 1/26150, out 1/26150",1,1,26150,26150,1,1,1.0000,0,0,0,0,0,3,false,false,false
100000007793871100,peripheral,0.0000,0,0.0058,"заглушка: in 1/26000, out 0/0",1,0,26000,0,3,0,0.0000,0,0,0,0,0,3,false,false,true
100000001650895100,peripheral,0.0000,0,0.0341,"заглушка: in 1/153500, out 1/10000",1,1,153500,10000,1,1,0.0651,0,0,0,0,0,3,false,false,false
100000002567887100,peripheral,0.0000,0,0.0113,"заглушка: in 1/50915, out 0/0",1,0,50915,0,1,0,0.0000,0,0,0,0,0,3,false,false,true
100000008055972100,peripheral,0.0000,0,0.0063,"заглушка: in 1/28300, out 0/0",1,0,28300,0,1,0,0.0000,0,0,0,0,0,3,false,false,true
100000008684452100,peripheral,0.0000,0,0.0115,"заглушка: in 1/51800, out 0/0",1,0,51800,0,1,0,0.0000,0,0,0,0,0,3,false,false,true
100000000764836100,peripheral,0.0000,0,0.0559,"заглушка: in 1/251716, out 2/50000",1,2,251716,50000,1,2,0.1986,0,0,0,0,0,3,false,false,false
100000003072676100,peripheral,0.0000,0,0.0070,"заглушка: in 1/31545, out 0/0",1,0,31545,0,1,0,0.0000,0,0,0,0,0,3,false,false,true
100000008757369100,peripheral,0.0000,0,0.0058,"заглушка: in 1/25961, out 1/58398",1,1,25961,58398,1,3,2.2495,0,0,0,0,0,3,false,false,false
100000007618425100,peripheral,0.0000,0,0.0087,"заглушка: in 1/39348, out 0/0",1,0,39348,0,1,0,0.0000,0,0,0,0,0,3,false,false,true
100000004671609100,peripheral,0.0000,0,0.0222,"заглушка: in 1/100000, out 0/0",1,0,100000,0,1,0,0.0000,0,0,0,0,0,3,false,false,true
100000004676985100,peripheral,0.0000,0,0.0072,"заглушка: in 1/32260, out 1/27102",1,1,32260,27102,1,1,0.8401,0,0,0,0,0,3,false,false,false
100000002531406100,peripheral,0.0000,0,0.1156,"заглушка: in 1/520000, out 1/500000",1,1,520000,500000,1,1,0.9615,0,0,0,0,0,3,false,false,false
100000002877262100,peripheral,0.0000,0,0.0222,"заглушка: in 1/100000, out 0/0",1,0,100000,0,1,0,0.0000,0,0,0,0,0,3,false,false,true
100000007591246100,peripheral,0.0000,0,0.0027,"заглушка: in 1/12190, out 1/120000",1,1,12190,120000,1,1,9.8441,0,0,0,0,0,3,false,false,false
100000008712184100,peripheral,0.0000,0,0.0040,"заглушка: in 1/18000, out 0/0",1,0,18000,0,1,0,0.0000,0,0,0,0,0,3,false,false,true
100000002975437100,peripheral,0.0000,0,0.1178,"заглушка: in 1/530000, out 1/8500",1,1,530000,8500,2,1,0.0160,0,0,0,0,0,3,false,false,false
100000005008589100,peripheral,0.0000,0,0.0095,"заглушка: in 1/42807, out 0/0",1,0,42807,0,1,0,0.0000,0,0,0,0,0,3,false,false,true
100000000782285100,peripheral,0.0000,0,0.0014,"заглушка: in 1/6151, out 0/0",1,0,6151,0,1,0,0.0000,0,0,0,0,0,3,false,false,true
100000005198498100,peripheral,0.0000,0,0.0064,"заглушка: in 1/28800, out 0/0",1,0,28800,0,1,0,0.0000,0,0,0,0,0,3,false,false,true
100000008517538100,peripheral,0.0000,0,0.0346,"заглушка: in 3/155500, out 17/1439000",3,17,155500,1439000,6,18,9.2540,0,0,0,0,0,3,false,false,false
100000005756535100,peripheral,0.0000,0,0.0044,"заглушка: in 1/20000, out 0/0",1,0,20000,0,1,0,0.0000,0,0,0,0,0,3,false,false,true
100000004917367100,peripheral,0.0000,0,0.0267,"заглушка: in 2/120000, out 0/0",2,0,120000,0,2,0,0.0000,0,0,0,0,0,3,false,false,true
100000001222263100,peripheral,0.0000,0,0.1657,"заглушка: in 1/745570, out 1/420000",1,1,745570,420000,1,5,0.5633,0,0,0,0,0,3,false,false,false
100000001149815100,peripheral,0.0000,0,0.0027,"заглушка: in 1/12000, out 0/0",1,0,12000,0,1,0,0.0000,0,0,0,0,0,3,false,false,true
100000006020215100,peripheral,0.0000,0,0.0067,"заглушка: in 1/30000, out 2/33800",1,2,30000,33800,1,2,1.1267,0,0,0,0,0,3,false,false,false
100000000673868100,peripheral,0.0000,0,0.4513,"заглушка: in 1/2030650, out 5/383000",1,5,2030650,383000,5,19,0.1886,0,0,0,0,0,3,false,false,false
100000008749900100,peripheral,0.0000,0,0.0038,"заглушка: in 1/17150, out 0/0",1,0,17150,0,1,0,0.0000,0,0,0,0,0,3,false,false,true
100000002862113100,peripheral,0.0000,0,0.0105,"заглушка: in 1/47405, out 0/0",1,0,47405,0,2,0,0.0000,0,0,0,0,0,3,false,false,true
100000001066017100,peripheral,0.0000,0,0.0302,"заглушка: in 2/136123, out 4/82500",2,4,136123,82500,3,4,0.6061,0,0,0,0,0,3,false,false,false
100000008436257100,peripheral,0.0000,0,0.0078,"заглушка: in 2/35000, out 0/0",2,0,35000,0,2,0,0.0000,0,0,0,0,0,3,false,false,true
100000003016438100,peripheral,0.0000,0,0.0444,"заглушка: in 1/200000, out 1/300000",1,1,200000,300000,1,3,1.5000,0,0,0,0,0,3,false,false,false
100000002534091100,peripheral,0.0000,0,0.0049,"заглушка: in 1/22200, out 0/0",1,0,22200,0,1,0,0.0000,0,0,0,0,0,3,false,false,true
100000006882208100,peripheral,0.0000,0,0.0040,"заглушка: in 1/18000, out 0/0",1,0,18000,0,1,0,0.0000,0,0,0,0,0,3,false,false,true
100000005362848100,peripheral,0.0000,0,0.0064,"заглушка: in 1/29000, out 0/0",1,0,29000,0,1,0,0.0000,0,0,0,0,0,3,false,false,true
100000001073568100,peripheral,0.0000,0,0.1572,"заглушка: in 1/707465, out 2/219503",1,2,707465,219503,4,3,0.3103,0,0,0,0,0,3,false,false,false
100000008687733100,peripheral,0.0000,0,0.0033,"заглушка: in 1/14650, out 0/0",1,0,14650,0,1,0,0.0000,0,0,0,0,0,3,false,false,true
100000007229557100,peripheral,0.0000,0,0.1951,"заглушка: in 3/878000, out 0/0",3,0,878000,0,3,0,0.0000,0,0,0,0,0,3,false,false,true
100000001052789100,peripheral,0.0000,0,0.0158,"заглушка: in 1/70975, out 0/0",1,0,70975,0,1,0,0.0000,0,0,0,0,0,3,false,false,true
100000006967370100,peripheral,0.0000,0,0.0074,"заглушка: in 1/33225, out 1/13526",1,1,33225,13526,1,1,0.4071,0,0,0,0,0,3,false,false,false
100000001837130100,peripheral,0.0000,0,0.0384,"заглушка: in 1/172900, out 0/0",1,0,172900,0,1,0,0.0000,0,0,0,0,0,3,false,false,true
100000005820746100,peripheral,0.0000,0,0.4420,"заглушка: in 1/1989000, out 1/60000",1,1,1989000,60000,2,1,0.0302,0,0,0,0,0,3,false,false,false
100000002883402100,peripheral,0.0000,0,0.0667,"заглушка: in 3/300000, out 0/0",3,0,300000,0,3,0,0.0000,0,0,0,0,0,3,false,false,true
100000008582730100,peripheral,0.0000,0,0.0011,"заглушка: in 1/5000, out 1/5000",1,1,5000,5000,1,1,1.0000,0,0,0,0,0,3,false,false,false
100000003116106100,peripheral,0.0000,0,0.1098,"заглушка: in 1/494050, out 0/0",1,0,494050,0,2,0,0.0000,0,0,0,0,0,3,false,false,true
100000001818442100,peripheral,0.0000,0,0.0094,"заглушка: in 1/42215, out 0/0",1,0,42215,0,1,0,0.0000,0,0,0,0,0,3,false,false,true
100000008690762100,peripheral,0.0000,0,0.0059,"заглушка: in 1/26750, out 0/0",1,0,26750,0,1,0,0.0000,0,0,0,0,0,3,false,false,true
100000008712991100,peripheral,0.0000,0,0.0147,"заглушка: in 1/66100, out 0/0",1,0,66100,0,1,0,0.0000,0,0,0,0,0,3,false,false,true
100000003292191100,peripheral,0.0000,0,0.0249,"заглушка: in 1/112000, out 0/0",1,0,112000,0,1,0,0.0000,0,0,0,0,0,3,false,false,true
100000005367284100,peripheral,0.0000,0,0.0030,"заглушка: in 1/13700, out 2/48300",1,2,13700,48300,1,5,3.5255,0,0,0,0,0,3,false,false,false
100000003216073100,peripheral,0.0000,0,0.0082,"заглушка: in 1/37001, out 1/70000",1,1,37001,70000,1,1,1.8918,0,0,0,0,0,3,false,false,false
100000006169033100,peripheral,0.0000,0,0.0109,"заглушка: in 1/49000, out 3/1140271",1,3,49000,1140271,1,10,23.2708,0,0,0,0,0,3,false,false,false
100000004407753100,peripheral,0.0000,0,0.0556,"заглушка: in 1/250000, out 1/100000",1,1,250000,100000,4,1,0.4000,0,0,0,0,0,3,false,false,false
100000004420041100,peripheral,0.0000,0,0.0155,"заглушка: in 1/69638, out 7/651830",1,7,69638,651830,1,11,9.3603,0,0,0,0,0,3,false,false,false
100000004715209100,peripheral,0.0000,0,0.0011,"заглушка: in 1/5000, out 5/350450",1,5,5000,350450,1,17,70.0900,0,0,0,0,0,3,false,false,false
100000004580254100,peripheral,0.0000,0,0.0062,"заглушка: in 2/27940, out 0/0",2,0,27940,0,2,0,0.0000,0,0,0,0,0,3,false,false,true
100000001056414100,peripheral,0.0000,0,0.0556,"заглушка: in 1/250000, out 0/0",1,0,250000,0,1,0,0.0000,0,0,0,0,0,3,false,false,true
100000008686494100,peripheral,0.0000,0,0.0035,"заглушка: in 1/15700, out 0/0",1,0,15700,0,1,0,0.0000,0,0,0,0,0,3,false,false,true
100000002822472100,peripheral,0.0000,0,0.0593,"заглушка: in 2/266722, out 0/0",2,0,266722,0,2,0,0.0000,0,0,0,0,0,3,false,false,true
100000001831496100,peripheral,0.0000,0,0.0056,"заглушка: in 1/25000, out 1/373000",1,1,25000,373000,1,1,14.9200,0,0,0,0,0,3,false,false,false
100000008732488100,peripheral,0.0000,0,0.0304,"заглушка: in 1/137000, out 1/10000",1,1,137000,10000,1,1,0.0730,0,0,0,0,0,3,false,false,false
100000004007197100,peripheral,0.0000,0,0.0022,"заглушка: in 1/10048, out 0/0",1,0,10048,0,1,0,0.0000,0,0,0,0,0,3,false,false,true
100000002815005100,peripheral,0.0000,0,0.1059,"заглушка: in 1/476500, out 0/0",1,0,476500,0,1,0,0.0000,0,0,0,0,0,3,false,false,true
100000005756189100,peripheral,0.0000,0,0.0144,"заглушка: in 1/65000, out 1/49050",1,1,65000,49050,1,1,0.7546,0,0,0,0,0,3,false,false,false
100000004877085100,peripheral,0.0000,0,0.0056,"заглушка: in 1/25000, out 3/95600",1,3,25000,95600,1,9,3.8240,0,0,0,0,0,3,false,false,false
100000002713074100,peripheral,0.0000,0,0.1556,"заглушка: in 2/700000, out 1/430000",2,1,700000,430000,2,2,0.6143,0,0,0,0,0,3,false,false,false
100000002356167100,peripheral,0.0000,0,0.0667,"заглушка: in 1/300000, out 2/29500",1,2,300000,29500,1,3,0.0983,0,0,0,0,0,3,false,false,false
100000004140487100,peripheral,0.0000,0,0.0054,"заглушка: in 1/24510, out 10/262600",1,10,24510,262600,1,19,10.7140,0,0,0,0,0,3,false,false,false
100000003147719100,peripheral,0.0000,0,0.0222,"заглушка: in 1/100000, out 0/0",1,0,100000,0,1,0,0.0000,0,0,0,0,0,3,false,false,true
100000008745884100,peripheral,0.0000,0,0.0044,"заглушка: in 1/20000, out 0/0",1,0,20000,0,1,0,0.0000,0,0,0,0,0,3,false,false,true
100000002559089100,peripheral,0.0000,0,0.1589,"заглушка: in 2/715000, out 0/0",2,0,715000,0,2,0,0.0000,0,0,0,0,0,3,false,false,true
100000004984689100,peripheral,0.0000,0,0.0118,"заглушка: in 1/53030, out 0/0",1,0,53030,0,1,0,0.0000,0,0,0,0,0,3,false,false,true
100000004340038100,peripheral,0.0000,0,0.0022,"заглушка: in 1/9978, out 1/49000",1,1,9978,49000,1,1,4.9108,0,0,0,0,0,3,false,false,false
100000005052998100,peripheral,0.0000,0,0.0021,"заглушка: in 1/9500, out 1/28400",1,1,9500,28400,1,1,2.9895,0,0,0,0,0,3,false,false,false
100000007597382100,peripheral,0.0000,0,0.0035,"заглушка: in 1/15700, out 0/0",1,0,15700,0,1,0,0.0000,0,0,0,0,0,3,false,false,true
100000008697670100,peripheral,0.0000,0,0.0056,"заглушка: in 1/25350, out 0/0",1,0,25350,0,1,0,0.0000,0,0,0,0,0,3,false,false,true
100000008460102100,peripheral,0.0000,0,0.0039,"заглушка: in 1/17500, out 31/476570",1,31,17500,476570,1,34,27.2326,0,0,0,0,0,3,false,false,false
100000004399686100,peripheral,0.0000,0,0.1791,"заглушка: in 1/806000, out 0/0",1,0,806000,0,2,0,0.0000,0,0,0,0,0,3,false,false,true
100000008688155100,peripheral,0.0000,0,0.0052,"заглушка: in 1/23600, out 0/0",1,0,23600,0,1,0,0.0000,0,0,0,0,0,3,false,false,true
100000004386331100,peripheral,0.0000,0,0.0044,"заглушка: in 1/20000, out 2/17500",1,2,20000,17500,1,2,0.8750,0,0,0,0,0,3,false,false,false
100000007999728100,peripheral,0.0000,0,0.0052,"заглушка: in 1/23250, out 0/0",1,0,23250,0,1,0,0.0000,0,0,0,0,0,3,false,false,true
100000001597424100,peripheral,0.0000,0,0.0107,"заглушка: in 1/48100, out 0/0",1,0,48100,0,1,0,0.0000,0,0,0,0,0,3,false,false,true
100000003677936100,peripheral,0.0000,0,0.0158,"заглушка: in 1/71000, out 1/13000",1,1,71000,13000,1,2,0.1831,0,0,0,0,0,3,false,false,false
100000002943472100,peripheral,0.0000,0,0.0378,"заглушка: in 1/170000, out 0/0",1,0,170000,0,1,0,0.0000,0,0,0,0,0,3,false,false,true
100000004892144100,peripheral,0.0000,0,1.0000,"заглушка: in 2/4500000, out 1/180300",2,1,4500000,180300,7,1,0.0401,0,0,0,0,0,3,false,false,false
100000008077552100,peripheral,0.0000,0,0.0476,"заглушка: in 1/214000, out 0/0",1,0,214000,0,1,0,0.0000,0,0,0,0,0,3,false,false,true
100000002914245100,peripheral,0.0000,0,0.0312,"заглушка: in 1/140611, out 0/0",1,0,140611,0,1,0,0.0000,0,0,0,0,0,3,false,false,true
100000004906181100,peripheral,0.0000,0,0.0222,"заглушка: in 1/100000, out 7/2473418",1,7,100000,2473418,1,33,24.7342,0,0,0,0,0,3,false,false,false
100000008514970100,peripheral,0.0000,0,0.0844,"заглушка: in 1/379966, out 1/31000",1,1,379966,31000,1,1,0.0816,0,0,0,0,0,3,false,false,false
100000008258458100,peripheral,0.0000,0,0.0042,"заглушка: in 1/19000, out 2/1557988",1,2,19000,1557988,1,4,81.9994,0,0,0,0,0,3,false,false,false
100000003484058100,peripheral,0.0000,0,0.0244,"заглушка: in 1/110000, out 1/6000",1,1,110000,6000,1,1,0.0545,0,0,0,0,0,3,false,false,false
100000003574895100,peripheral,0.0000,0,0.0062,"заглушка: in 1/27968, out 1/20000",1,1,27968,20000,1,1,0.7151,0,0,0,0,0,3,false,false,false
100000000896111100,peripheral,0.0000,0,0.0638,"заглушка: in 1/287100, out 0/0",1,0,287100,0,1,0,0.0000,0,0,0,0,0,3,false,false,true
100000008715887100,peripheral,0.0000,0,0.0040,"заглушка: in 1/18000, out 0/0",1,0,18000,0,1,0,0.0000,0,0,0,0,0,3,false,false,true
100000000560751100,peripheral,0.0000,0,0.0056,"заглушка: in 1/25000, out 0/0",1,0,25000,0,1,0,0.0000,0,0,0,0,0,3,false,false,true
100000008708207100,peripheral,0.0000,0,0.1033,"заглушка: in 2/465000, out 0/0",2,0,465000,0,2,0,0.0000,0,0,0,0,0,3,false,false,true
100000003152964100,peripheral,0.0000,0,0.0315,"заглушка: in 1/141847, out 1/5500",1,1,141847,5500,1,1,0.0388,0,0,0,0,0,3,false,false,false
100000004991812100,peripheral,0.0000,0,0.0022,"заглушка: in 1/10000, out 0/0",1,0,10000,0,1,0,0.0000,0,0,0,0,0,3,false,false,true
100000000291908100,peripheral,0.0000,0,0.0657,"заглушка: in 1/295500, out 1/13300",1,1,295500,13300,5,1,0.0450,0,0,0,0,0,3,false,false,false
100000003132484100,peripheral,0.0000,0,0.0200,"заглушка: in 1/90000, out 0/0",1,0,90000,0,1,0,0.0000,0,0,0,0,0,3,false,false,true
100000004077081100,peripheral,0.0000,0,0.0311,"заглушка: in 1/140000, out 4/615000",1,4,140000,615000,1,6,4.3929,0,0,0,0,0,3,false,false,false
100000004770073100,peripheral,0.0000,0,0.0012,"заглушка: in 1/5462, out 1/5467",1,1,5462,5467,1,1,1.0008,0,0,0,0,0,3,false,false,false
100000003163886100,peripheral,0.0000,0,0.1111,"заглушка: in 1/500000, out 0/0",1,0,500000,0,1,0,0.0000,0,0,0,0,0,3,false,false,true
100000000795374100,peripheral,0.0000,0,0.0111,"заглушка: in 1/50000, out 0/0",1,0,50000,0,1,0,0.0000,0,0,0,0,0,3,false,false,true
100000002391278100,peripheral,0.0000,0,0.0067,"заглушка: in 1/30000, out 1/52700",1,1,30000,52700,5,2,1.7567,0,0,0,0,0,3,false,false,false
100000004635886100,peripheral,0.0000,0,0.0051,"заглушка: in 1/23000, out 0/0",1,0,23000,0,1,0,0.0000,0,0,0,0,0,3,false,false,true
100000000413678100,peripheral,0.0000,0,0.0681,"заглушка: in 2/306500, out 3/528198",2,3,306500,528198,2,18,1.7233,0,0,0,0,0,3,false,false,false
100000008659950100,peripheral,0.0000,0,0.0547,"заглушка: in 1/246000, out 0/0",1,0,246000,0,1,0,0.0000,0,0,0,0,0,3,false,false,true
100000003964910100,peripheral,0.0000,0,0.2222,"заглушка: in 2/1000000, out 0/0",2,0,1000000,0,2,0,0.0000,0,0,0,0,0,3,false,false,true
100000008764654100,peripheral,0.0000,0,0.0058,"заглушка: in 1/26150, out 0/0",1,0,26150,0,1,0,0.0000,0,0,0,0,0,3,false,false,true
100000005830339100,peripheral,0.0000,0,0.1059,"заглушка: in 5/476341, out 1/339251",5,1,476341,339251,12,1,0.7122,0,0,0,0,0,3,false,false,false
100000002032323100,peripheral,0.0000,0,0.0667,"заглушка: in 1/300000, out 1/1050000",1,1,300000,1050000,1,2,3.5000,0,0,0,0,0,3,false,false,false
100000008668099100,peripheral,0.0000,0,0.0035,"заглушка: in 1/15700, out 0/0",1,0,15700,0,1,0,0.0000,0,0,0,0,0,3,false,false,true
100000008634520100,peripheral,0.0000,0,0.0200,"заглушка: in 1/90000, out 0/0",1,0,90000,0,1,0,0.0000,0,0,0,0,0,3,false,false,true
100000002103448100,peripheral,0.0000,0,0.0060,"заглушка: in 1/27000, out 0/0",1,0,27000,0,1,0,0.0000,0,0,0,0,0,3,false,false,true
100000005996909100,peripheral,0.0000,0,0.0012,"заглушка: in 1/5500, out 0/0",1,0,5500,0,1,0,0.0000,0,0,0,0,0,3,false,false,true
100000007392365100,peripheral,0.0000,0,0.0021,"заглушка: in 1/9613, out 6/1765600",1,6,9613,1765600,1,9,183.6679,0,0,0,0,0,3,false,false,false
100000008279405100,peripheral,0.0000,0,0.0522,"заглушка: in 1/234738, out 0/0",1,0,234738,0,2,0,0.0000,0,0,0,0,0,3,false,false,true
100000008343874100,peripheral,0.0000,0,0.0630,"заглушка: in 2/283535, out 2/176400",2,2,283535,176400,2,5,0.6221,0,0,0,0,0,3,false,false,false
100000002548759100,peripheral,0.0000,0,0.0833,"заглушка: in 2/375000, out 0/0",2,0,375000,0,2,0,0.0000,0,0,0,0,0,3,false,false,true
100000003069463100,peripheral,0.0000,0,0.0026,"заглушка: in 1/11500, out 1/17920",1,1,11500,17920,1,1,1.5583,0,0,0,0,0,3,false,false,false
100000008474391100,peripheral,0.0000,0,0.0044,"заглушка: in 1/20000, out 0/0",1,0,20000,0,1,0,0.0000,0,0,0,0,0,3,false,false,true
100000003097324100,peripheral,0.0000,0,0.0653,"заглушка: in 2/294000, out 0/0",2,0,294000,0,2,0,0.0000,0,0,0,0,0,3,false,false,true
100000001852140100,peripheral,0.0000,0,0.0067,"заглушка: in 1/30000, out 0/0",1,0,30000,0,1,0,0.0000,0,0,0,0,0,3,false,false,true
100000003293377100,peripheral,0.0000,0,0.0111,"заглушка: in 1/50000, out 0/0",1,0,50000,0,1,0,0.0000,0,0,0,0,0,3,false,false,true
100000006048193100,peripheral,0.0000,0,0.0092,"заглушка: in 1/41559, out 0/0",1,0,41559,0,1,0,0.0000,0,0,0,0,0,3,false,false,true
100000002435265100,peripheral,0.0000,0,0.0295,"заглушка: in 1/132628, out 0/0",1,0,132628,0,3,0,0.0000,0,0,0,0,0,3,false,false,true
100000004587414100,peripheral,0.0000,0,0.1186,"заглушка: in 2/533603, out 0/0",2,0,533603,0,2,0,0.0000,0,0,0,0,0,3,false,false,true
100000001726614100,peripheral,0.0000,0,0.0308,"заглушка: in 1/138717, out 0/0",1,0,138717,0,1,0,0.0000,0,0,0,0,0,3,false,false,true
100000003934614100,peripheral,0.0000,0,0.0038,"заглушка: in 2/17000, out 1/11500",2,1,17000,11500,2,2,0.6765,0,0,0,0,0,3,false,false,false
100000008772246100,peripheral,0.0000,0,0.0099,"заглушка: in 1/44500, out 0/0",1,0,44500,0,1,0,0.0000,0,0,0,0,0,3,false,false,true
100000002603371100,peripheral,0.0000,0,0.0021,"заглушка: in 1/9300, out 0/0",1,0,9300,0,1,0,0.0000,0,0,0,0,0,3,false,false,true
100000004445291100,peripheral,0.0000,0,0.0043,"заглушка: in 1/19500, out 0/0",1,0,19500,0,2,0,0.0000,0,0,0,0,0,3,false,false,true
100000008571243100,peripheral,0.0000,0,0.0298,"заглушка: in 1/134000, out 0/0",1,0,134000,0,1,0,0.0000,0,0,0,0,0,3,false,false,true
100000001138283100,peripheral,0.0000,0,0.0182,"заглушка: in 1/81805, out 2/50000",1,2,81805,50000,1,2,0.6112,0,0,0,0,0,3,false,false,false
100000002593344100,peripheral,0.0000,0,0.0958,"заглушка: in 2/431000, out 0/0",2,0,431000,0,2,0,0.0000,0,0,0,0,0,3,false,false,true
100000007390016100,peripheral,0.0000,0,0.1136,"заглушка: in 1/511000, out 1/346500",1,1,511000,346500,13,14,0.6781,0,0,0,0,0,3,false,false,false
100000001285440100,peripheral,0.0000,0,0.0540,"заглушка: in 2/243000, out 0/0",2,0,243000,0,2,0,0.0000,0,0,0,0,0,3,false,false,true
100000006746688100,peripheral,0.0000,0,0.0091,"заглушка: in 1/41000, out 0/0",1,0,41000,0,1,0,0.0000,0,0,0,0,0,3,false,false,true
100000006471232100,peripheral,0.0000,0,0.0093,"заглушка: in 1/41800, out 0/0",1,0,41800,0,1,0,0.0000,0,0,0,0,0,3,false,false,true
100000008662805100,peripheral,0.0000,0,0.0037,"заглушка: in 1/16500, out 0/0",1,0,16500,0,1,0,0.0000,0,0,0,0,0,3,false,false,true
100000004292885100,peripheral,0.0000,0,0.0250,"заглушка: in 1/112700, out 0/0",1,0,112700,0,1,0,0.0000,0,0,0,0,0,3,false,false,true
100000008190442100,peripheral,0.0000,0,0.0029,"заглушка: in 1/13000, out 0/0",1,0,13000,0,1,0,0.0000,0,0,0,0,0,3,false,false,true
100000007131370100,peripheral,0.0000,0,0.0067,"заглушка: in 1/30000, out 1/30000",1,1,30000,30000,1,1,1.0000,0,0,0,0,0,3,false,false,false
100000008717802100,peripheral,0.0000,0,0.0058,"заглушка: in 1/26150, out 0/0",1,0,26150,0,1,0,0.0000,0,0,0,0,0,3,false,false,true
100000005357034100,peripheral,0.0000,0,0.0022,"заглушка: in 1/9754, out 0/0",1,0,9754,0,1,0,0.0000,0,0,0,0,0,3,false,false,true
100000005532138100,peripheral,0.0000,0,0.0056,"заглушка: in 1/25046, out 0/0",1,0,25046,0,1,0,0.0000,0,0,0,0,0,3,false,false,true
100000005264874100,peripheral,0.0000,0,0.0067,"заглушка: in 1/30000, out 2/78000",1,2,30000,78000,1,3,2.6000,0,0,0,0,0,3,false,false,false
100000008193258100,peripheral,0.0000,0,0.0167,"заглушка: in 1/75000, out 1/30000",1,1,75000,30000,2,1,0.4000,0,0,0,0,0,3,false,false,false
100000003190207100,peripheral,0.0000,0,0.0011,"заглушка: in 1/5000, out 1/377000",1,1,5000,377000,1,8,75.4000,0,0,0,0,0,3,false,false,false
100000004321983100,peripheral,0.0000,0,0.0024,"заглушка: in 1/10840, out 2/36200",1,2,10840,36200,1,3,3.3395,0,0,0,0,0,3,false,false,false
100000002633108100,peripheral,0.0000,0,0.0711,"заглушка: in 1/320000, out 0/0",1,0,320000,0,3,0,0.0000,0,0,0,0,0,3,false,false,true
100000005941908100,peripheral,0.0000,0,0.0022,"заглушка: in 1/10000, out 0/0",1,0,10000,0,1,0,0.0000,0,0,0,0,0,3,false,false,true
100000001835625100,peripheral,0.0000,0,0.0167,"заглушка: in 1/75130, out 0/0",1,0,75130,0,1,0,0.0000,0,0,0,0,0,3,false,false,true
100000008671081100,peripheral,0.0000,0,0.0083,"заглушка: in 1/37200, out 0/0",1,0,37200,0,1,0,0.0000,0,0,0,0,0,3,false,false,true
100000002908521100,peripheral,0.0000,0,0.0099,"заглушка: in 1/44500, out 0/0",1,0,44500,0,1,0,0.0000,0,0,0,0,0,3,false,false,true
100000000749118100,peripheral,0.0000,0,0.0023,"заглушка: in 1/10330, out 1/16500",1,1,10330,16500,1,1,1.5973,0,0,0,0,0,3,false,false,false
100000008652094100,peripheral,0.0000,0,0.0078,"заглушка: in 1/35000, out 0/0",1,0,35000,0,1,0,0.0000,0,0,0,0,0,3,false,false,true
100000007647294100,peripheral,0.0000,0,0.0856,"заглушка: in 1/385000, out 0/0",1,0,385000,0,1,0,0.0000,0,0,0,0,0,3,false,false,true
100000003270419100,peripheral,0.0000,0,0.0333,"заглушка: in 1/150000, out 0/0",1,0,150000,0,1,0,0.0000,0,0,0,0,0,3,false,false,true
100000003050771100,peripheral,0.0000,0,0.0509,"заглушка: in 1/229000, out 0/0",1,0,229000,0,1,0,0.0000,0,0,0,0,0,3,false,false,true
100000008427027100,peripheral,0.0000,0,0.0667,"заглушка: in 1/300000, out 0/0",1,0,300000,0,1,0,0.0000,0,0,0,0,0,3,false,false,true
100000004291560100,peripheral,0.0000,0,0.0105,"заглушка: in 1/47190, out 0/0",1,0,47190,0,1,0,0.0000,0,0,0,0,0,3,false,false,true
100000003594472100,peripheral,0.0000,0,0.0044,"заглушка: in 1/20000, out 0/0",1,0,20000,0,1,0,0.0000,0,0,0,0,0,3,false,false,true
100000002575080100,peripheral,0.0000,0,0.0029,"заглушка: in 1/13000, out 1/12500",1,1,13000,12500,1,1,0.9615,0,0,0,0,0,3,false,false,false
100000008038077100,peripheral,0.0000,0,0.1111,"заглушка: in 1/499850, out 0/0",1,0,499850,0,2,0,0.0000,0,0,0,0,0,3,false,false,true
100000003899325100,peripheral,0.0000,0,0.0111,"заглушка: in 1/50120, out 0/0",1,0,50120,0,1,0,0.0000,0,0,0,0,0,3,false,false,true
100000001155773100,peripheral,0.0000,0,0.0048,"заглушка: in 1/21500, out 0/0",1,0,21500,0,1,0,0.0000,0,0,0,0,0,3,false,false,true
100000000611474100,peripheral,0.0000,0,0.0071,"заглушка: in 1/32000, out 0/0",1,0,32000,0,1,0,0.0000,0,0,0,0,0,3,false,false,true
100000006704530100,peripheral,0.0000,0,0.1001,"заглушка: in 1/450500, out 3/428000",1,3,450500,428000,1,5,0.9501,0,0,0,0,0,3,false,false,false
100000003996562100,peripheral,0.0000,0,0.0017,"заглушка: in 1/7700, out 0/0",1,0,7700,0,1,0,0.0000,0,0,0,0,0,3,false,false,true
100000002646887100,peripheral,0.0000,0,0.0054,"заглушка: in 1/24354, out 0/0",1,0,24354,0,1,0,0.0000,0,0,0,0,0,3,false,false,true
100000002556775100,peripheral,0.0000,0,0.0667,"заглушка: in 1/300000, out 0/0",1,0,300000,0,1,0,0.0000,0,0,0,0,0,3,false,false,true
100000002722108100,peripheral,0.0000,0,0.1778,"заглушка: in 1/800000, out 0/0",1,0,800000,0,2,0,0.0000,0,0,0,0,0,3,false,false,true
100000002737980100,peripheral,0.0000,0,0.0073,"заглушка: in 1/32900, out 0/0",1,0,32900,0,1,0,0.0000,0,0,0,0,0,3,false,false,true
100000002913340100,peripheral,0.0000,0,0.0052,"заглушка: in 1/23600, out 0/0",1,0,23600,0,1,0,0.0000,0,0,0,0,0,3,false,false,true
100000003610172100,peripheral,0.0000,0,0.0156,"заглушка: in 1/70000, out 0/0",1,0,70000,0,1,0,0.0000,0,0,0,0,0,3,false,false,true
100000001052945100,peripheral,0.0000,0,0.0126,"заглушка: in 1/56520, out 3/1595700",1,3,56520,1595700,1,6,28.2325,0,0,0,0,0,3,false,false,false
100000002369510100,peripheral,0.0000,0,0.0083,"заглушка: in 1/37150, out 0/0",1,0,37150,0,1,0,0.0000,0,0,0,0,0,3,false,false,true
100000001954534100,peripheral,0.0000,0,0.0029,"заглушка: in 1/13000, out 1/40000",1,1,13000,40000,1,1,3.0769,0,0,0,0,0,3,false,false,false
100000008488166100,peripheral,0.0000,0,0.0012,"заглушка: in 1/5600, out 0/0",1,0,5600,0,1,0,0.0000,0,0,0,0,0,3,false,false,true
100000005100475100,peripheral,0.0000,0,0.0089,"заглушка: in 1/40000, out 0/0",1,0,40000,0,1,0,0.0000,0,0,0,0,0,3,false,false,true
100000002708624100,peripheral,0.0000,0,0.0056,"заглушка: in 1/25000, out 0/0",1,0,25000,0,1,0,0.0000,0,0,0,0,0,3,false,false,true
100000004591973100,peripheral,0.0000,0,0.0022,"заглушка: in 1/10000, out 1/100000",1,1,10000,100000,1,1,10.0000,0,0,0,0,0,3,false,false,false
100000000802149100,peripheral,0.0000,0,0.0231,"заглушка: in 1/104128, out 0/0",1,0,104128,0,1,0,0.0000,0,0,0,0,0,3,false,false,true
100000003095610100,peripheral,0.0000,0,0.0053,"заглушка: in 1/23665, out 0/0",1,0,23665,0,1,0,0.0000,0,0,0,0,0,3,false,false,true
100000004183610100,peripheral,0.0000,0,0.0049,"заглушка: in 1/22000, out 1/915000",1,1,22000,915000,1,3,41.5909,0,0,0,0,0,3,false,false,false
100000005198906100,peripheral,0.0000,0,0.0507,"заглушка: in 1/227970, out 1/60000",1,1,227970,60000,1,1,0.2632,0,0,0,0,0,3,false,false,false
100000008599354100,peripheral,0.0000,0,0.0393,"заглушка: in 1/177000, out 1/38200",1,1,177000,38200,1,2,0.2158,0,0,0,0,0,3,false,false,false
100000001303311100,peripheral,0.0000,0,0.2942,"заглушка: in 5/1324000, out 0/0",5,0,1324000,0,5,0,0.0000,0,0,0,0,0,3,false,false,true
100000008776420100,peripheral,0.0000,0,0.0154,"заглушка: in 1/69500, out 0/0",1,0,69500,0,1,0,0.0000,0,0,0,0,0,3,false,false,true
100000004737764100,peripheral,0.0000,0,0.1333,"заглушка: in 1/600000, out 0/0",1,0,600000,0,1,0,0.0000,0,0,0,0,0,3,false,false,true
100000003154105100,peripheral,0.0000,0,0.0133,"заглушка: in 1/60000, out 7/338000",1,7,60000,338000,1,9,5.6333,0,0,0,0,0,3,false,false,false
100000008708025100,peripheral,0.0000,0,0.0022,"заглушка: in 1/10000, out 0/0",1,0,10000,0,1,0,0.0000,0,0,0,0,0,3,false,false,true
100000008740793100,peripheral,0.0000,0,0.0047,"заглушка: in 1/21000, out 0/0",1,0,21000,0,1,0,0.0000,0,0,0,0,0,3,false,false,true
100000008459449100,peripheral,0.0000,0,0.0119,"заглушка: in 1/53700, out 0/0",1,0,53700,0,1,0,0.0000,0,0,0,0,0,3,false,false,true
100000008677518100,peripheral,0.0000,0,0.0108,"заглушка: in 1/48700, out 0/0",1,0,48700,0,1,0,0.0000,0,0,0,0,0,3,false,false,true
100000002212494100,peripheral,0.0000,0,0.0356,"заглушка: in 1/160000, out 0/0",1,0,160000,0,1,0,0.0000,0,0,0,0,0,3,false,false,true
100000001825934100,peripheral,0.0000,0,0.0089,"заглушка: in 1/40000, out 1/97000",1,1,40000,97000,1,1,2.4250,0,0,0,0,0,3,false,false,false
100000003736419100,peripheral,0.0000,0,0.0052,"заглушка: in 1/23300, out 1/10000",1,1,23300,10000,1,1,0.4292,0,0,0,0,0,3,false,false,false
100000008430691100,peripheral,0.0000,0,0.0044,"заглушка: in 1/20000, out 2/604900",1,2,20000,604900,1,2,30.2450,0,0,0,0,0,3,false,false,false
100000003073635100,peripheral,0.0000,0,0.0287,"заглушка: in 1/129231, out 0/0",1,0,129231,0,1,0,0.0000,0,0,0,0,0,3,false,false,true
100000001686328100,peripheral,0.0000,0,0.0311,"заглушка: in 1/140000, out 0/0",1,0,140000,0,1,0,0.0000,0,0,0,0,0,3,false,false,true
100000008707810100,peripheral,0.0000,0,0.0058,"заглушка: in 1/26200, out 0/0",1,0,26200,0,1,0,0.0000,0,0,0,0,0,3,false,false,true
100000001236706100,peripheral,0.0000,0,0.0317,"заглушка: in 3/142700, out 2/36000",3,2,142700,36000,3,2,0.2523,0,0,0,0,0,3,false,false,false
100000008536546100,peripheral,0.0000,0,0.0556,"заглушка: in 2/250000, out 0/0",2,0,250000,0,2,0,0.0000,0,0,0,0,0,3,false,false,true
100000007140834100,peripheral,0.0000,0,0.0023,"заглушка: in 1/10200, out 0/0",1,0,10200,0,2,0,0.0000,0,0,0,0,0,3,false,false,true
100000007022818100,peripheral,0.0000,0,0.0038,"заглушка: in 1/17200, out 0/0",1,0,17200,0,1,0,0.0000,0,0,0,0,0,3,false,false,true
100000007484343100,peripheral,0.0000,0,0.0059,"заглушка: in 2/26757, out 0/0",2,0,26757,0,2,0,0.0000,0,0,0,0,0,3,false,false,true
100000001379511100,peripheral,0.0000,0,0.0122,"заглушка: in 1/55000, out 0/0",1,0,55000,0,1,0,0.0000,0,0,0,0,0,3,false,false,true
100000004569484100,peripheral,0.0000,0,0.0218,"заглушка: in 2/98312, out 4/156000",2,4,98312,156000,3,4,1.5868,0,0,0,0,0,3,false,false,false
100000002948492100,peripheral,0.0000,0,0.0053,"заглушка: in 1/23660, out 0/0",1,0,23660,0,1,0,0.0000,0,0,0,0,0,3,false,false,true
100000002116705100,peripheral,0.0000,0,0.0039,"заглушка: in 1/17600, out 0/0",1,0,17600,0,1,0,0.0000,0,0,0,0,0,3,false,false,true
100000002481974100,peripheral,0.0000,0,0.0199,"заглушка: in 2/89447, out 2/318000",2,2,89447,318000,2,4,3.5552,0,0,0,0,0,3,false,false,false
100000003920950100,peripheral,0.0000,0,0.0718,"заглушка: in 1/323290, out 0/0",1,0,323290,0,1,0,0.0000,0,0,0,0,0,3,false,false,true
100000000733451100,peripheral,0.0000,0,0.0156,"заглушка: in 1/70000, out 1/300000",1,1,70000,300000,2,1,4.2857,0,0,0,0,0,3,false,false,false
100000005182219100,peripheral,0.0000,0,0.0122,"заглушка: in 2/55000, out 0/0",2,0,55000,0,2,0,0.0000,0,0,0,0,0,3,false,false,true
100000008633099100,peripheral,0.0000,0,0.0043,"заглушка: in 1/19468, out 1/13500",1,1,19468,13500,1,1,0.6934,0,0,0,0,0,3,false,false,false
100000001380107100,peripheral,0.0000,0,0.0013,"заглушка: in 1/6000, out 0/0",1,0,6000,0,1,0,0.0000,0,0,0,0,0,3,false,false,true
100000008755168100,peripheral,0.0000,0,0.0039,"заглушка: in 1/17600, out 0/0",1,0,17600,0,1,0,0.0000,0,0,0,0,0,3,false,false,true
100000002628576100,peripheral,0.0000,0,0.1618,"заглушка: in 2/727882, out 2/539000",2,2,727882,539000,3,2,0.7405,0,0,0,0,0,3,false,false,false
100000001611488100,peripheral,0.0000,0,0.1732,"заглушка: in 2/779300, out 0/0",2,0,779300,0,3,0,0.0000,0,0,0,0,0,3,false,false,true
100000005375968100,peripheral,0.0000,0,0.0378,"заглушка: in 1/170082, out 2/86000",1,2,170082,86000,1,4,0.5056,0,0,0,0,0,3,false,false,false
100000003581109100,peripheral,0.0000,0,0.0095,"заглушка: in 1/42750, out 0/0",1,0,42750,0,1,0,0.0000,0,0,0,0,0,3,false,false,true
100000002933386100,peripheral,0.0000,0,0.0033,"заглушка: in 1/15000, out 1/58000",1,1,15000,58000,1,1,3.8667,0,0,0,0,0,3,false,false,false
100000002284426100,peripheral,0.0000,0,0.0200,"заглушка: in 1/90000, out 0/0",1,0,90000,0,2,0,0.0000,0,0,0,0,0,3,false,false,true
100000008579978100,peripheral,0.0000,0,0.0076,"заглушка: in 1/34000, out 1/77000",1,1,34000,77000,1,6,2.2647,0,0,0,0,0,3,false,false,false
100000001549194100,peripheral,0.0000,0,0.0103,"заглушка: in 1/46500, out 0/0",1,0,46500,0,1,0,0.0000,0,0,0,0,0,3,false,false,true
100000001427082100,peripheral,0.0000,0,0.0011,"заглушка: in 1/5000, out 5/124900",1,5,5000,124900,1,6,24.9800,0,0,0,0,0,3,false,false,false
100000004657034100,peripheral,0.0000,0,0.0314,"заглушка: in 1/141250, out 0/0",1,0,141250,0,1,0,0.0000,0,0,0,0,0,3,false,false,true
100000003796063100,peripheral,0.0000,0,0.0078,"заглушка: in 1/35000, out 15/959150",1,15,35000,959150,1,23,27.4043,0,0,0,0,0,3,false,false,false
100000005268319100,peripheral,0.0000,0,0.0044,"заглушка: in 1/19713, out 5/91000",1,5,19713,91000,2,10,4.6163,0,0,0,0,0,3,false,false,false
100000008744799100,peripheral,0.0000,0,0.0028,"заглушка: in 1/12600, out 0/0",1,0,12600,0,1,0,0.0000,0,0,0,0,0,3,false,false,true
100000008677215100,peripheral,0.0000,0,0.0020,"заглушка: in 1/9000, out 0/0",1,0,9000,0,1,0,0.0000,0,0,0,0,0,3,false,false,true
100000007593823100,peripheral,0.0000,0,0.0056,"заглушка: in 3/25000, out 13/162900",3,13,25000,162900,3,21,6.5160,0,0,0,0,0,3,false,false,false
100000001282143100,peripheral,0.0000,0,0.3778,"заглушка: in 5/1700000, out 0/0",5,0,1700000,0,6,0,0.0000,0,0,0,0,0,3,false,false,true
100000008029279100,peripheral,0.0000,0,0.0038,"заглушка: in 1/17000, out 0/0",1,0,17000,0,1,0,0.0000,0,0,0,0,0,3,false,false,true
100000000594783100,peripheral,0.0000,0,0.5856,"заглушка: in 1/2635000, out 2/152500",1,2,2635000,152500,10,2,0.0579,0,0,0,0,0,3,false,false,false
100000002705460100,peripheral,0.0000,0,0.0211,"заглушка: in 1/95000, out 0/0",1,0,95000,0,1,0,0.0000,0,0,0,0,0,3,false,false,true
100000002952756100,peripheral,0.0000,0,0.0104,"заглушка: in 1/47000, out 0/0",1,0,47000,0,1,0,0.0000,0,0,0,0,0,3,false,false,true
100000004634420100,peripheral,0.0000,0,0.0058,"заглушка: in 1/26150, out 0/0",1,0,26150,0,1,0,0.0000,0,0,0,0,0,3,false,false,true
100000000583220100,peripheral,0.0000,0,0.0011,"заглушка: in 1/5000, out 1/761255",1,1,5000,761255,1,4,152.2510,0,0,0,0,0,3,false,false,false
100000003286537100,peripheral,0.0000,0,0.0340,"заглушка: in 2/153000, out 0/0",2,0,153000,0,2,0,0.0000,0,0,0,0,0,3,false,false,true
100000002958345100,peripheral,0.0000,0,0.0682,"заглушка: in 1/307000, out 0/0",1,0,307000,0,1,0,0.0000,0,0,0,0,0,3,false,false,true
100000005055454100,peripheral,0.0000,0,0.0014,"заглушка: in 1/6500, out 0/0",1,0,6500,0,1,0,0.0000,0,0,0,0,0,3,false,false,true
100000008738526100,peripheral,0.0000,0,0.0033,"заглушка: in 1/15000, out 1/140000",1,1,15000,140000,1,1,9.3333,0,0,0,0,0,3,false,false,false
100000001298099100,peripheral,0.0000,0,0.0042,"заглушка: in 1/19000, out 0/0",1,0,19000,0,1,0,0.0000,0,0,0,0,0,3,false,false,true
100000006491272100,peripheral,0.0000,0,0.0058,"заглушка: in 1/26200, out 0/0",1,0,26200,0,1,0,0.0000,0,0,0,0,0,3,false,false,true
100000000552584100,peripheral,0.0000,0,0.5556,"заглушка: in 1/2500000, out 1/57500",1,1,2500000,57500,3,1,0.0230,0,0,0,0,0,3,false,false,false
100000005187208100,peripheral,0.0000,0,0.0031,"заглушка: in 1/14160, out 0/0",1,0,14160,0,1,0,0.0000,0,0,0,0,0,3,false,false,true
100000003528285100,peripheral,0.0000,0,0.0264,"заглушка: in 4/118870, out 4/548000",4,4,118870,548000,5,6,4.6101,0,0,0,0,0,3,false,false,false
100000001484381100,peripheral,0.0000,0,0.0212,"заглушка: in 2/95585, out 0/0",2,0,95585,0,4,0,0.0000,0,0,0,0,0,3,false,false,true
100000002508637100,peripheral,0.0000,0,0.0681,"заглушка: in 1/306410, out 1/8000",1,1,306410,8000,1,1,0.0261,0,0,0,0,0,3,false,false,false
100000003149149100,peripheral,0.0000,0,0.0544,"заглушка: in 1/245000, out 0/0",1,0,245000,0,1,0,0.0000,0,0,0,0,0,3,false,false,true
100000001538095100,peripheral,0.0000,0,0.0622,"заглушка: in 2/280000, out 0/0",2,0,280000,0,2,0,0.0000,0,0,0,0,0,3,false,false,true
100000008695133100,peripheral,0.0000,0,0.0081,"заглушка: in 1/36610, out 0/0",1,0,36610,0,1,0,0.0000,0,0,0,0,0,3,false,false,true
100000008749405100,peripheral,0.0000,0,0.0083,"заглушка: in 1/37150, out 0/0",1,0,37150,0,1,0,0.0000,0,0,0,0,0,3,false,false,true
100000005815602100,peripheral,0.0000,0,0.0044,"заглушка: in 1/20000, out 1/165000",1,1,20000,165000,1,1,8.2500,0,0,0,0,0,3,false,false,false
100000006641671100,peripheral,0.0000,0,0.0049,"заглушка: in 2/22000, out 1/25000",2,1,22000,25000,2,3,1.1364,0,0,0,0,0,3,false,false,false
100000002945031100,peripheral,0.0000,0,0.0033,"заглушка: in 1/15000, out 0/0",1,0,15000,0,1,0,0.0000,0,0,0,0,0,3,false,false,true
100000003497735100,peripheral,0.0000,0,0.0278,"заглушка: in 1/125000, out 0/0",1,0,125000,0,1,0,0.0000,0,0,0,0,0,3,false,false,true
100000004644615100,peripheral,0.0000,0,0.0113,"заглушка: in 1/50810, out 2/379665",1,2,50810,379665,1,14,7.4722,0,0,0,0,0,3,false,false,false
100000002755292100,peripheral,0.0000,0,0.0452,"заглушка: in 1/203400, out 0/0",1,0,203400,0,1,0,0.0000,0,0,0,0,0,3,false,false,true
100000005142492100,peripheral,0.0000,0,0.0022,"заглушка: in 1/10000, out 1/57000",1,1,10000,57000,1,1,5.7000,0,0,0,0,0,3,false,false,false
100000002893020100,peripheral,0.0000,0,0.0041,"заглушка: in 1/18340, out 0/0",1,0,18340,0,1,0,0.0000,0,0,0,0,0,3,false,false,true
100000004500444100,peripheral,0.0000,0,0.0400,"заглушка: in 2/180000, out 1/74000",2,1,180000,74000,7,5,0.4111,0,0,0,0,0,3,false,false,false
100000008454065100,peripheral,0.0000,0,0.0053,"заглушка: in 1/24050, out 0/0",1,0,24050,0,1,0,0.0000,0,0,0,0,0,3,false,false,true
100000008416433100,peripheral,0.0000,0,0.0044,"заглушка: in 1/20000, out 0/0",1,0,20000,0,1,0,0.0000,0,0,0,0,0,3,false,false,true
100000005265073100,peripheral,0.0000,0,0.0011,"заглушка: in 1/5000, out 1/9000",1,1,5000,9000,1,1,1.8000,0,0,0,0,0,3,false,false,false
100000006734214100,peripheral,0.0000,0,0.1356,"заглушка: in 5/610000, out 3/36000",5,3,610000,36000,10,4,0.0590,0,0,0,0,0,3,false,false,false
100000002611334100,peripheral,0.0000,0,0.0107,"заглушка: in 1/48288, out 1/15500",1,1,48288,15500,1,1,0.3210,0,0,0,0,0,3,false,false,false
100000006225798100,peripheral,0.0000,0,0.1604,"заглушка: in 3/722000, out 2/26300",3,2,722000,26300,4,2,0.0364,0,0,0,0,0,3,false,false,false
100000002849158100,peripheral,0.0000,0,0.1607,"заглушка: in 3/723000, out 1/1313000",3,1,723000,1313000,3,3,1.8160,0,0,0,0,0,3,false,false,false
100000008686214100,peripheral,0.0000,0,0.0056,"заглушка: in 1/25000, out 0/0",1,0,25000,0,1,0,0.0000,0,0,0,0,0,3,false,false,true
100000004931931100,peripheral,0.0000,0,0.0053,"заглушка: in 1/23938, out 1/45000",1,1,23938,45000,1,1,1.8799,0,0,0,0,0,3,false,false,false
100000007510875100,peripheral,0.0000,0,0.0011,"заглушка: in 1/5000, out 0/0",1,0,5000,0,1,0,0.0000,0,0,0,0,0,3,false,false,true
100000005233755100,peripheral,0.0000,0,0.0056,"заглушка: in 1/25000, out 1/5000",1,1,25000,5000,1,1,0.2000,0,0,0,0,0,3,false,false,false
100000008042075100,peripheral,0.0000,0,0.0011,"заглушка: in 1/5000, out 0/0",1,0,5000,0,1,0,0.0000,0,0,0,0,0,3,false,false,true
100000001680944100,peripheral,0.0000,0,0.0873,"заглушка: in 1/393000, out 0/0",1,0,393000,0,1,0,0.0000,0,0,0,0,0,3,false,false,true
100000008417029100,peripheral,0.0000,0,0.0222,"заглушка: in 1/100000, out 0/0",1,0,100000,0,1,0,0.0000,0,0,0,0,0,3,false,false,true
100000004975919100,peripheral,0.0000,0,0.0050,"заглушка: in 1/22351, out 2/15000",1,2,22351,15000,1,2,0.6711,0,0,0,0,0,3,false,false,false
100000003087877100,peripheral,0.0000,0,0.0203,"заглушка: in 1/91486, out 0/0",1,0,91486,0,1,0,0.0000,0,0,0,0,0,3,false,false,true
100000008295429100,peripheral,0.0000,0,0.0782,"заглушка: in 1/352000, out 0/0",1,0,352000,0,1,0,0.0000,0,0,0,0,0,3,false,false,true
100000003254277100,peripheral,0.0000,0,0.0109,"заглушка: in 1/49200, out 1/44997",1,1,49200,44997,1,1,0.9146,0,0,0,0,0,3,false,false,false
100000005314565100,peripheral,0.0000,0,0.0486,"заглушка: in 1/218500, out 0/0",1,0,218500,0,3,0,0.0000,0,0,0,0,0,3,false,false,true
100000002951898100,peripheral,0.0000,0,0.0089,"заглушка: in 1/39990, out 0/0",1,0,39990,0,1,0,0.0000,0,0,0,0,0,3,false,false,true
100000001009583100,peripheral,0.0000,0,0.0875,"заглушка: in 1/393740, out 0/0",1,0,393740,0,1,0,0.0000,0,0,0,0,0,3,false,false,true
100000004064431100,peripheral,0.0000,0,0.0058,"заглушка: in 1/26000, out 1/10000",1,1,26000,10000,1,1,0.3846,0,0,0,0,0,3,false,false,false
100000001927599100,peripheral,0.0000,0,0.0418,"заглушка: in 2/188000, out 0/0",2,0,188000,0,2,0,0.0000,0,0,0,0,0,3,false,false,true
100000007737775100,peripheral,0.0000,0,0.0013,"заглушка: in 1/6000, out 0/0",1,0,6000,0,1,0,0.0000,0,0,0,0,0,3,false,false,true
100000003157679100,peripheral,0.0000,0,0.1202,"заглушка: in 4/541000, out 0/0",4,0,541000,0,4,0,0.0000,0,0,0,0,0,3,false,false,true
100000001229743100,peripheral,0.0000,0,0.0016,"заглушка: in 1/7000, out 1/9000",1,1,7000,9000,1,1,1.2857,0,0,0,0,0,3,false,false,false
100000003795588100,peripheral,0.0000,0,0.0889,"заглушка: in 1/400000, out 0/0",1,0,400000,0,2,0,0.0000,0,0,0,0,0,3,false,false,true
100000002301828100,peripheral,0.0000,0,0.0104,"заглушка: in 1/46977, out 0/0",1,0,46977,0,1,0,0.0000,0,0,0,0,0,3,false,false,true
100000005409156100,peripheral,0.0000,0,0.0578,"заглушка: in 2/260080, out 0/0",2,0,260080,0,2,0,0.0000,0,0,0,0,0,3,false,false,true
100000002513028100,peripheral,0.0000,0,0.0021,"заглушка: in 1/9500, out 3/332709",1,3,9500,332709,1,24,35.0220,0,0,0,0,0,3,false,false,false
100000003218308100,peripheral,0.0000,0,0.0025,"заглушка: in 1/11165, out 0/0",1,0,11165,0,1,0,0.0000,0,0,0,0,0,3,false,false,true
100000008489604100,peripheral,0.0000,0,0.0024,"заглушка: in 1/11000, out 0/0",1,0,11000,0,1,0,0.0000,0,0,0,0,0,3,false,false,true
100000004450649100,peripheral,0.0000,0,0.0428,"заглушка: in 2/192528, out 2/46527",2,2,192528,46527,2,2,0.2417,0,0,0,0,0,3,false,false,false
100000008767065100,peripheral,0.0000,0,0.0022,"заглушка: in 1/10000, out 0/0",1,0,10000,0,1,0,0.0000,0,0,0,0,0,3,false,false,true
100000003035737100,peripheral,0.0000,0,0.1798,"заглушка: in 2/809170, out 1/6545",2,1,809170,6545,3,1,0.0081,0,0,0,0,0,3,false,false,false
100000002748761100,peripheral,0.0000,0,0.1771,"заглушка: in 1/796800, out 0/0",1,0,796800,0,3,0,0.0000,0,0,0,0,0,3,false,false,true
100000008432942100,peripheral,0.0000,0,0.0099,"заглушка: in 1/44542, out 0/0",1,0,44542,0,2,0,0.0000,0,0,0,0,0,3,false,false,true
100000004278574100,peripheral,0.0000,0,0.0056,"заглушка: in 1/25000, out 1/12500",1,1,25000,12500,1,1,0.5000,0,0,0,0,0,3,false,false,false
100000000926766100,peripheral,0.0000,0,0.0042,"заглушка: in 1/18750, out 1/6000",1,1,18750,6000,1,1,0.3200,0,0,0,0,0,3,false,false,false
100000008661550100,peripheral,0.0000,0,0.0051,"заглушка: in 1/22800, out 0/0",1,0,22800,0,1,0,0.0000,0,0,0,0,0,3,false,false,true
100000000783406100,peripheral,0.0000,0,0.0013,"заглушка: in 1/6066, out 0/0",1,0,6066,0,1,0,0.0000,0,0,0,0,0,3,false,false,true
100000008730371100,peripheral,0.0000,0,0.1156,"заглушка: in 2/520000, out 0/0",2,0,520000,0,3,0,0.0000,0,0,0,0,0,3,false,false,true
100000002878467100,peripheral,0.0000,0,0.0444,"заглушка: in 2/200000, out 0/0",2,0,200000,0,2,0,0.0000,0,0,0,0,0,3,false,false,true
100000003171587100,peripheral,0.0000,0,0.1556,"заглушка: in 2/700000, out 2/431300",2,2,700000,431300,2,7,0.6161,0,0,0,0,0,3,false,false,false
100000002696152100,peripheral,0.0000,0,0.0048,"заглушка: in 1/21800, out 2/69000",1,2,21800,69000,3,8,3.1651,0,0,0,0,0,3,false,false,false
100000002109656100,peripheral,0.0000,0,0.1111,"заглушка: in 1/500000, out 0/0",1,0,500000,0,1,0,0.0000,0,0,0,0,0,3,false,false,true
100000001317336100,peripheral,0.0000,0,0.0292,"заглушка: in 1/131196, out 2/1752000",1,2,131196,1752000,1,3,13.3541,0,0,0,0,0,3,false,false,false
100000005222360100,peripheral,0.0000,0,0.0011,"заглушка: in 1/5000, out 1/27000",1,1,5000,27000,1,1,5.4000,0,0,0,0,0,3,false,false,false
100000001445848100,peripheral,0.0000,0,0.1213,"заглушка: in 1/546000, out 1/351850",1,1,546000,351850,13,14,0.6444,0,0,0,0,0,3,false,false,false
100000008720856100,peripheral,0.0000,0,0.0040,"заглушка: in 1/18105, out 1/46000",1,1,18105,46000,1,2,2.5407,0,0,0,0,0,3,false,false,false
100000002448088100,peripheral,0.0000,0,0.0044,"заглушка: in 3/20000, out 1/25000",3,1,20000,25000,3,1,1.2500,0,0,0,0,0,3,false,false,false
100000003109805100,peripheral,0.0000,0,0.0082,"заглушка: in 1/36929, out 0/0",1,0,36929,0,1,0,0.0000,0,0,0,0,0,3,false,false,true
100000008223661100,peripheral,0.0000,0,0.0449,"заглушка: in 2/202000, out 5/262580",2,5,202000,262580,2,5,1.2999,0,0,0,0,0,3,false,false,false
100000004096559100,peripheral,0.0000,0,0.0103,"заглушка: in 1/46200, out 0/0",1,0,46200,0,1,0,0.0000,0,0,0,0,0,3,false,false,true
100000002257794100,peripheral,0.0000,0,0.0342,"заглушка: in 1/154000, out 0/0",1,0,154000,0,1,0,0.0000,0,0,0,0,0,3,false,false,true
100000003112578100,peripheral,0.0000,0,0.0225,"заглушка: in 1/101080, out 0/0",1,0,101080,0,1,0,0.0000,0,0,0,0,0,3,false,false,true
100000007020162100,peripheral,0.0000,0,0.0192,"заглушка: in 1/86395, out 0/0",1,0,86395,0,1,0,0.0000,0,0,0,0,0,3,false,false,true
100000001934935100,peripheral,0.0000,0,0.0264,"заглушка: in 1/118935, out 0/0",1,0,118935,0,1,0,0.0000,0,0,0,0,0,3,false,false,true
100000002663511100,peripheral,0.0000,0,0.0598,"заглушка: in 1/268940, out 0/0",1,0,268940,0,1,0,0.0000,0,0,0,0,0,3,false,false,true
100000003338583100,peripheral,0.0000,0,0.0048,"заглушка: in 1/21765, out 0/0",1,0,21765,0,1,0,0.0000,0,0,0,0,0,3,false,false,true
100000002904919100,peripheral,0.0000,0,0.0134,"заглушка: in 1/60325, out 1/5500",1,1,60325,5500,1,1,0.0912,0,0,0,0,0,3,false,false,false
100000005127767100,peripheral,0.0000,0,0.0016,"заглушка: in 1/7000, out 0/0",1,0,7000,0,1,0,0.0000,0,0,0,0,0,3,false,false,true
100000004066647100,peripheral,0.0000,0,0.0113,"заглушка: in 1/51000, out 0/0",1,0,51000,0,1,0,0.0000,0,0,0,0,0,3,false,false,true
100000002394199100,peripheral,0.0000,0,0.0616,"заглушка: in 1/277398, out 1/76777",1,1,277398,76777,3,1,0.2768,0,0,0,0,0,3,false,false,false
100000003968044100,peripheral,0.0000,0,0.0089,"заглушка: in 1/40000, out 3/311000",1,3,40000,311000,1,4,7.7750,0,0,0,0,0,3,false,false,false
100000001808684100,peripheral,0.0000,0,0.0108,"заглушка: in 1/48400, out 1/37700",1,1,48400,37700,3,2,0.7789,0,0,0,0,0,3,false,false,false
100000008097580100,peripheral,0.0000,0,0.0071,"заглушка: in 2/32000, out 0/0",2,0,32000,0,4,0,0.0000,0,0,0,0,0,3,false,false,true
100000008687617100,peripheral,0.0000,0,0.0096,"заглушка: in 1/43350, out 0/0",1,0,43350,0,2,0,0.0000,0,0,0,0,0,3,false,false,true
100000005667841100,peripheral,0.0000,0,0.0413,"заглушка: in 2/186000, out 0/0",2,0,186000,0,2,0,0.0000,0,0,0,0,0,3,false,false,true
100000001329153100,peripheral,0.0000,0,0.0335,"заглушка: in 1/150687, out 0/0",1,0,150687,0,1,0,0.0000,0,0,0,0,0,3,false,false,true
100000007689942100,peripheral,0.0000,0,0.0011,"заглушка: in 1/5000, out 2/25000",1,2,5000,25000,1,2,5.0000,0,0,0,0,0,3,false,false,false
100000006476758100,peripheral,0.0000,0,0.0012,"заглушка: in 1/5200, out 0/0",1,0,5200,0,1,0,0.0000,0,0,0,0,0,3,false,false,true
100000002184107100,peripheral,0.0000,0,0.0013,"заглушка: in 1/6066, out 0/0",1,0,6066,0,1,0,0.0000,0,0,0,0,0,3,false,false,true
100000008663723100,peripheral,0.0000,0,0.0035,"заглушка: in 1/15600, out 0/0",1,0,15600,0,1,0,0.0000,0,0,0,0,0,3,false,false,true
100000000254336100,peripheral,0.0000,0,0.0216,"заглушка: in 2/97177, out 1/60000",2,1,97177,60000,2,1,0.6174,0,0,0,0,0,3,false,false,false
100000008750464100,peripheral,0.0000,0,0.0019,"заглушка: in 1/8500, out 0/0",1,0,8500,0,1,0,0.0000,0,0,0,0,0,3,false,false,true
100000001530709100,peripheral,0.0000,0,0.0120,"заглушка: in 1/53961, out 0/0",1,0,53961,0,1,0,0.0000,0,0,0,0,0,3,false,false,true
100000000656682100,peripheral,0.0000,0,0.0158,"заглушка: in 1/71000, out 2/80000",1,2,71000,80000,1,3,1.1268,0,0,0,0,0,3,false,false,false
100000008755754100,peripheral,0.0000,0,0.0016,"заглушка: in 1/7000, out 0/0",1,0,7000,0,1,0,0.0000,0,0,0,0,0,3,false,false,true
100000002691583100,peripheral,0.0000,0,0.0634,"заглушка: in 1/285200, out 0/0",1,0,285200,0,1,0,0.0000,0,0,0,0,0,3,false,false,true
100000005241556100,peripheral,0.0000,0,0.0222,"заглушка: in 1/100000, out 0/0",1,0,100000,0,1,0,0.0000,0,0,0,0,0,3,false,false,true
100000004713684100,peripheral,0.0000,0,0.0083,"заглушка: in 1/37500, out 0/0",1,0,37500,0,1,0,0.0000,0,0,0,0,0,3,false,false,true
100000006919124100,peripheral,0.0000,0,0.0056,"заглушка: in 1/25000, out 0/0",1,0,25000,0,1,0,0.0000,0,0,0,0,0,3,false,false,true
100000003006633100,peripheral,0.0000,0,0.0022,"заглушка: in 1/10000, out 0/0",1,0,10000,0,1,0,0.0000,0,0,0,0,0,3,false,false,true
100000008306857100,peripheral,0.0000,0,0.0278,"заглушка: in 1/125000, out 0/0",1,0,125000,0,1,0,0.0000,0,0,0,0,0,3,false,false,true
100000003671721100,peripheral,0.0000,0,0.0011,"заглушка: in 1/5000, out 0/0",1,0,5000,0,1,0,0.0000,0,0,0,0,0,3,false,false,true
100000002613929100,peripheral,0.0000,0,0.0063,"заглушка: in 1/28560, out 0/0",1,0,28560,0,1,0,0.0000,0,0,0,0,0,3,false,false,true
100000008669310100,peripheral,0.0000,0,0.0132,"заглушка: in 1/59567, out 0/0",1,0,59567,0,2,0,0.0000,0,0,0,0,0,3,false,false,true
100000006573438100,peripheral,0.0000,0,0.0011,"заглушка: in 1/5000, out 0/0",1,0,5000,0,1,0,0.0000,0,0,0,0,0,3,false,false,true
100000006165886100,peripheral,0.0000,0,0.0410,"заглушка: in 2/184481, out 1/75000",2,1,184481,75000,2,1,0.4065,0,0,0,0,0,3,false,false,false
100000008491390100,peripheral,0.0000,0,0.0080,"заглушка: in 1/36000, out 0/0",1,0,36000,0,1,0,0.0000,0,0,0,0,0,3,false,false,true
100000005186131100,peripheral,0.0000,0,0.0022,"заглушка: in 1/10000, out 1/10000",1,1,10000,10000,1,1,1.0000,0,0,0,0,0,3,false,false,false
100000001550419100,peripheral,0.0000,0,0.0051,"заглушка: in 1/23000, out 0/0",1,0,23000,0,1,0,0.0000,0,0,0,0,0,3,false,false,true
100000004979283100,peripheral,0.0000,0,0.0089,"заглушка: in 1/40132, out 0/0",1,0,40132,0,1,0,0.0000,0,0,0,0,0,3,false,false,true
100000002537811100,peripheral,0.0000,0,0.0116,"заглушка: in 1/52000, out 1/15000",1,1,52000,15000,1,1,0.2885,0,0,0,0,0,3,false,false,false
100000002990675100,peripheral,0.0000,0,0.0114,"заглушка: in 1/51143, out 0/0",1,0,51143,0,1,0,0.0000,0,0,0,0,0,3,false,false,true
100000008763688100,peripheral,0.0000,0,0.0047,"заглушка: in 1/21000, out 0/0",1,0,21000,0,1,0,0.0000,0,0,0,0,0,3,false,false,true
100000002809896100,peripheral,0.0000,0,0.0084,"заглушка: in 1/38000, out 0/0",1,0,38000,0,1,0,0.0000,0,0,0,0,0,3,false,false,true
100000008716072100,peripheral,0.0000,0,0.0027,"заглушка: in 1/12100, out 0/0",1,0,12100,0,1,0,0.0000,0,0,0,0,0,3,false,false,true
100000001279272100,peripheral,0.0000,0,0.0556,"заглушка: in 1/250000, out 2/136758",1,2,250000,136758,1,2,0.5470,0,0,0,0,0,3,false,false,false
100000001714173100,peripheral,0.0000,0,0.1420,"заглушка: in 1/638905, out 0/0",1,0,638905,0,6,0,0.0000,0,0,0,0,0,3,false,false,true
100000008729597100,peripheral,0.0000,0,0.0185,"заглушка: in 1/83090, out 0/0",1,0,83090,0,1,0,0.0000,0,0,0,0,0,3,false,false,true
100000002255058100,peripheral,0.0000,0,0.1092,"заглушка: in 1/491500, out 0/0",1,0,491500,0,2,0,0.0000,0,0,0,0,0,3,false,false,true
100000006111442100,peripheral,0.0000,0,0.0142,"заглушка: in 1/64000, out 0/0",1,0,64000,0,1,0,0.0000,0,0,0,0,0,3,false,false,true
100000008686247100,peripheral,0.0000,0,0.0049,"заглушка: in 1/22000, out 1/5000",1,1,22000,5000,2,1,0.2273,0,0,0,0,0,3,false,false,false
100000001893287100,peripheral,0.0000,0,0.0040,"заглушка: in 1/18000, out 1/152700",1,1,18000,152700,3,14,8.4833,0,0,0,0,0,3,false,false,false
100000005172860100,peripheral,0.0000,0,0.0034,"заглушка: in 1/15209, out 0/0",1,0,15209,0,1,0,0.0000,0,0,0,0,0,3,false,false,true
100000001788284100,peripheral,0.0000,0,0.0018,"заглушка: in 1/8000, out 5/296700",1,5,8000,296700,1,8,37.0875,0,0,0,0,0,3,false,false,false
100000008755580100,peripheral,0.0000,0,0.0036,"заглушка: in 1/16000, out 0/0",1,0,16000,0,1,0,0.0000,0,0,0,0,0,3,false,false,true
100000003896956100,peripheral,0.0000,0,0.0022,"заглушка: in 1/10000, out 1/27000",1,1,10000,27000,1,2,2.7000,0,0,0,0,0,3,false,false,false
100000002475601100,peripheral,0.0000,0,0.0516,"заглушка: in 1/232301, out 0/0",1,0,232301,0,1,0,0.0000,0,0,0,0,0,3,false,false,true
100000008619857100,peripheral,0.0000,0,0.0064,"заглушка: in 1/29000, out 2/13000",1,2,29000,13000,1,2,0.4483,0,0,0,0,0,3,false,false,false
100000001373265100,peripheral,0.0000,0,0.0317,"заглушка: in 1/142482, out 1/5000",1,1,142482,5000,1,1,0.0351,0,0,0,0,0,3,false,false,false
100000004185681100,peripheral,0.0000,0,0.0022,"заглушка: in 1/10000, out 0/0",1,0,10000,0,1,0,0.0000,0,0,0,0,0,3,false,false,true
100000003031633100,peripheral,0.0000,0,0.0920,"заглушка: in 1/414000, out 0/0",1,0,414000,0,2,0,0.0000,0,0,0,0,0,3,false,false,true
100000002632742100,peripheral,0.0000,0,0.0523,"заглушка: in 2/235500, out 0/0",2,0,235500,0,2,0,0.0000,0,0,0,0,0,3,false,false,true
100000005847078100,peripheral,0.0000,0,0.0036,"заглушка: in 1/16300, out 0/0",1,0,16300,0,1,0,0.0000,0,0,0,0,0,3,false,false,true
100000002807334100,peripheral,0.0000,0,0.0122,"заглушка: in 1/54715, out 0/0",1,0,54715,0,1,0,0.0000,0,0,0,0,0,3,false,false,true
100000008748795100,peripheral,0.0000,0,0.0105,"заглушка: in 1/47057, out 0/0",1,0,47057,0,1,0,0.0000,0,0,0,0,0,3,false,false,true
100000003899899100,peripheral,0.0000,0,0.0486,"заглушка: in 2/218500, out 1/10000",2,1,218500,10000,5,1,0.0458,0,0,0,0,0,3,false,false,false
100000002308091100,peripheral,0.0000,0,0.0415,"заглушка: in 1/186720, out 0/0",1,0,186720,0,1,0,0.0000,0,0,0,0,0,3,false,false,true
100000008680912100,peripheral,0.0000,0,0.0100,"заглушка: in 1/45112, out 1/5991",1,1,45112,5991,2,1,0.1328,0,0,0,0,0,3,false,false,false
100000008742053100,peripheral,0.0000,0,0.0022,"заглушка: in 1/10000, out 12/2789000",1,12,10000,2789000,1,12,278.9000,0,0,0,0,0,3,false,false,false
100000008473765100,peripheral,0.0000,0,0.0067,"заглушка: in 1/30000, out 0/0",1,0,30000,0,1,0,0.0000,0,0,0,0,0,3,false,false,true
100000007472293100,peripheral,0.0000,0,0.0011,"заглушка: in 1/5000, out 3/345900",1,3,5000,345900,1,3,69.1800,0,0,0,0,0,3,false,false,false
100000008753061100,peripheral,0.0000,0,0.0063,"заглушка: in 1/28400, out 0/0",1,0,28400,0,2,0,0.0000,0,0,0,0,0,3,false,false,true
100000008501413100,peripheral,0.0000,0,0.0011,"заглушка: in 1/5000, out 1/5100",1,1,5000,5100,1,1,1.0200,0,0,0,0,0,3,false,false,false
100000002748581100,peripheral,0.0000,0,0.0092,"заглушка: in 1/41180, out 0/0",1,0,41180,0,1,0,0.0000,0,0,0,0,0,3,false,false,true
100000001384826100,peripheral,0.0000,0,0.0809,"заглушка: in 1/364260, out 1/10000",1,1,364260,10000,1,1,0.0275,0,0,0,0,0,3,false,false,false
100000004099450100,peripheral,0.0000,0,0.0069,"заглушка: in 1/31000, out 0/0",1,0,31000,0,1,0,0.0000,0,0,0,0,0,3,false,false,true
100000002926970100,peripheral,0.0000,0,0.0189,"заглушка: in 1/85000, out 0/0",1,0,85000,0,1,0,0.0000,0,0,0,0,0,3,false,false,true
100000002753146100,peripheral,0.0000,0,0.1786,"заглушка: in 1/803540, out 0/0",1,0,803540,0,3,0,0.0000,0,0,0,0,0,3,false,false,true
100000003943247100,peripheral,0.0000,0,0.0089,"заглушка: in 1/40000, out 0/0",1,0,40000,0,1,0,0.0000,0,0,0,0,0,3,false,false,true
100000002872399100,peripheral,0.0000,0,0.2422,"заглушка: in 1/1090000, out 0/0",1,0,1090000,0,9,0,0.0000,0,0,0,0,0,3,false,false,true
100000008417359100,peripheral,0.0000,0,0.0091,"заглушка: in 1/40810, out 2/110760",1,2,40810,110760,2,3,2.7140,0,0,0,0,0,3,false,false,false
100000002614095100,peripheral,0.0000,0,0.0012,"заглушка: in 1/5300, out 0/0",1,0,5300,0,1,0,0.0000,0,0,0,0,0,3,false,false,true
100000004717647100,peripheral,0.0000,0,0.0667,"заглушка: in 1/300000, out 5/2240000",1,5,300000,2240000,2,10,7.4667,0,0,0,0,0,3,false,false,false
100000008537380100,peripheral,0.0000,0,0.0018,"заглушка: in 1/8000, out 0/0",1,0,8000,0,1,0,0.0000,0,0,0,0,0,3,false,false,true
100000001534244100,peripheral,0.0000,0,0.0813,"заглушка: in 2/366000, out 1/45000",2,1,366000,45000,2,1,0.1230,0,0,0,0,0,3,false,false,false
100000008767950100,peripheral,0.0000,0,0.0039,"заглушка: in 1/17350, out 0/0",1,0,17350,0,1,0,0.0000,0,0,0,0,0,3,false,false,true
100000004613582100,peripheral,0.0000,0,0.0011,"заглушка: in 1/5000, out 1/9500",1,1,5000,9500,1,1,1.9000,0,0,0,0,0,3,false,false,false
100000008121806100,peripheral,0.0000,0,0.0149,"заглушка: in 1/67000, out 4/248509",1,4,67000,248509,1,6,3.7091,0,0,0,0,0,3,false,false,false
100000002369443100,peripheral,0.0000,0,0.0111,"заглушка: in 1/50000, out 0/0",1,0,50000,0,1,0,0.0000,0,0,0,0,0,3,false,false,true
100000008655779100,peripheral,0.0000,0,0.0104,"заглушка: in 1/47000, out 2/24704",1,2,47000,24704,1,2,0.5256,0,0,0,0,0,3,false,false,false
100000008561016100,peripheral,0.0000,0,0.0400,"заглушка: in 1/180000, out 1/185000",1,1,180000,185000,2,4,1.0278,0,0,0,0,0,3,false,false,false
100000002727288100,peripheral,0.0000,0,0.0036,"заглушка: in 1/16000, out 0/0",1,0,16000,0,1,0,0.0000,0,0,0,0,0,3,false,false,true
100000001270349100,peripheral,0.0000,0,0.0444,"заглушка: in 1/200000, out 0/0",1,0,200000,0,1,0,0.0000,0,0,0,0,0,3,false,false,true
100000004722765100,peripheral,0.0000,0,0.0511,"заглушка: in 1/230000, out 3/2284500",1,3,230000,2284500,1,9,9.9326,0,0,0,0,0,3,false,false,false
100000001677389100,peripheral,0.0000,0,0.0024,"заглушка: in 1/11000, out 1/5400",1,1,11000,5400,1,1,0.4909,0,0,0,0,0,3,false,false,false
100000005857058100,peripheral,0.0000,0,0.0178,"заглушка: in 3/80222, out 0/0",3,0,80222,0,3,0,0.0000,0,0,0,0,0,3,false,false,true
100000008760098100,peripheral,0.0000,0,0.0016,"заглушка: in 1/7000, out 1/390000",1,1,7000,390000,1,1,55.7143,0,0,0,0,0,3,false,false,false
100000002838519100,peripheral,0.0000,0,0.0104,"заглушка: in 1/46900, out 0/0",1,0,46900,0,1,0,0.0000,0,0,0,0,0,3,false,false,true
100000002597623100,peripheral,0.0000,0,0.0036,"заглушка: in 1/16418, out 0/0",1,0,16418,0,1,0,0.0000,0,0,0,0,0,3,false,false,true
100000003635660100,peripheral,0.0000,0,0.0042,"заглушка: in 1/18985, out 0/0",1,0,18985,0,1,0,0.0000,0,0,0,0,0,3,false,false,true
100000008676812100,peripheral,0.0000,0,0.0513,"заглушка: in 1/230800, out 0/0",1,0,230800,0,1,0,0.0000,0,0,0,0,0,3,false,false,true
100000003213473100,peripheral,0.0000,0,0.0128,"заглушка: in 1/57500, out 11/240000",1,11,57500,240000,2,12,4.1739,0,0,0,0,0,3,false,false,false
100000003071649100,peripheral,0.0000,0,0.0421,"заглушка: in 1/189500, out 0/0",1,0,189500,0,1,0,0.0000,0,0,0,0,0,3,false,false,true
100000002433697100,peripheral,0.0000,0,0.0289,"заглушка: in 1/130000, out 1/110000",1,1,130000,110000,1,1,0.8462,0,0,0,0,0,3,false,false,false
100000008612257100,peripheral,0.0000,0,0.0021,"заглушка: in 1/9500, out 0/0",1,0,9500,0,1,0,0.0000,0,0,0,0,0,3,false,false,true
100000002736033100,peripheral,0.0000,0,0.0077,"заглушка: in 1/34530, out 1/11000",1,1,34530,11000,1,1,0.3186,0,0,0,0,0,3,false,false,false
100000008687990100,peripheral,0.0000,0,0.0039,"заглушка: in 1/17600, out 0/0",1,0,17600,0,1,0,0.0000,0,0,0,0,0,3,false,false,true
100000008776310100,peripheral,0.0000,0,0.0043,"заглушка: in 1/19200, out 0/0",1,0,19200,0,1,0,0.0000,0,0,0,0,0,3,false,false,true
100000007267915100,peripheral,0.0000,0,0.0047,"заглушка: in 2/21000, out 1/10000",2,1,21000,10000,3,1,0.4762,0,0,0,0,0,3,false,false,false
100000004217419100,peripheral,0.0000,0,0.0263,"заглушка: in 2/118200, out 1/7700",2,1,118200,7700,3,1,0.0651,0,0,0,0,0,3,false,false,false
100000002773323100,peripheral,0.0000,0,0.0633,"заглушка: in 2/285000, out 1/1171644",2,1,285000,1171644,2,2,4.1110,0,0,0,0,0,3,false,false,false
100000002528544100,peripheral,0.0000,0,0.0429,"заглушка: in 1/192912, out 0/0",1,0,192912,0,1,0,0.0000,0,0,0,0,0,3,false,false,true
100000003760160100,peripheral,0.0000,0,0.0232,"заглушка: in 1/104470, out 0/0",1,0,104470,0,1,0,0.0000,0,0,0,0,0,3,false,false,true
100000000640800100,peripheral,0.0000,0,0.0178,"заглушка: in 1/80000, out 4/518135",1,4,80000,518135,1,6,6.4767,0,0,0,0,0,3,false,false,false
100000008238112100,peripheral,0.0000,0,0.0422,"заглушка: in 1/190000, out 0/0",1,0,190000,0,1,0,0.0000,0,0,0,0,0,3,false,false,true
100000008751349100,peripheral,0.0000,0,0.0026,"заглушка: in 1/11630, out 0/0",1,0,11630,0,1,0,0.0000,0,0,0,0,0,3,false,false,true
100000002963189100,peripheral,0.0000,0,0.1089,"заглушка: in 1/490000, out 7/5219000",1,7,490000,5219000,3,15,10.6510,0,0,0,0,0,3,false,false,false
100000008548853100,peripheral,0.0000,0,0.0031,"заглушка: in 1/14000, out 0/0",1,0,14000,0,1,0,0.0000,0,0,0,0,0,3,false,false,true
100000003164661100,peripheral,0.0000,0,0.1325,"заглушка: in 1/596200, out 0/0",1,0,596200,0,3,0,0.0000,0,0,0,0,0,3,false,false,true
100000000791285100,peripheral,0.0000,0,0.2489,"заглушка: in 1/1120000, out 3/650000",1,3,1120000,650000,2,3,0.5804,0,0,0,0,0,3,false,false,false
100000003192309100,peripheral,0.0000,0,0.0038,"заглушка: in 1/17200, out 1/213000",1,1,17200,213000,1,1,12.3837,0,0,0,0,0,3,false,false,false
100000002891765100,peripheral,0.0000,0,0.0124,"заглушка: in 1/55576, out 0/0",1,0,55576,0,1,0,0.0000,0,0,0,0,0,3,false,false,true
100000001740277100,peripheral,0.0000,0,0.0019,"заглушка: in 1/8700, out 1/5000",1,1,8700,5000,1,1,0.5747,0,0,0,0,0,3,false,false,false
100000002232266100,peripheral,0.0000,0,0.0100,"заглушка: in 1/45000, out 0/0",1,0,45000,0,1,0,0.0000,0,0,0,0,0,3,false,false,true
100000006701983100,peripheral,0.0000,0,0.0060,"заглушка: in 1/27000, out 0/0",1,0,27000,0,1,0,0.0000,0,0,0,0,0,3,false,false,true
100000002871199100,peripheral,0.0000,0,0.0052,"заглушка: in 1/23186, out 0/0",1,0,23186,0,1,0,0.0000,0,0,0,0,0,3,false,false,true
100000002757791100,peripheral,0.0000,0,0.0162,"заглушка: in 1/73050, out 0/0",1,0,73050,0,1,0,0.0000,0,0,0,0,0,3,false,false,true
100000000572276100,peripheral,0.0000,0,0.0029,"заглушка: in 1/13075, out 1/34547",1,1,13075,34547,1,1,2.6422,0,0,0,0,0,3,false,false,false
100000001853812100,peripheral,0.0000,0,0.0156,"заглушка: in 1/70000, out 0/0",1,0,70000,0,1,0,0.0000,0,0,0,0,0,3,false,false,true
100000004726132100,peripheral,0.0000,0,0.0776,"заглушка: in 1/349000, out 1/24000",1,1,349000,24000,1,2,0.0688,0,0,0,0,0,3,false,false,false
100000001785161100,peripheral,0.0000,0,0.0067,"заглушка: in 2/30000, out 0/0",2,0,30000,0,2,0,0.0000,0,0,0,0,0,3,false,false,true
100000002612809100,peripheral,0.0000,0,0.0067,"заглушка: in 1/30000, out 3/114000",1,3,30000,114000,2,4,3.8000,0,0,0,0,0,3,false,false,false
100000008769097100,peripheral,0.0000,0,0.0069,"заглушка: in 1/31100, out 0/0",1,0,31100,0,1,0,0.0000,0,0,0,0,0,3,false,false,true
100000004488265100,peripheral,0.0000,0,0.0086,"заглушка: in 1/38740, out 0/0",1,0,38740,0,1,0,0.0000,0,0,0,0,0,3,false,false,true
100000002509598100,peripheral,0.0000,0,0.0679,"заглушка: in 1/305550, out 0/0",1,0,305550,0,1,0,0.0000,0,0,0,0,0,3,false,false,true
100000008706846100,peripheral,0.0000,0,0.0032,"заглушка: in 1/14200, out 0/0",1,0,14200,0,1,0,0.0000,0,0,0,0,0,3,false,false,true
100000001280798100,peripheral,0.0000,0,0.0053,"заглушка: in 1/23785, out 0/0",1,0,23785,0,1,0,0.0000,0,0,0,0,0,3,false,false,true
100000006664478100,peripheral,0.0000,0,0.0122,"заглушка: in 1/55000, out 2/60000",1,2,55000,60000,3,2,1.0909,0,0,0,0,0,3,false,false,false
100000003781406100,peripheral,0.0000,0,0.0100,"заглушка: in 1/45000, out 0/0",1,0,45000,0,2,0,0.0000,0,0,0,0,0,3,false,false,true
100000008708595100,peripheral,0.0000,0,0.0038,"заглушка: in 1/17200, out 0/0",1,0,17200,0,1,0,0.0000,0,0,0,0,0,3,false,false,true
100000004611571100,peripheral,0.0000,0,0.0050,"заглушка: in 1/22550, out 0/0",1,0,22550,0,1,0,0.0000,0,0,0,0,0,3,false,false,true
100000008576243100,peripheral,0.0000,0,0.0184,"заглушка: in 2/82920, out 0/0",2,0,82920,0,4,0,0.0000,0,0,0,0,0,3,false,false,true
100000008662216100,peripheral,0.0000,0,0.0058,"заглушка: in 1/26200, out 0/0",1,0,26200,0,1,0,0.0000,0,0,0,0,0,3,false,false,true
100000002681544100,peripheral,0.0000,0,0.0369,"заглушка: in 2/166072, out 0/0",2,0,166072,0,2,0,0.0000,0,0,0,0,0,3,false,false,true
100000007864477100,peripheral,0.0000,0,0.0169,"заглушка: in 2/76000, out 6/203500",2,6,76000,203500,2,10,2.6776,0,0,0,0,0,3,false,false,false
100000004746397100,peripheral,0.0000,0,0.0488,"заглушка: in 1/219520, out 1/7500",1,1,219520,7500,1,1,0.0342,0,0,0,0,0,3,false,false,false
100000003814002100,peripheral,0.0000,0,0.0067,"заглушка: in 1/30000, out 0/0",1,0,30000,0,1,0,0.0000,0,0,0,0,0,3,false,false,true
100000003962994100,peripheral,0.0000,0,0.0022,"заглушка: in 1/10000, out 0/0",1,0,10000,0,1,0,0.0000,0,0,0,0,0,3,false,false,true
100000003366471100,peripheral,0.0000,0,0.0733,"заглушка: in 2/329789, out 1/20000",2,1,329789,20000,5,1,0.0606,0,0,0,0,0,3,false,false,false
100000003561031100,peripheral,0.0000,0,0.0030,"заглушка: in 1/13300, out 1/5000",1,1,13300,5000,1,1,0.3759,0,0,0,0,0,3,false,false,false
100000001690439100,peripheral,0.0000,0,0.0032,"заглушка: in 1/14200, out 0/0",1,0,14200,0,1,0,0.0000,0,0,0,0,0,3,false,false,true
100000002954780100,peripheral,0.0000,0,0.0296,"заглушка: in 1/133400, out 0/0",1,0,133400,0,1,0,0.0000,0,0,0,0,0,3,false,false,true
100000008720668100,peripheral,0.0000,0,0.0036,"заглушка: in 1/16000, out 0/0",1,0,16000,0,1,0,0.0000,0,0,0,0,0,3,false,false,true
100000002459164100,peripheral,0.0000,0,0.0044,"заглушка: in 1/20000, out 0/0",1,0,20000,0,1,0,0.0000,0,0,0,0,0,3,false,false,true
100000005082652100,peripheral,0.0000,0,0.0067,"заглушка: in 1/30000, out 0/0",1,0,30000,0,1,0,0.0000,0,0,0,0,0,3,false,false,true
100000005041905100,peripheral,0.0000,0,0.0011,"заглушка: in 1/5000, out 1/1080351",1,1,5000,1080351,1,5,216.0702,0,0,0,0,0,3,false,false,false
100000008653041100,peripheral,0.0000,0,0.0062,"заглушка: in 1/28000, out 0/0",1,0,28000,0,1,0,0.0000,0,0,0,0,0,3,false,false,true
100000008722417100,peripheral,0.0000,0,0.0738,"заглушка: in 1/331900, out 3/720000",1,3,331900,720000,1,6,2.1693,0,0,0,0,0,3,false,false,false
100000008625905100,peripheral,0.0000,0,0.0440,"заглушка: in 1/197800, out 2/635000",1,2,197800,635000,1,2,3.2103,0,0,0,0,0,3,false,false,false
100000007487729100,peripheral,0.0000,0,0.0056,"заглушка: in 1/25000, out 0/0",1,0,25000,0,1,0,0.0000,0,0,0,0,0,3,false,false,true
100000000838385100,peripheral,0.0000,0,0.0971,"заглушка: in 1/436900, out 2/177500",1,2,436900,177500,8,6,0.4063,0,0,0,0,0,3,false,false,false
100000004750321100,peripheral,0.0000,0,0.0112,"заглушка: in 2/50185, out 0/0",2,0,50185,0,2,0,0.0000,0,0,0,0,0,3,false,false,true
100000008664774100,peripheral,0.0000,0,0.0036,"заглушка: in 1/16300, out 0/0",1,0,16300,0,1,0,0.0000,0,0,0,0,0,3,false,false,true
100000006274203100,peripheral,0.0000,0,0.7594,"заглушка: in 2/3417512, out 3/72000",2,3,3417512,72000,41,3,0.0211,0,0,0,0,0,3,false,false,false
100000002185328100,peripheral,0.0000,0,0.0033,"заглушка: in 1/15000, out 4/55000",1,4,15000,55000,1,4,3.6667,0,0,0,0,0,3,false,false,false
100000008254576100,peripheral,0.0000,0,0.0018,"заглушка: in 1/8000, out 1/60000",1,1,8000,60000,1,1,7.5000,0,0,0,0,0,3,false,false,false
100000001689968100,peripheral,0.0000,0,0.0765,"заглушка: in 3/344334, out 0/0",3,0,344334,0,3,0,0.0000,0,0,0,0,0,3,false,false,true
100000002236528100,peripheral,0.0000,0,0.0147,"заглушка: in 1/66000, out 0/0",1,0,66000,0,1,0,0.0000,0,0,0,0,0,3,false,false,true
100000002670960100,peripheral,0.0000,0,0.1067,"заглушка: in 1/480310, out 0/0",1,0,480310,0,1,0,0.0000,0,0,0,0,0,3,false,false,true
100000003557488100,peripheral,0.0000,0,0.1478,"заглушка: in 1/664992, out 2/138000",1,2,664992,138000,3,4,0.2075,0,0,0,0,0,3,false,false,false
100000003888197100,peripheral,0.0000,0,0.0185,"заглушка: in 1/83167, out 0/0",1,0,83167,0,1,0,0.0000,0,0,0,0,0,3,false,false,true
100000002799941100,peripheral,0.0000,0,0.1333,"заглушка: in 1/600000, out 0/0",1,0,600000,0,1,0,0.0000,0,0,0,0,0,3,false,false,true
100000001632325100,peripheral,0.0000,0,0.0190,"заглушка: in 1/85600, out 0/0",1,0,85600,0,3,0,0.0000,0,0,0,0,0,3,false,false,true
100000008620570100,peripheral,0.0000,0,0.0322,"заглушка: in 2/145000, out 2/31800",2,2,145000,31800,2,2,0.2193,0,0,0,0,0,3,false,false,false
100000005308954100,peripheral,0.0000,0,0.0153,"заглушка: in 1/69020, out 1/30000",1,1,69020,30000,1,1,0.4347,0,0,0,0,0,3,false,false,false
100000008468762100,peripheral,0.0000,0,0.0378,"заглушка: in 2/170000, out 0/0",2,0,170000,0,2,0,0.0000,0,0,0,0,0,3,false,false,true
100000002305007100,peripheral,0.0000,0,0.0124,"заглушка: in 1/56000, out 0/0",1,0,56000,0,1,0,0.0000,0,0,0,0,0,3,false,false,true
100000008314863100,peripheral,0.0000,0,0.0027,"заглушка: in 1/12000, out 0/0",1,0,12000,0,1,0,0.0000,0,0,0,0,0,3,false,false,true
100000005709551100,peripheral,0.0000,0,0.0055,"заглушка: in 1/24560, out 0/0",1,0,24560,0,1,0,0.0000,0,0,0,0,0,3,false,false,true
100000008297199100,peripheral,0.0000,0,0.0094,"заглушка: in 1/42268, out 0/0",1,0,42268,0,1,0,0.0000,0,0,0,0,0,3,false,false,true
100000003271151100,peripheral,0.0000,0,0.0283,"заглушка: in 1/127294, out 0/0",1,0,127294,0,1,0,0.0000,0,0,0,0,0,3,false,false,true
100000007005380100,peripheral,0.0000,0,0.0021,"заглушка: in 1/9400, out 0/0",1,0,9400,0,1,0,0.0000,0,0,0,0,0,3,false,false,true
100000004451012100,peripheral,0.0000,0,0.0203,"заглушка: in 1/91245, out 3/65740",1,3,91245,65740,1,3,0.7205,0,0,0,0,0,3,false,false,false
100000004779204100,peripheral,0.0000,0,0.0068,"заглушка: in 1/30450, out 1/20000",1,1,30450,20000,1,2,0.6568,0,0,0,0,0,3,false,false,false
100000002793881100,peripheral,0.0000,0,0.1746,"заглушка: in 3/785600, out 0/0",3,0,785600,0,3,0,0.0000,0,0,0,0,0,3,false,false,true
100000008671129100,peripheral,0.0000,0,0.0058,"заглушка: in 1/26200, out 0/0",1,0,26200,0,1,0,0.0000,0,0,0,0,0,3,false,false,true
100000002095257100,peripheral,0.0000,0,0.0019,"заглушка: in 1/8500, out 0/0",1,0,8500,0,1,0,0.0000,0,0,0,0,0,3,false,false,true
100000002194329100,peripheral,0.0000,0,0.0056,"заглушка: in 1/25170, out 0/0",1,0,25170,0,1,0,0.0000,0,0,0,0,0,3,false,false,true
100000001884825100,peripheral,0.0000,0,0.1100,"заглушка: in 3/495000, out 0/0",3,0,495000,0,3,0,0.0000,0,0,0,0,0,3,false,false,true
100000008692291100,peripheral,0.0000,0,0.0356,"заглушка: in 3/160000, out 3/156000",3,3,160000,156000,3,3,0.9750,0,0,0,0,0,3,false,false,false
100000002697752100,peripheral,0.0000,0,0.0424,"заглушка: in 2/190785, out 0/0",2,0,190785,0,2,0,0.0000,0,0,0,0,0,3,false,false,true
100000007170072100,peripheral,0.0000,0,0.0222,"заглушка: in 1/100000, out 2/99500",1,2,100000,99500,1,9,0.9950,0,0,0,0,0,3,false,false,false
100000002373144100,peripheral,0.0000,0,0.0103,"заглушка: in 1/46468, out 1/10764",1,1,46468,10764,1,1,0.2316,0,0,0,0,0,3,false,false,false
100000000287768100,peripheral,0.0000,0,0.0078,"заглушка: in 1/35168, out 0/0",1,0,35168,0,1,0,0.0000,0,0,0,0,0,3,false,false,true
100000004508696100,peripheral,0.0000,0,0.0016,"заглушка: in 1/7000, out 3/111000",1,3,7000,111000,1,4,15.8571,0,0,0,0,0,3,false,false,false
100000008688109100,peripheral,0.0000,0,0.0028,"заглушка: in 1/12800, out 0/0",1,0,12800,0,1,0,0.0000,0,0,0,0,0,3,false,false,true
100000008724461100,peripheral,0.0000,0,0.0222,"заглушка: in 1/100111, out 1/130000",1,1,100111,130000,1,1,1.2986,0,0,0,0,0,3,false,false,false
100000001714413100,peripheral,0.0000,0,0.0556,"заглушка: in 1/250172, out 0/0",1,0,250172,0,1,0,0.0000,0,0,0,0,0,3,false,false,true
100000008672493100,peripheral,0.0000,0,0.0031,"заглушка: in 1/14000, out 0/0",1,0,14000,0,1,0,0.0000,0,0,0,0,0,3,false,false,true
100000003241965100,peripheral,0.0000,0,0.0033,"заглушка: in 1/15000, out 0/0",1,0,15000,0,1,0,0.0000,0,0,0,0,0,3,false,false,true
100000002241986100,peripheral,0.0000,0,0.0622,"заглушка: in 1/280000, out 6/3077000",1,6,280000,3077000,1,12,10.9893,0,0,0,0,0,3,false,false,false
100000004140994100,peripheral,0.0000,0,0.0041,"заглушка: in 1/18650, out 0/0",1,0,18650,0,1,0,0.0000,0,0,0,0,0,3,false,false,true
100000008489922100,peripheral,0.0000,0,0.0582,"заглушка: in 3/262010, out 36/3789900",3,36,262010,3789900,5,41,14.4647,0,0,0,0,0,3,false,false,false
100000001252290100,peripheral,0.0000,0,0.0313,"заглушка: in 1/141005, out 1/5000",1,1,141005,5000,1,1,0.0355,0,0,0,0,0,3,false,false,false
100000008667799100,peripheral,0.0000,0,0.0076,"заглушка: in 1/34000, out 0/0",1,0,34000,0,1,0,0.0000,0,0,0,0,0,3,false,false,true
100000008684951100,peripheral,0.0000,0,0.0038,"заглушка: in 1/17200, out 0/0",1,0,17200,0,1,0,0.0000,0,0,0,0,0,3,false,false,true
100000006126743100,peripheral,0.0000,0,0.0122,"заглушка: in 1/55000, out 0/0",1,0,55000,0,1,0,0.0000,0,0,0,0,0,3,false,false,true
100000003009900100,peripheral,0.0000,0,0.0036,"заглушка: in 1/15998, out 0/0",1,0,15998,0,1,0,0.0000,0,0,0,0,0,3,false,false,true
100000001745217100,peripheral,0.0000,0,0.0111,"заглушка: in 1/50000, out 0/0",1,0,50000,0,1,0,0.0000,0,0,0,0,0,3,false,false,true
100000002886166100,peripheral,0.0000,0,0.0411,"заглушка: in 1/185000, out 0/0",1,0,185000,0,3,0,0.0000,0,0,0,0,0,3,false,false,true
100000002956779100,peripheral,0.0000,0,0.0913,"заглушка: in 1/411000, out 0/0",1,0,411000,0,1,0,0.0000,0,0,0,0,0,3,false,false,true
100000008568512100,peripheral,0.0000,0,0.0444,"заглушка: in 1/199640, out 0/0",1,0,199640,0,1,0,0.0000,0,0,0,0,0,3,false,false,true
100000008583360100,peripheral,0.0000,0,0.0251,"заглушка: in 1/112843, out 1/170000",1,1,112843,170000,1,1,1.5065,0,0,0,0,0,3,false,false,false
100000001130176100,peripheral,0.0000,0,0.0056,"заглушка: in 1/25000, out 0/0",1,0,25000,0,2,0,0.0000,0,0,0,0,0,3,false,false,true
100000001145749100,peripheral,0.0000,0,0.0022,"заглушка: in 1/10000, out 0/0",1,0,10000,0,1,0,0.0000,0,0,0,0,0,3,false,false,true
100000005367445100,peripheral,0.0000,0,0.0011,"заглушка: in 1/5000, out 1/5000",1,1,5000,5000,1,1,1.0000,0,0,0,0,0,3,false,false,false
100000003917461100,peripheral,0.0000,0,0.0022,"заглушка: in 1/10000, out 2/140000",1,2,10000,140000,1,5,14.0000,0,0,0,0,0,3,false,false,false
100000008200810100,peripheral,0.0000,0,0.1056,"заглушка: in 1/475000, out 0/0",1,0,475000,0,1,0,0.0000,0,0,0,0,0,3,false,false,true
100000002554175100,peripheral,0.0000,0,0.0055,"заглушка: in 1/24621, out 0/0",1,0,24621,0,1,0,0.0000,0,0,0,0,0,3,false,false,true
100000008751380100,peripheral,0.0000,0,0.0768,"заглушка: in 2/345780, out 0/0",2,0,345780,0,2,0,0.0000,0,0,0,0,0,3,false,false,true
100000004071444100,peripheral,0.0000,0,0.0550,"заглушка: in 1/247350, out 1/100000",1,1,247350,100000,1,1,0.4043,0,0,0,0,0,3,false,false,false
100000001141268100,peripheral,0.0000,0,0.1067,"заглушка: in 2/480000, out 1/10000",2,1,480000,10000,2,1,0.0208,0,0,0,0,0,3,false,false,false
100000002645993100,peripheral,0.0000,0,0.0110,"заглушка: in 2/49650, out 5/86980",2,5,49650,86980,4,9,1.7519,0,0,0,0,0,3,false,false,false
100000002546921100,peripheral,0.0000,0,0.0044,"заглушка: in 1/20000, out 0/0",1,0,20000,0,1,0,0.0000,0,0,0,0,0,3,false,false,true
100000008753897100,peripheral,0.0000,0,0.0053,"заглушка: in 1/24050, out 0/0",1,0,24050,0,1,0,0.0000,0,0,0,0,0,3,false,false,true
100000000870121100,peripheral,0.0000,0,0.0027,"заглушка: in 1/12000, out 0/0",1,0,12000,0,1,0,0.0000,0,0,0,0,0,3,false,false,true
100000003171006100,peripheral,0.0000,0,0.1078,"заглушка: in 2/485000, out 0/0",2,0,485000,0,2,0,0.0000,0,0,0,0,0,3,false,false,true
100000001690558100,peripheral,0.0000,0,0.1644,"заглушка: in 1/740000, out 0/0",1,0,740000,0,1,0,0.0000,0,0,0,0,0,3,false,false,true
100000008667795100,peripheral,0.0000,0,0.0076,"заглушка: in 1/34000, out 0/0",1,0,34000,0,1,0,0.0000,0,0,0,0,0,3,false,false,true
100000005674387100,peripheral,0.0000,0,0.0058,"заглушка: in 1/26200, out 0/0",1,0,26200,0,1,0,0.0000,0,0,0,0,0,3,false,false,true
100000003636627100,peripheral,0.0000,0,0.0171,"заглушка: in 1/77000, out 1/10000",1,1,77000,10000,8,1,0.1299,0,0,0,0,0,3,false,false,false
100000001275752100,peripheral,0.0000,0,0.0337,"заглушка: in 1/151500, out 0/0",1,0,151500,0,1,0,0.0000,0,0,0,0,0,3,false,false,true
100000002459240100,peripheral,0.0000,0,0.0333,"заглушка: in 1/150000, out 0/0",1,0,150000,0,1,0,0.0000,0,0,0,0,0,3,false,false,true
100000002644285100,peripheral,0.0000,0,0.1111,"заглушка: in 1/500000, out 0/0",1,0,500000,0,1,0,0.0000,0,0,0,0,0,3,false,false,true
100000005186109100,peripheral,0.0000,0,0.0011,"заглушка: in 1/5000, out 0/0",1,0,5000,0,1,0,0.0000,0,0,0,0,0,3,false,false,true
100000005317181100,peripheral,0.0000,0,0.0314,"заглушка: in 1/141250, out 1/14500",1,1,141250,14500,1,1,0.1027,0,0,0,0,0,3,false,false,false
100000003001661100,peripheral,0.0000,0,0.0244,"заглушка: in 1/110000, out 5/439500",1,5,110000,439500,1,8,3.9955,0,0,0,0,0,3,false,false,false
100000000288317100,peripheral,0.0000,0,0.0222,"заглушка: in 2/100000, out 3/53500",2,3,100000,53500,2,3,0.5350,0,0,0,0,0,3,false,false,false
100000004368189100,peripheral,0.0000,0,0.0855,"заглушка: in 1/384600, out 2/28200",1,2,384600,28200,1,2,0.0733,0,0,0,0,0,3,false,false,false
100000004493586100,peripheral,0.0000,0,0.0017,"заглушка: in 1/7500, out 0/0",1,0,7500,0,1,0,0.0000,0,0,0,0,0,3,false,false,true
100000004114962100,peripheral,0.0000,0,0.0367,"заглушка: in 2/165000, out 0/0",2,0,165000,0,2,0,0.0000,0,0,0,0,0,3,false,false,true
100000008088082100,peripheral,0.0000,0,0.0087,"заглушка: in 1/39138, out 1/50000",1,1,39138,50000,1,1,1.2775,0,0,0,0,0,3,false,false,false
100000008595687100,peripheral,0.0000,0,0.0143,"заглушка: in 1/64395, out 1/10400",1,1,64395,10400,1,1,0.1615,0,0,0,0,0,3,false,false,false
100000001248999100,peripheral,0.0000,0,0.0052,"заглушка: in 1/23425, out 0/0",1,0,23425,0,1,0,0.0000,0,0,0,0,0,3,false,false,true
100000002736316100,peripheral,0.0000,0,0.0593,"заглушка: in 3/266921, out 0/0",3,0,266921,0,3,0,0.0000,0,0,0,0,0,3,false,false,true
100000008596924100,peripheral,0.0000,0,0.0222,"заглушка: in 1/100000, out 0/0",1,0,100000,0,1,0,0.0000,0,0,0,0,0,3,false,false,true
100000008598972100,peripheral,0.0000,0,0.0267,"заглушка: in 1/120000, out 0/0",1,0,120000,0,1,0,0.0000,0,0,0,0,0,3,false,false,true
100000002769809100,peripheral,0.0000,0,0.0252,"заглушка: in 1/113422, out 0/0",1,0,113422,0,1,0,0.0000,0,0,0,0,0,3,false,false,true
100000003089553100,peripheral,0.0000,0,0.0333,"заглушка: in 1/150000, out 0/0",1,0,150000,0,1,0,0.0000,0,0,0,0,0,3,false,false,true
100000002343825100,peripheral,0.0000,0,0.0778,"заглушка: in 3/350000, out 2/89800",3,2,350000,89800,4,2,0.2566,0,0,0,0,0,3,false,false,false
100000002015633100,peripheral,0.0000,0,0.0211,"заглушка: in 1/94970, out 0/0",1,0,94970,0,1,0,0.0000,0,0,0,0,0,3,false,false,true
100000002906470100,peripheral,0.0000,0,0.0289,"заглушка: in 1/130000, out 0/0",1,0,130000,0,1,0,0.0000,0,0,0,0,0,3,false,false,true
100000005628518100,peripheral,0.0000,0,0.0171,"заглушка: in 1/77000, out 0/0",1,0,77000,0,3,0,0.0000,0,0,0,0,0,3,false,false,true
100000002958139100,peripheral,0.0000,0,0.0466,"заглушка: in 1/209500, out 0/0",1,0,209500,0,2,0,0.0000,0,0,0,0,0,3,false,false,true
100000008754747100,peripheral,0.0000,0,0.0101,"заглушка: in 1/45500, out 0/0",1,0,45500,0,1,0,0.0000,0,0,0,0,0,3,false,false,true
100000008776720100,peripheral,0.0000,0,0.0058,"заглушка: in 1/26150, out 0/0",1,0,26150,0,1,0,0.0000,0,0,0,0,0,3,false,false,true
100000008576528100,peripheral,0.0000,0,0.0062,"заглушка: in 1/28000, out 0/0",1,0,28000,0,1,0,0.0000,0,0,0,0,0,3,false,false,true
100000004603109100,peripheral,0.0000,0,0.6067,"заглушка: in 3/2730000, out 2/400000",3,2,2730000,400000,8,2,0.1465,0,0,0,0,0,3,false,false,false
100000008721637100,peripheral,0.0000,0,0.0053,"заглушка: in 1/24041, out 2/127000",1,2,24041,127000,1,2,5.2826,0,0,0,0,0,3,false,false,false
100000004491749100,peripheral,0.0000,0,0.0111,"заглушка: in 1/50000, out 0/0",1,0,50000,0,1,0,0.0000,0,0,0,0,0,3,false,false,true
100000005171642100,peripheral,0.0000,0,0.1548,"заглушка: in 2/696800, out 1/683600",2,1,696800,683600,5,4,0.9811,0,0,0,0,0,3,false,false,false
100000008682426100,peripheral,0.0000,0,0.0044,"заглушка: in 1/20000, out 0/0",1,0,20000,0,1,0,0.0000,0,0,0,0,0,3,false,false,true
100000006209210100,peripheral,0.0000,0,0.0509,"заглушка: in 1/229111, out 0/0",1,0,229111,0,1,0,0.0000,0,0,0,0,0,3,false,false,true
100000003888527100,peripheral,0.0000,0,0.0067,"заглушка: in 1/30000, out 0/0",1,0,30000,0,1,0,0.0000,0,0,0,0,0,3,false,false,true
100000008490127100,peripheral,0.0000,0,0.0959,"заглушка: in 1/431755, out 6/923000",1,6,431755,923000,2,9,2.1378,0,0,0,0,0,3,false,false,false
100000004336228100,peripheral,0.0000,0,0.0114,"заглушка: in 1/51407, out 0/0",1,0,51407,0,2,0,0.0000,0,0,0,0,0,3,false,false,true
100000006844004100,peripheral,0.0000,0,0.0046,"заглушка: in 1/20600, out 0/0",1,0,20600,0,1,0,0.0000,0,0,0,0,0,3,false,false,true
100000001688676100,peripheral,0.0000,0,0.0297,"заглушка: in 1/133700, out 0/0",1,0,133700,0,1,0,0.0000,0,0,0,0,0,3,false,false,true
100000008712036100,peripheral,0.0000,0,0.0047,"заглушка: in 1/21000, out 0/0",1,0,21000,0,1,0,0.0000,0,0,0,0,0,3,false,false,true
100000004697956100,peripheral,0.0000,0,0.0022,"заглушка: in 1/10000, out 1/10000",1,1,10000,10000,1,1,1.0000,0,0,0,0,0,3,false,false,false
100000004921657100,peripheral,0.0000,0,0.0018,"заглушка: in 1/8300, out 1/22190",1,1,8300,22190,1,1,2.6735,0,0,0,0,0,3,false,false,false
100000000408846100,peripheral,0.0000,0,0.0090,"заглушка: in 1/40500, out 0/0",1,0,40500,0,1,0,0.0000,0,0,0,0,0,3,false,false,true
100000003406094100,peripheral,0.0000,0,0.0156,"заглушка: in 1/70000, out 3/47000",1,3,70000,47000,4,3,0.6714,0,0,0,0,0,3,false,false,false
100000008695566100,peripheral,0.0000,0,0.0075,"заглушка: in 1/33700, out 0/0",1,0,33700,0,1,0,0.0000,0,0,0,0,0,3,false,false,true
100000005974542100,peripheral,0.0000,0,0.0210,"заглушка: in 1/94500, out 0/0",1,0,94500,0,3,0,0.0000,0,0,0,0,0,3,false,false,true
100000001887715100,peripheral,0.0000,0,0.2959,"заглушка: in 3/1331500, out 1/750000",3,1,1331500,750000,4,1,0.5633,0,0,0,0,0,3,false,false,false
100000002472632100,peripheral,0.0000,0,0.1116,"заглушка: in 2/502400, out 1/20000",2,1,502400,20000,3,1,0.0398,0,0,0,0,0,3,false,false,false
100000004629688100,peripheral,0.0000,0,0.0011,"заглушка: in 1/5000, out 1/15000",1,1,5000,15000,1,2,3.0000,0,0,0,0,0,3,false,false,false
100000002459832100,peripheral,0.0000,0,0.1957,"заглушка: in 2/880606, out 0/0",2,0,880606,0,2,0,0.0000,0,0,0,0,0,3,false,false,true
100000006100920100,peripheral,0.0000,0,0.0222,"заглушка: in 1/100000, out 0/0",1,0,100000,0,1,0,0.0000,0,0,0,0,0,3,false,false,true
100000001439416100,peripheral,0.0000,0,0.0022,"заглушка: in 1/10000, out 2/165000",1,2,10000,165000,1,3,16.5000,0,0,0,0,0,3,false,false,false
100000002121357100,peripheral,0.0000,0,0.0567,"заглушка: in 2/255300, out 1/113000",2,1,255300,113000,2,1,0.4426,0,0,0,0,0,3,false,false,false
100000002970466100,peripheral,0.0000,0,0.0052,"заглушка: in 1/23317, out 2/93000",1,2,23317,93000,1,3,3.9885,0,0,0,0,0,3,false,false,false
100000002581346100,peripheral,0.0000,0,0.0370,"заглушка: in 1/166400, out 0/0",1,0,166400,0,1,0,0.0000,0,0,0,0,0,3,false,false,true
100000008738658100,peripheral,0.0000,0,0.0066,"заглушка: in 1/29920, out 0/0",1,0,29920,0,1,0,0.0000,0,0,0,0,0,3,false,false,true
100000005910114100,peripheral,0.0000,0,0.0725,"заглушка: in 3/326144, out 19/1469993",3,19,326144,1469993,3,56,4.5072,0,0,0,0,0,3,false,false,false
100000001046626100,peripheral,0.0000,0,0.0333,"заглушка: in 1/150000, out 0/0",1,0,150000,0,1,0,0.0000,0,0,0,0,0,3,false,false,true
100000006492770100,peripheral,0.0000,0,0.0598,"заглушка: in 1/269000, out 1/20000",1,1,269000,20000,1,1,0.0743,0,0,0,0,0,3,false,false,false
100000001674850100,peripheral,0.0000,0,0.0527,"заглушка: in 2/237000, out 0/0",2,0,237000,0,2,0,0.0000,0,0,0,0,0,3,false,false,true
100000000860514100,peripheral,0.0000,0,0.0027,"заглушка: in 1/12000, out 1/50000",1,1,12000,50000,1,1,4.1667,0,0,0,0,0,3,false,false,false
100000003650146100,peripheral,0.0000,0,0.0032,"заглушка: in 1/14400, out 0/0",1,0,14400,0,1,0,0.0000,0,0,0,0,0,3,false,false,true
100000001227106100,peripheral,0.0000,0,0.0366,"заглушка: in 1/164765, out 0/0",1,0,164765,0,1,0,0.0000,0,0,0,0,0,3,false,false,true
100000003647799100,peripheral,0.0000,0,0.0222,"заглушка: in 1/100000, out 0/0",1,0,100000,0,1,0,0.0000,0,0,0,0,0,3,false,false,true
100000008293431100,peripheral,0.0000,0,0.0033,"заглушка: in 1/15000, out 5/297000",1,5,15000,297000,1,7,19.8000,0,0,0,0,0,3,false,false,false
100000002975287100,peripheral,0.0000,0,0.0033,"заглушка: in 1/15000, out 0/0",1,0,15000,0,1,0,0.0000,0,0,0,0,0,3,false,false,true
100000008507703100,peripheral,0.0000,0,0.0063,"заглушка: in 1/28500, out 0/0",1,0,28500,0,1,0,0.0000,0,0,0,0,0,3,false,false,true
100000001733687100,peripheral,0.0000,0,0.0667,"заглушка: in 1/300000, out 0/0",1,0,300000,0,1,0,0.0000,0,0,0,0,0,3,false,false,true
100000004552204100,peripheral,0.0000,0,0.0050,"заглушка: in 1/22500, out 2/10000",1,2,22500,10000,2,2,0.4444,0,0,0,0,0,3,false,false,false
100000008223756100,peripheral,0.0000,0,0.0737,"заглушка: in 2/331682, out 0/0",2,0,331682,0,2,0,0.0000,0,0,0,0,0,3,false,false,true
100000002956769100,peripheral,0.0000,0,0.1867,"заглушка: in 3/840000, out 0/0",3,0,840000,0,3,0,0.0000,0,0,0,0,0,3,false,false,true
100000008555233100,peripheral,0.0000,0,0.0979,"заглушка: in 1/440600, out 0/0",1,0,440600,0,1,0,0.0000,0,0,0,0,0,3,false,false,true
100000002346166100,peripheral,0.0000,0,0.0013,"заглушка: in 1/6000, out 0/0",1,0,6000,0,1,0,0.0000,0,0,0,0,0,3,false,false,true
100000000878006100,peripheral,0.0000,0,0.0104,"заглушка: in 1/47003, out 0/0",1,0,47003,0,1,0,0.0000,0,0,0,0,0,3,false,false,true
100000004997515100,peripheral,0.0000,0,0.0878,"заглушка: in 4/395000, out 4/54500",4,4,395000,54500,4,4,0.1380,0,0,0,0,0,3,false,false,false
100000007653003100,peripheral,0.0000,0,0.0222,"заглушка: in 1/100000, out 0/0",1,0,100000,0,1,0,0.0000,0,0,0,0,0,3,false,false,true
100000000661131100,peripheral,0.0000,0,0.0035,"заглушка: in 1/15600, out 0/0",1,0,15600,0,1,0,0.0000,0,0,0,0,0,3,false,false,true
100000003880331100,peripheral,0.0000,0,0.0222,"заглушка: in 1/100000, out 16/3904908",1,16,100000,3904908,1,31,39.0491,0,0,0,0,0,3,false,false,false
100000003204491100,peripheral,0.0000,0,0.0311,"заглушка: in 1/140000, out 1/100000",1,1,140000,100000,1,2,0.7143,0,0,0,0,0,3,false,false,false
100000008463968100,peripheral,0.0000,0,0.0022,"заглушка: in 1/10000, out 0/0",1,0,10000,0,1,0,0.0000,0,0,0,0,0,3,false,false,true
100000002712416100,peripheral,0.0000,0,0.0260,"заглушка: in 2/116800, out 0/0",2,0,116800,0,2,0,0.0000,0,0,0,0,0,3,false,false,true
100000008754997100,peripheral,0.0000,0,0.0040,"заглушка: in 1/18000, out 0/0",1,0,18000,0,1,0,0.0000,0,0,0,0,0,3,false,false,true
100000008011573100,peripheral,0.0000,0,0.0033,"заглушка: in 1/15000, out 0/0",1,0,15000,0,1,0,0.0000,0,0,0,0,0,3,false,false,true
100000003178549100,peripheral,0.0000,0,0.0556,"заглушка: in 2/250000, out 4/89080",2,4,250000,89080,2,4,0.3563,0,0,0,0,0,3,false,false,false
100000000534581100,peripheral,0.0000,0,0.0124,"заглушка: in 2/55960, out 1/40000",2,1,55960,40000,2,1,0.7148,0,0,0,0,0,3,false,false,false
100000007138613100,peripheral,0.0000,0,0.2227,"заглушка: in 3/1002000, out 2/179000",3,2,1002000,179000,3,2,0.1786,0,0,0,0,0,3,false,false,false
100000002380341100,peripheral,0.0000,0,0.0128,"заглушка: in 1/57566, out 0/0",1,0,57566,0,1,0,0.0000,0,0,0,0,0,3,false,false,true
100000008309514100,peripheral,0.0000,0,0.0038,"заглушка: in 1/17200, out 0/0",1,0,17200,0,1,0,0.0000,0,0,0,0,0,3,false,false,true
100000003134474100,peripheral,0.0000,0,0.0258,"заглушка: in 1/116000, out 0/0",1,0,116000,0,1,0,0.0000,0,0,0,0,0,3,false,false,true
100000002373386100,peripheral,0.0000,0,0.0053,"заглушка: in 1/24000, out 0/0",1,0,24000,0,1,0,0.0000,0,0,0,0,0,3,false,false,true
100000008684767100,peripheral,0.0000,0,0.0069,"заглушка: in 1/31100, out 0/0",1,0,31100,0,1,0,0.0000,0,0,0,0,0,3,false,false,true
100000008332511100,peripheral,0.0000,0,0.0222,"заглушка: in 1/100000, out 0/0",1,0,100000,0,1,0,0.0000,0,0,0,0,0,3,false,false,true
100000005754335100,peripheral,0.0000,0,0.0098,"заглушка: in 1/44037, out 0/0",1,0,44037,0,1,0,0.0000,0,0,0,0,0,3,false,false,true
100000008547295100,peripheral,0.0000,0,0.0033,"заглушка: in 1/15000, out 0/0",1,0,15000,0,1,0,0.0000,0,0,0,0,0,3,false,false,true
100000001875167100,peripheral,0.0000,0,0.2222,"заглушка: in 1/1000000, out 0/0",1,0,1000000,0,2,0,0.0000,0,0,0,0,0,3,false,false,true
100000004670388100,peripheral,0.0000,0,0.0356,"заглушка: in 1/160354, out 2/720000",1,2,160354,720000,1,4,4.4901,0,0,0,0,0,3,false,false,false
100000004097972100,peripheral,0.0000,0,0.0264,"заглушка: in 1/118878, out 2/10000",1,2,118878,10000,1,2,0.0841,0,0,0,0,0,3,false,false,false
100000000481716100,peripheral,0.0000,0,0.0018,"заглушка: in 1/8000, out 0/0",1,0,8000,0,1,0,0.0000,0,0,0,0,0,3,false,false,true
100000005089460100,peripheral,0.0000,0,0.0027,"заглушка: in 1/12300, out 0/0",1,0,12300,0,1,0,0.0000,0,0,0,0,0,3,false,false,true
100000003105929100,peripheral,0.0000,0,0.0955,"заглушка: in 1/429567, out 1/156354",1,1,429567,156354,2,1,0.3640,0,0,0,0,0,3,false,false,false
100000008379273100,peripheral,0.0000,0,0.0080,"заглушка: in 2/36000, out 4/38000",2,4,36000,38000,2,4,1.0556,0,0,0,0,0,3,false,false,false
100000005357705100,peripheral,0.0000,0,0.0117,"заглушка: in 1/52595, out 4/387080",1,4,52595,387080,1,5,7.3596,0,0,0,0,0,3,false,false,false
100000003111305100,peripheral,0.0000,0,0.1132,"заглушка: in 4/509338, out 0/0",4,0,509338,0,4,0,0.0000,0,0,0,0,0,3,false,false,true
100000008503177100,peripheral,0.0000,0,0.0075,"заглушка: in 1/33951, out 0/0",1,0,33951,0,1,0,0.0000,0,0,0,0,0,3,false,false,true
100000000955529100,peripheral,0.0000,0,0.0060,"заглушка: in 1/27000, out 1/63500",1,1,27000,63500,1,1,2.3519,0,0,0,0,0,3,false,false,false
100000008695689100,peripheral,0.0000,0,0.0058,"заглушка: in 1/26200, out 0/0",1,0,26200,0,1,0,0.0000,0,0,0,0,0,3,false,false,true
100000004184158100,peripheral,0.0000,0,0.0453,"заглушка: in 1/203805, out 0/0",1,0,203805,0,1,0,0.0000,0,0,0,0,0,3,false,false,true
100000005475379100,peripheral,0.0000,0,0.0241,"заглушка: in 1/108370, out 3/81000",1,3,108370,81000,1,3,0.7474,0,0,0,0,0,3,false,false,false
100000003093299100,peripheral,0.0000,0,0.0033,"заглушка: in 1/15000, out 0/0",1,0,15000,0,1,0,0.0000,0,0,0,0,0,3,false,false,true
100000008767027100,peripheral,0.0000,0,0.0011,"заглушка: in 1/5000, out 0/0",1,0,5000,0,1,0,0.0000,0,0,0,0,0,3,false,false,true
100000004539443100,peripheral,0.0000,0,0.0138,"заглушка: in 2/61990, out 0/0",2,0,61990,0,2,0,0.0000,0,0,0,0,0,3,false,false,true
100000007863304100,peripheral,0.0000,0,0.0056,"заглушка: in 1/25000, out 0/0",1,0,25000,0,1,0,0.0000,0,0,0,0,0,3,false,false,true
100000004959752100,peripheral,0.0000,0,0.0049,"заглушка: in 1/22200, out 0/0",1,0,22200,0,1,0,0.0000,0,0,0,0,0,3,false,false,true
100000002214664100,peripheral,0.0000,0,0.0018,"заглушка: in 1/7950, out 1/76950",1,1,7950,76950,1,2,9.6792,0,0,0,0,0,3,false,false,false
100000008192264100,peripheral,0.0000,0,0.0362,"заглушка: in 1/162810, out 1/187910",1,1,162810,187910,1,2,1.1542,0,0,0,0,0,3,false,false,false
100000000942301100,peripheral,0.0000,0,0.0128,"заглушка: in 1/57580, out 0/0",1,0,57580,0,2,0,0.0000,0,0,0,0,0,3,false,false,true
100000002578653100,peripheral,0.0000,0,0.0044,"заглушка: in 1/20000, out 0/0",1,0,20000,0,1,0,0.0000,0,0,0,0,0,3,false,false,true
100000002511581100,peripheral,0.0000,0,0.0039,"заглушка: in 1/17600, out 0/0",1,0,17600,0,1,0,0.0000,0,0,0,0,0,3,false,false,true
100000005610717100,peripheral,0.0000,0,0.1077,"заглушка: in 4/484500, out 1/265200",4,1,484500,265200,6,7,0.5474,0,0,0,0,0,3,false,false,false
100000005704413100,peripheral,0.0000,0,0.0217,"заглушка: in 3/97835, out 32/1363593",3,32,97835,1363593,4,35,13.9377,0,0,0,0,0,3,false,false,false
100000000976943100,peripheral,0.0000,0,0.0156,"заглушка: in 1/70000, out 1/84000",1,1,70000,84000,1,3,1.2000,0,0,0,0,0,3,false,false,false
100000008708061100,peripheral,0.0000,0,0.0019,"заглушка: in 1/8650, out 0/0",1,0,8650,0,1,0,0.0000,0,0,0,0,0,3,false,false,true
100000003986141100,peripheral,0.0000,0,0.0012,"заглушка: in 1/5286, out 0/0",1,0,5286,0,1,0,0.0000,0,0,0,0,0,3,false,false,true
100000005037490100,peripheral,0.0000,0,0.0033,"заглушка: in 1/15000, out 2/30000",1,2,15000,30000,1,3,2.0000,0,0,0,0,0,3,false,false,false
100000004257714100,peripheral,0.0000,0,0.0116,"заглушка: in 1/52220, out 0/0",1,0,52220,0,1,0,0.0000,0,0,0,0,0,3,false,false,true
100000000569479100,peripheral,0.0000,0,0.0711,"заглушка: in 1/320000, out 0/0",1,0,320000,0,1,0,0.0000,0,0,0,0,0,3,false,false,true
100000007303047100,peripheral,0.0000,0,0.0116,"заглушка: in 1/52250, out 0/0",1,0,52250,0,1,0,0.0000,0,0,0,0,0,3,false,false,true
100000008708743100,peripheral,0.0000,0,0.0035,"заглушка: in 1/15550, out 0/0",1,0,15550,0,1,0,0.0000,0,0,0,0,0,3,false,false,true
100000008745863100,peripheral,0.0000,0,0.0051,"заглушка: in 1/22900, out 0/0",1,0,22900,0,1,0,0.0000,0,0,0,0,0,3,false,false,true
100000005048668100,peripheral,0.0000,0,0.0037,"заглушка: in 2/16668, out 8/159400",2,8,16668,159400,2,11,9.5632,0,0,0,0,0,3,false,false,false
100000006522972100,peripheral,0.0000,0,0.0021,"заглушка: in 1/9515, out 0/0",1,0,9515,0,1,0,0.0000,0,0,0,0,0,3,false,false,true
100000008759857100,peripheral,0.0000,0,0.0011,"заглушка: in 1/5000, out 2/994000",1,2,5000,994000,1,3,198.8000,0,0,0,0,0,3,false,false,false
100000005342513100,peripheral,0.0000,0,0.0522,"заглушка: in 1/235000, out 1/30000",1,1,235000,30000,2,1,0.1277,0,0,0,0,0,3,false,false,false
100000004750897100,peripheral,0.0000,0,0.0022,"заглушка: in 1/10000, out 0/0",1,0,10000,0,1,0,0.0000,0,0,0,0,0,3,false,false,true
100000001140785100,peripheral,0.0000,0,0.0478,"заглушка: in 2/215000, out 0/0",2,0,215000,0,2,0,0.0000,0,0,0,0,0,3,false,false,true
100000002821425100,peripheral,0.0000,0,0.0611,"заглушка: in 1/275000, out 0/0",1,0,275000,0,1,0,0.0000,0,0,0,0,0,3,false,false,true
100000003221510100,peripheral,0.0000,0,0.0053,"заглушка: in 1/24000, out 2/120000",1,2,24000,120000,1,3,5.0000,0,0,0,0,0,3,false,false,false
100000003031003100,peripheral,0.0000,0,0.0622,"заглушка: in 3/280090, out 0/0",3,0,280090,0,3,0,0.0000,0,0,0,0,0,3,false,false,true
100000003060187100,peripheral,0.0000,0,0.0207,"заглушка: in 1/93046, out 0/0",1,0,93046,0,1,0,0.0000,0,0,0,0,0,3,false,false,true
100000008718811100,peripheral,0.0000,0,0.0163,"заглушка: in 1/73300, out 0/0",1,0,73300,0,1,0,0.0000,0,0,0,0,0,3,false,false,true
100000008043184100,peripheral,0.0000,0,0.0112,"заглушка: in 1/50564, out 0/0",1,0,50564,0,1,0,0.0000,0,0,0,0,0,3,false,false,true
100000002530224100,peripheral,0.0000,0,0.0251,"заглушка: in 1/113000, out 0/0",1,0,113000,0,1,0,0.0000,0,0,0,0,0,3,false,false,true
100000008754608100,peripheral,0.0000,0,0.0027,"заглушка: in 1/12300, out 0/0",1,0,12300,0,1,0,0.0000,0,0,0,0,0,3,false,false,true
100000006989232100,peripheral,0.0000,0,0.0049,"заглушка: in 1/22194, out 0/0",1,0,22194,0,1,0,0.0000,0,0,0,0,0,3,false,false,true
100000006532229100,peripheral,0.0000,0,0.0233,"заглушка: in 1/105000, out 0/0",1,0,105000,0,1,0,0.0000,0,0,0,0,0,3,false,false,true
100000005661829100,peripheral,0.0000,0,0.0084,"заглушка: in 1/37790, out 2/40362",1,2,37790,40362,1,4,1.0681,0,0,0,0,0,3,false,false,false
100000004553349100,peripheral,0.0000,0,0.0017,"заглушка: in 1/7755, out 0/0",1,0,7755,0,1,0,0.0000,0,0,0,0,0,3,false,false,true
100000002945626100,peripheral,0.0000,0,0.1298,"заглушка: in 3/584000, out 0/0",3,0,584000,0,3,0,0.0000,0,0,0,0,0,3,false,false,true
100000008775471100,peripheral,0.0000,0,0.1289,"заглушка: in 1/580000, out 0/0",1,0,580000,0,2,0,0.0000,0,0,0,0,0,3,false,false,true
100000000404740100,peripheral,0.0000,0,0.0056,"заглушка: in 1/25000, out 0/0",1,0,25000,0,1,0,0.0000,0,0,0,0,0,4,false,true,false
100000004268036100,peripheral,0.0000,0,0.0012,"заглушка: in 1/5500, out 0/0",1,0,5500,0,1,0,0.0000,0,0,0,0,0,4,false,true,false
100000001256409100,peripheral,0.0000,0,0.0018,"заглушка: in 1/8000, out 0/0",1,0,8000,0,1,0,0.0000,0,0,0,0,0,4,false,true,false
100000005360814100,peripheral,0.0000,0,0.0320,"заглушка: in 1/144000, out 0/0",1,0,144000,0,3,0,0.0000,0,0,0,0,0,4,false,true,false
100000002369454100,peripheral,0.0000,0,0.0056,"заглушка: in 1/25000, out 0/0",1,0,25000,0,1,0,0.0000,0,0,0,0,0,4,false,true,false
100000004272302100,peripheral,0.0000,0,0.0022,"заглушка: in 1/10000, out 0/0",1,0,10000,0,1,0,0.0000,0,0,0,0,0,4,false,true,false
100000008727982100,peripheral,0.0000,0,0.0067,"заглушка: in 1/30000, out 0/0",1,0,30000,0,2,0,0.0000,0,0,0,0,0,4,false,true,false
100000000600707100,peripheral,0.0000,0,0.0198,"заглушка: in 1/89000, out 0/0",1,0,89000,0,2,0,0.0000,0,0,0,0,0,4,false,true,false
100000004500781100,peripheral,0.0000,0,0.0164,"заглушка: in 1/74000, out 0/0",1,0,74000,0,5,0,0.0000,0,0,0,0,0,4,false,true,false
100000008703533100,peripheral,0.0000,0,0.0167,"заглушка: in 1/75000, out 0/0",1,0,75000,0,1,0,0.0000,0,0,0,0,0,4,false,true,false
100000004549591100,peripheral,0.0000,0,0.0109,"заглушка: in 1/49000, out 0/0",1,0,49000,0,1,0,0.0000,0,0,0,0,0,4,false,true,false
100000002700161100,peripheral,0.0000,0,0.0087,"заглушка: in 1/39000, out 0/0",1,0,39000,0,1,0,0.0000,0,0,0,0,0,4,false,true,false
100000003134550100,peripheral,0.0000,0,0.0222,"заглушка: in 1/100000, out 0/0",1,0,100000,0,1,0,0.0000,0,0,0,0,0,4,false,true,false
100000001957974100,peripheral,0.0000,0,0.1111,"заглушка: in 1/500000, out 0/0",1,0,500000,0,1,0,0.0000,0,0,0,0,0,4,false,true,false
100000001246806100,peripheral,0.0000,0,0.0289,"заглушка: in 1/130000, out 0/0",1,0,130000,0,1,0,0.0000,0,0,0,0,0,4,false,true,false
100000003622955100,peripheral,0.0000,0,0.0033,"заглушка: in 1/15000, out 0/0",1,0,15000,0,1,0,0.0000,0,0,0,0,0,4,false,true,false
100000003692843100,peripheral,0.0000,0,0.1133,"заглушка: in 1/510000, out 0/0",1,0,510000,0,2,0,0.0000,0,0,0,0,0,4,false,true,false
100000008629504100,peripheral,0.0000,0,0.0044,"заглушка: in 1/20000, out 0/0",1,0,20000,0,1,0,0.0000,0,0,0,0,0,4,false,true,false
100000005621418100,peripheral,0.0000,0,0.0067,"заглушка: in 1/30000, out 0/0",1,0,30000,0,1,0,0.0000,0,0,0,0,0,4,false,true,false
100000004167082100,peripheral,0.0000,0,0.0030,"заглушка: in 1/13300, out 0/0",1,0,13300,0,1,0,0.0000,0,0,0,0,0,4,false,true,false
100000004379306100,peripheral,0.0000,0,0.0033,"заглушка: in 1/15000, out 0/0",1,0,15000,0,1,0,0.0000,0,0,0,0,0,4,false,true,false
100000004856746100,peripheral,0.0000,0,0.0044,"заглушка: in 1/20000, out 0/0",1,0,20000,0,1,0,0.0000,0,0,0,0,0,4,false,true,false
100000004891562100,peripheral,0.0000,0,0.0230,"заглушка: in 1/103400, out 0/0",1,0,103400,0,1,0,0.0000,0,0,0,0,0,4,false,true,false
100000007042175100,peripheral,0.0000,0,0.0133,"заглушка: in 1/60000, out 0/0",1,0,60000,0,1,0,0.0000,0,0,0,0,0,4,false,true,false
100000002670463100,peripheral,0.0000,0,0.0070,"заглушка: in 1/31500, out 0/0",1,0,31500,0,1,0,0.0000,0,0,0,0,0,4,false,true,false
100000005567828100,peripheral,0.0000,0,0.0209,"заглушка: in 1/94000, out 0/0",1,0,94000,0,1,0,0.0000,0,0,0,0,0,4,false,true,false
100000004200745100,peripheral,0.0000,0,0.0289,"заглушка: in 1/130000, out 0/0",1,0,130000,0,4,0,0.0000,0,0,0,0,0,4,false,true,false
100000003989033100,peripheral,0.0000,0,0.0830,"заглушка: in 1/373400, out 0/0",1,0,373400,0,13,0,0.0000,0,0,0,0,0,4,false,true,false
100000005146665100,peripheral,0.0000,0,0.0012,"заглушка: in 1/5500, out 0/0",1,0,5500,0,1,0,0.0000,0,0,0,0,0,4,false,true,false
100000003096787100,peripheral,0.0000,0,0.0036,"заглушка: in 1/16400, out 0/0",1,0,16400,0,1,0,0.0000,0,0,0,0,0,4,false,true,false
100000003074515100,peripheral,0.0000,0,0.0233,"заглушка: in 1/105000, out 0/0",1,0,105000,0,1,0,0.0000,0,0,0,0,0,4,false,true,false
100000004377043100,peripheral,0.0000,0,0.0013,"заглушка: in 1/5700, out 0/0",1,0,5700,0,1,0,0.0000,0,0,0,0,0,4,false,true,false
100000008680061100,peripheral,0.0000,0,0.0092,"заглушка: in 1/41300, out 0/0",1,0,41300,0,2,0,0.0000,0,0,0,0,0,4,false,true,false
100000008471634100,peripheral,0.0000,0,0.0044,"заглушка: in 1/20000, out 0/0",1,0,20000,0,1,0,0.0000,0,0,0,0,0,4,false,true,false
100000002119762100,peripheral,0.0000,0,0.0171,"заглушка: in 1/77000, out 0/0",1,0,77000,0,6,0,0.0000,0,0,0,0,0,4,false,true,false
100000008628818100,peripheral,0.0000,0,0.0103,"заглушка: in 1/46310, out 0/0",1,0,46310,0,1,0,0.0000,0,0,0,0,0,4,false,true,false
100000007510567100,peripheral,0.0000,0,0.0116,"заглушка: in 1/52000, out 0/0",1,0,52000,0,1,0,0.0000,0,0,0,0,0,4,false,true,false
100000004780327100,peripheral,0.0000,0,0.0027,"заглушка: in 1/12000, out 0/0",1,0,12000,0,1,0,0.0000,0,0,0,0,0,4,false,true,false
100000008376785100,peripheral,0.0000,0,0.0521,"заглушка: in 1/234250, out 0/0",1,0,234250,0,2,0,0.0000,0,0,0,0,0,4,false,true,false
100000005745873100,peripheral,0.0000,0,0.0496,"заглушка: in 1/223000, out 0/0",1,0,223000,0,1,0,0.0000,0,0,0,0,0,4,false,true,false
100000002594214100,peripheral,0.0000,0,0.2222,"заглушка: in 1/1000000, out 0/0",1,0,1000000,0,1,0,0.0000,0,0,0,0,0,4,false,true,false
100000001299323100,peripheral,0.0000,0,0.0242,"заглушка: in 1/109000, out 0/0",1,0,109000,0,1,0,0.0000,0,0,0,0,0,4,false,true,false
100000003838587100,peripheral,0.0000,0,0.0013,"заглушка: in 1/6000, out 0/0",1,0,6000,0,1,0,0.0000,0,0,0,0,0,4,false,true,false
100000000673915100,peripheral,0.0000,0,0.0045,"заглушка: in 1/20200, out 0/0",1,0,20200,0,1,0,0.0000,0,0,0,0,0,4,false,true,false
100000003061115100,peripheral,0.0000,0,0.0100,"заглушка: in 1/45000, out 0/0",1,0,45000,0,1,0,0.0000,0,0,0,0,0,4,false,true,false
100000004326224100,peripheral,0.0000,0,0.0133,"заглушка: in 1/60000, out 0/0",1,0,60000,0,1,0,0.0000,0,0,0,0,0,4,false,true,false
100000004988240100,peripheral,0.0000,0,0.0044,"заглушка: in 1/20000, out 0/0",1,0,20000,0,1,0,0.0000,0,0,0,0,0,4,false,true,false
100000008525136100,peripheral,0.0000,0,0.0031,"заглушка: in 1/14100, out 0/0",1,0,14100,0,1,0,0.0000,0,0,0,0,0,4,false,true,false
100000001991973100,peripheral,0.0000,0,0.0046,"заглушка: in 1/20800, out 0/0",1,0,20800,0,1,0,0.0000,0,0,0,0,0,4,false,true,false
100000004569637100,peripheral,0.0000,0,0.0012,"заглушка: in 1/5500, out 0/0",1,0,5500,0,1,0,0.0000,0,0,0,0,0,4,false,true,false
100000008675322100,peripheral,0.0000,0,0.0756,"заглушка: in 1/340000, out 0/0",1,0,340000,0,4,0,0.0000,0,0,0,0,0,4,false,true,false
100000004235471100,peripheral,0.0000,0,0.0400,"заглушка: in 1/180000, out 0/0",1,0,180000,0,1,0,0.0000,0,0,0,0,0,4,false,true,false
100000003194831100,peripheral,0.0000,0,0.0014,"заглушка: in 1/6265, out 0/0",1,0,6265,0,1,0,0.0000,0,0,0,0,0,4,false,true,false
100000008588665100,peripheral,0.0000,0,0.0056,"заглушка: in 1/25000, out 0/0",1,0,25000,0,1,0,0.0000,0,0,0,0,0,4,false,true,false
100000003230329100,peripheral,0.0000,0,0.0244,"заглушка: in 1/110000, out 0/0",1,0,110000,0,1,0,0.0000,0,0,0,0,0,4,false,true,false
100000002217806100,peripheral,0.0000,0,0.0122,"заглушка: in 1/55000, out 0/0",1,0,55000,0,2,0,0.0000,0,0,0,0,0,4,false,true,false
100000004041294100,peripheral,0.0000,0,0.0040,"заглушка: in 1/17800, out 0/0",1,0,17800,0,2,0,0.0000,0,0,0,0,0,4,false,true,false
100000008583971100,peripheral,0.0000,0,0.0113,"заглушка: in 2/51000, out 0/0",2,0,51000,0,2,0,0.0000,0,0,0,0,0,4,false,true,false
100000008251939100,peripheral,0.0000,0,0.0099,"заглушка: in 1/44360, out 0/0",1,0,44360,0,1,0,0.0000,0,0,0,0,0,4,false,true,false
100000004049912100,peripheral,0.0000,0,0.0022,"заглушка: in 1/10000, out 0/0",1,0,10000,0,1,0,0.0000,0,0,0,0,0,4,false,true,false
100000002227960100,peripheral,0.0000,0,0.0022,"заглушка: in 1/10000, out 0/0",1,0,10000,0,1,0,0.0000,0,0,0,0,0,4,false,true,false
100000008677368100,peripheral,0.0000,0,0.0030,"заглушка: in 1/13500, out 0/0",1,0,13500,0,1,0,0.0000,0,0,0,0,0,4,false,true,false
100000008631800100,peripheral,0.0000,0,0.0029,"заглушка: in 1/12850, out 0/0",1,0,12850,0,1,0,0.0000,0,0,0,0,0,4,false,true,false
100000003220685100,peripheral,0.0000,0,0.2902,"заглушка: in 1/1306000, out 0/0",1,0,1306000,0,2,0,0.0000,0,0,0,0,0,4,false,true,false
100000003072205100,peripheral,0.0000,0,0.0362,"заглушка: in 2/163000, out 0/0",2,0,163000,0,2,0,0.0000,0,0,0,0,0,4,false,true,false
100000001202637100,peripheral,0.0000,0,0.0022,"заглушка: in 1/10000, out 0/0",1,0,10000,0,1,0,0.0000,0,0,0,0,0,4,false,true,false
100000002835874100,peripheral,0.0000,0,0.0130,"заглушка: in 1/58700, out 0/0",1,0,58700,0,1,0,0.0000,0,0,0,0,0,4,false,true,false
100000002707106100,peripheral,0.0000,0,0.0033,"заглушка: in 1/15000, out 0/0",1,0,15000,0,2,0,0.0000,0,0,0,0,0,4,false,true,false
100000008343415100,peripheral,0.0000,0,0.0222,"заглушка: in 1/100000, out 0/0",1,0,100000,0,3,0,0.0000,0,0,0,0,0,4,false,true,false
100000004981068100,peripheral,0.0000,0,0.0022,"заглушка: in 1/10000, out 0/0",1,0,10000,0,1,0,0.0000,0,0,0,0,0,4,false,true,false
100000004241142100,peripheral,0.0000,0,0.0060,"заглушка: in 1/27102, out 0/0",1,0,27102,0,1,0,0.0000,0,0,0,0,0,4,false,true,false
100000008190411100,peripheral,0.0000,0,0.0441,"заглушка: in 1/198450, out 0/0",1,0,198450,0,12,0,0.0000,0,0,0,0,0,4,false,true,false
100000008699083100,peripheral,0.0000,0,0.0530,"заглушка: in 1/238500, out 0/0",1,0,238500,0,1,0,0.0000,0,0,0,0,0,4,false,true,false
100000008136608100,peripheral,0.0000,0,0.0378,"заглушка: in 1/170000, out 0/0",1,0,170000,0,1,0,0.0000,0,0,0,0,0,4,false,true,false
100000008695157100,peripheral,0.0000,0,0.0946,"заглушка: in 1/425546, out 0/0",1,0,425546,0,3,0,0.0000,0,0,0,0,0,4,false,true,false
100000000369781100,peripheral,0.0000,0,0.0011,"заглушка: in 1/5000, out 0/0",1,0,5000,0,1,0,0.0000,0,0,0,0,0,4,false,true,false
100000003133045100,peripheral,0.0000,0,0.0151,"заглушка: in 1/68000, out 0/0",1,0,68000,0,1,0,0.0000,0,0,0,0,0,4,false,true,false
100000002474570100,peripheral,0.0000,0,0.0015,"заглушка: in 1/6750, out 0/0",1,0,6750,0,1,0,0.0000,0,0,0,0,0,4,false,true,false
100000002514975100,peripheral,0.0000,0,0.0040,"заглушка: in 1/17920, out 0/0",1,0,17920,0,1,0,0.0000,0,0,0,0,0,4,false,true,false
100000001089055100,peripheral,0.0000,0,0.0029,"заглушка: in 1/13000, out 0/0",1,0,13000,0,1,0,0.0000,0,0,0,0,0,4,false,true,false
100000000608031100,peripheral,0.0000,0,0.0067,"заглушка: in 1/30000, out 0/0",1,0,30000,0,1,0,0.0000,0,0,0,0,0,4,false,true,false
100000002659103100,peripheral,0.0000,0,0.0367,"заглушка: in 1/165000, out 0/0",1,0,165000,0,1,0,0.0000,0,0,0,0,0,4,false,true,false
100000000733940100,peripheral,0.0000,0,0.1671,"заглушка: in 1/752000, out 0/0",1,0,752000,0,2,0,0.0000,0,0,0,0,0,4,false,true,false
100000001537524100,peripheral,0.0000,0,0.0333,"заглушка: in 1/150000, out 0/0",1,0,150000,0,1,0,0.0000,0,0,0,0,0,4,false,true,false
100000002971593100,peripheral,0.0000,0,0.0109,"заглушка: in 1/49050, out 0/0",1,0,49050,0,1,0,0.0000,0,0,0,0,0,4,false,true,false
100000006918814100,peripheral,0.0000,0,0.0044,"заглушка: in 1/20000, out 0/0",1,0,20000,0,2,0,0.0000,0,0,0,0,0,4,false,true,false
100000007381662100,peripheral,0.0000,0,0.0024,"заглушка: in 1/11000, out 0/0",1,0,11000,0,1,0,0.0000,0,0,0,0,0,4,false,true,false
100000003199390100,peripheral,0.0000,0,0.0578,"заглушка: in 1/260000, out 0/0",1,0,260000,0,1,0,0.0000,0,0,0,0,0,4,false,true,false
100000007749747100,peripheral,0.0000,0,0.0111,"заглушка: in 1/50000, out 0/0",1,0,50000,0,1,0,0.0000,0,0,0,0,0,4,false,true,false
100000003447411100,peripheral,0.0000,0,0.0671,"заглушка: in 1/302000, out 0/0",1,0,302000,0,3,0,0.0000,0,0,0,0,0,4,false,true,false
100000000500040100,peripheral,0.0000,0,0.0044,"заглушка: in 1/20000, out 0/0",1,0,20000,0,1,0,0.0000,0,0,0,0,0,4,false,true,false
100000008551752100,peripheral,0.0000,0,0.0902,"заглушка: in 1/406000, out 0/0",1,0,406000,0,2,0,0.0000,0,0,0,0,0,4,false,true,false
100000002876914100,peripheral,0.0000,0,0.0027,"заглушка: in 1/12000, out 0/0",1,0,12000,0,1,0,0.0000,0,0,0,0,0,4,false,true,false
100000004571634100,peripheral,0.0000,0,0.0044,"заглушка: in 1/20000, out 0/0",1,0,20000,0,1,0,0.0000,0,0,0,0,0,4,false,true,false
100000004610802100,peripheral,0.0000,0,0.0536,"заглушка: in 1/241000, out 0/0",1,0,241000,0,18,0,0.0000,0,0,0,0,0,4,false,true,false
100000001311175100,peripheral,0.0000,0,0.0667,"заглушка: in 1/300000, out 0/0",1,0,300000,0,1,0,0.0000,0,0,0,0,0,4,false,true,false
100000008740295100,peripheral,0.0000,0,0.0667,"заглушка: in 1/300000, out 0/0",1,0,300000,0,1,0,0.0000,0,0,0,0,0,4,false,true,false
100000002596039100,peripheral,0.0000,0,0.0622,"заглушка: in 1/280000, out 0/0",1,0,280000,0,1,0,0.0000,0,0,0,0,0,4,false,true,false
100000002126791100,peripheral,0.0000,0,0.2918,"заглушка: in 1/1313000, out 0/0",1,0,1313000,0,3,0,0.0000,0,0,0,0,0,4,false,true,false
100000005783452100,peripheral,0.0000,0,0.0637,"заглушка: in 2/286500, out 0/0",2,0,286500,0,2,0,0.0000,0,0,0,0,0,4,false,true,false
100000006693788100,peripheral,0.0000,0,0.0024,"заглушка: in 1/10764, out 0/0",1,0,10764,0,1,0,0.0000,0,0,0,0,0,4,false,true,false
100000002832753100,peripheral,0.0000,0,0.0028,"заглушка: in 1/12500, out 0/0",1,0,12500,0,1,0,0.0000,0,0,0,0,0,4,false,true,false
100000002981489100,peripheral,0.0000,0,0.0022,"заглушка: in 1/10000, out 0/0",1,0,10000,0,1,0,0.0000,0,0,0,0,0,4,false,true,false
100000003084870100,peripheral,0.0000,0,0.0014,"заглушка: in 1/6500, out 0/0",1,0,6500,0,1,0,0.0000,0,0,0,0,0,4,false,true,false
100000002791494100,peripheral,0.0000,0,0.0191,"заглушка: in 1/85860, out 0/0",1,0,85860,0,1,0,0.0000,0,0,0,0,0,4,false,true,false
100000003345947100,peripheral,0.0000,0,0.0177,"заглушка: in 1/79500, out 0/0",1,0,79500,0,6,0,0.0000,0,0,0,0,0,4,false,true,false
100000002733083100,peripheral,0.0000,0,0.0034,"заглушка: in 1/15200, out 0/0",1,0,15200,0,1,0,0.0000,0,0,0,0,0,4,false,true,false
100000003247600100,peripheral,0.0000,0,0.0129,"заглушка: in 1/58000, out 0/0",1,0,58000,0,1,0,0.0000,0,0,0,0,0,4,false,true,false
100000001378288100,peripheral,0.0000,0,0.0596,"заглушка: in 1/268000, out 0/0",1,0,268000,0,3,0,0.0000,0,0,0,0,0,4,false,true,false
100000002305477100,peripheral,0.0000,0,0.0044,"заглушка: in 1/20000, out 0/0",1,0,20000,0,1,0,0.0000,0,0,0,0,0,4,false,true,false
100000006638021100,peripheral,0.0000,0,0.0863,"заглушка: in 2/388500, out 0/0",2,0,388500,0,2,0,0.0000,0,0,0,0,0,4,false,true,false
100000008517061100,peripheral,0.0000,0,0.4098,"заглушка: in 1/1844000, out 0/0",1,0,1844000,0,4,0,0.0000,0,0,0,0,0,4,false,true,false
100000005910895100,peripheral,0.0000,0,0.0011,"заглушка: in 1/5100, out 0/0",1,0,5100,0,1,0,0.0000,0,0,0,0,0,4,false,true,false
100000002723439100,peripheral,0.0000,0,0.0040,"заглушка: in 1/18000, out 0/0",1,0,18000,0,2,0,0.0000,0,0,0,0,0,4,false,true,false
100000002320495100,peripheral,0.0000,0,0.0030,"заглушка: in 1/13526, out 0/0",1,0,13526,0,1,0,0.0000,0,0,0,0,0,4,false,true,false
100000002229615100,peripheral,0.0000,0,0.0056,"заглушка: in 1/25000, out 0/0",1,0,25000,0,1,0,0.0000,0,0,0,0,0,4,false,true,false
100000008327791100,peripheral,0.0000,0,0.0024,"заглушка: in 1/11000, out 0/0",1,0,11000,0,1,0,0.0000,0,0,0,0,0,4,false,true,false
100000002208836100,peripheral,0.0000,0,0.0200,"заглушка: in 1/90000, out 0/0",1,0,90000,0,1,0,0.0000,0,0,0,0,0,4,false,true,false
100000001724740100,peripheral,0.0000,0,0.0411,"заглушка: in 1/185000, out 0/0",1,0,185000,0,4,0,0.0000,0,0,0,0,0,4,false,true,false
100000004386286100,peripheral,0.0000,0,0.0028,"заглушка: in 1/12500, out 0/0",1,0,12500,0,1,0,0.0000,0,0,0,0,0,4,false,true,false
100000001714883100,peripheral,0.0000,0,0.0015,"заглушка: in 1/6900, out 0/0",1,0,6900,0,1,0,0.0000,0,0,0,0,0,4,false,true,false
100000008337304100,peripheral,0.0000,0,0.0234,"заглушка: in 1/105465, out 0/0",1,0,105465,0,2,0,0.0000,0,0,0,0,0,4,false,true,false
100000000655469100,peripheral,0.0000,0,0.0044,"заглушка: in 1/20000, out 0/0",1,0,20000,0,2,0,0.0000,0,0,0,0,0,4,false,true,false
100000008722541100,peripheral,0.0000,0,0.0622,"заглушка: in 1/280000, out 0/0",1,0,280000,0,4,0,0.0000,0,0,0,0,0,4,false,true,false
100000004222274100,peripheral,0.0000,0,0.0034,"заглушка: in 1/15500, out 0/0",1,0,15500,0,1,0,0.0000,0,0,0,0,0,4,false,true,false
100000006232642100,peripheral,0.0000,0,0.1013,"заглушка: in 1/456000, out 0/0",1,0,456000,0,4,0,0.0000,0,0,0,0,0,4,false,true,false
100000004066370100,peripheral,0.0000,0,0.0144,"заглушка: in 1/65000, out 0/0",1,0,65000,0,2,0,0.0000,0,0,0,0,0,4,false,true,false
100000005685783100,peripheral,0.0000,0,0.0058,"заглушка: in 1/26150, out 0/0",1,0,26150,0,1,0,0.0000,0,0,0,0,0,4,false,true,false
100000006171671100,peripheral,0.0000,0,0.0022,"заглушка: in 1/10000, out 0/0",1,0,10000,0,1,0,0.0000,0,0,0,0,0,4,false,true,false
100000003481025100,peripheral,0.0000,0,0.0020,"заглушка: in 1/9000, out 0/0",1,0,9000,0,1,0,0.0000,0,0,0,0,0,4,false,true,false
100000003646145100,peripheral,0.0000,0,0.0011,"заглушка: in 1/5000, out 0/0",1,0,5000,0,1,0,0.0000,0,0,0,0,0,4,false,true,false
100000002659265100,peripheral,0.0000,0,0.0313,"заглушка: in 1/141000, out 0/0",1,0,141000,0,1,0,0.0000,0,0,0,0,0,4,false,true,false
100000003289281100,peripheral,0.0000,0,0.0089,"заглушка: in 1/40000, out 0/0",1,0,40000,0,1,0,0.0000,0,0,0,0,0,4,false,true,false
100000004840086100,peripheral,0.0000,0,0.0222,"заглушка: in 1/100000, out 0/0",1,0,100000,0,2,0,0.0000,0,0,0,0,0,4,false,true,false
100000008554390100,peripheral,0.0000,0,0.0031,"заглушка: in 1/14000, out 0/0",1,0,14000,0,1,0,0.0000,0,0,0,0,0,4,false,true,false
100000004691350100,peripheral,0.0000,0,0.0030,"заглушка: in 1/13300, out 0/0",1,0,13300,0,1,0,0.0000,0,0,0,0,0,4,false,true,false
100000004652395100,peripheral,0.0000,0,0.0226,"заглушка: in 3/101528, out 0/0",3,0,101528,0,5,0,0.0000,0,0,0,0,0,4,false,true,false
100000004979264100,peripheral,0.0000,0,0.0088,"заглушка: in 1/39800, out 0/0",1,0,39800,0,1,0,0.0000,0,0,0,0,0,4,false,true,false
100000008074304100,peripheral,0.0000,0,0.0012,"заглушка: in 1/5500, out 0/0",1,0,5500,0,1,0,0.0000,0,0,0,0,0,4,false,true,false
100000002227989100,peripheral,0.0000,0,0.0044,"заглушка: in 1/20000, out 0/0",1,0,20000,0,1,0,0.0000,0,0,0,0,0,4,false,true,false
100000003207060100,peripheral,0.0000,0,0.0118,"заглушка: in 1/53000, out 0/0",1,0,53000,0,1,0,0.0000,0,0,0,0,0,4,false,true,false
100000004601193100,peripheral,0.0000,0,0.0187,"заглушка: in 1/84000, out 0/0",1,0,84000,0,3,0,0.0000,0,0,0,0,0,4,false,true,false
100000004991593100,peripheral,0.0000,0,0.0100,"заглушка: in 1/45000, out 0/0",1,0,45000,0,2,0,0.0000,0,0,0,0,0,4,false,true,false
100000003128638100,peripheral,0.0000,0,0.0667,"заглушка: in 1/300000, out 0/0",1,0,300000,0,1,0,0.0000,0,0,0,0,0,4,false,true,false
100000005878334100,peripheral,0.0000,0,0.0170,"заглушка: in 1/76400, out 0/0",1,0,76400,0,2,0,0.0000,0,0,0,0,0,4,false,true,false
100000002878483100,peripheral,0.0000,0,0.0013,"заглушка: in 1/6000, out 0/0",1,0,6000,0,1,0,0.0000,0,0,0,0,0,4,false,true,false
100000000981693100,peripheral,0.0000,0,0.0037,"заглушка: in 1/16500, out 0/0",1,0,16500,0,1,0,0.0000,0,0,0,0,0,4,false,true,false
100000006416061100,peripheral,0.0000,0,0.0067,"заглушка: in 1/30000, out 0/0",1,0,30000,0,1,0,0.0000,0,0,0,0,0,4,false,true,false
100000008168850100,peripheral,0.0000,0,0.0418,"заглушка: in 1/187910, out 0/0",1,0,187910,0,2,0,0.0000,0,0,0,0,0,4,false,true,false
100000004747154100,peripheral,0.0000,0,0.0149,"заглушка: in 1/67000, out 0/0",1,0,67000,0,1,0,0.0000,0,0,0,0,0,4,false,true,false
100000008524903100,peripheral,0.0000,0,0.0033,"заглушка: in 1/15000, out 0/0",1,0,15000,0,1,0,0.0000,0,0,0,0,0,4,false,true,false
100000005049404100,peripheral,0.0000,0,0.0218,"заглушка: in 1/98000, out 0/0",1,0,98000,0,2,0,0.0000,0,0,0,0,0,4,false,true,false
100000002258492100,peripheral,0.0000,0,0.0020,"заглушка: in 1/9000, out 0/0",1,0,9000,0,1,0,0.0000,0,0,0,0,0,4,false,true,false
100000005497148100,peripheral,0.0000,0,0.0053,"заглушка: in 1/24000, out 0/0",1,0,24000,0,2,0,0.0000,0,0,0,0,0,4,false,true,false
100000004596284100,peripheral,0.0000,0,0.0067,"заглушка: in 1/30000, out 0/0",1,0,30000,0,1,0,0.0000,0,0,0,0,0,4,false,true,false
100000007960337100,peripheral,0.0000,0,0.0079,"заглушка: in 1/35500, out 0/0",1,0,35500,0,1,0,0.0000,0,0,0,0,0,4,false,true,false
100000003180305100,peripheral,0.0000,0,0.0320,"заглушка: in 1/144000, out 0/0",1,0,144000,0,1,0,0.0000,0,0,0,0,0,4,false,true,false
100000007653094100,peripheral,0.0000,0,0.0036,"заглушка: in 1/16000, out 0/0",1,0,16000,0,1,0,0.0000,0,0,0,0,0,4,false,true,false
100000008175078100,peripheral,0.0000,0,0.4104,"заглушка: in 1/1846711, out 0/0",1,0,1846711,0,15,0,0.0000,0,0,0,0,0,4,false,true,false
100000004263867100,peripheral,0.0000,0,0.0020,"заглушка: in 1/9000, out 0/0",1,0,9000,0,1,0,0.0000,0,0,0,0,0,4,false,true,false
100000002194320100,peripheral,0.0000,0,0.0611,"заглушка: in 1/275000, out 0/0",1,0,275000,0,1,0,0.0000,0,0,0,0,0,4,false,true,false
100000001222245100,peripheral,0.0000,0,0.0933,"заглушка: in 1/420000, out 0/0",1,0,420000,0,5,0,0.0000,0,0,0,0,0,4,false,true,false
100000008151098100,peripheral,0.0000,0,0.0067,"заглушка: in 1/30000, out 0/0",1,0,30000,0,1,0,0.0000,0,0,0,0,0,4,false,true,false
100000008735802100,peripheral,0.0000,0,0.0189,"заглушка: in 1/85000, out 0/0",1,0,85000,0,2,0,0.0000,0,0,0,0,0,4,false,true,false
100000004047887100,peripheral,0.0000,0,0.0067,"заглушка: in 1/30000, out 0/0",1,0,30000,0,1,0,0.0000,0,0,0,0,0,4,false,true,false
100000003146511100,peripheral,0.0000,0,0.0022,"заглушка: in 1/10000, out 0/0",1,0,10000,0,1,0,0.0000,0,0,0,0,0,4,false,true,false
100000007511780100,peripheral,0.0000,0,0.0344,"заглушка: in 1/155000, out 0/0",1,0,155000,0,2,0,0.0000,0,0,0,0,0,4,false,true,false
100000007867364100,peripheral,0.0000,0,0.0093,"заглушка: in 1/41852, out 0/0",1,0,41852,0,1,0,0.0000,0,0,0,0,0,4,false,true,false
100000006288612100,peripheral,0.0000,0,0.0068,"заглушка: in 1/30805, out 0/0",1,0,30805,0,3,0,0.0000,0,0,0,0,0,4,false,true,false
100000006735545100,peripheral,0.0000,0,0.0011,"заглушка: in 1/5000, out 0/0",1,0,5000,0,1,0,0.0000,0,0,0,0,0,4,false,true,false
100000004403641100,peripheral,0.0000,0,0.0381,"заглушка: in 1/171500, out 0/0",1,0,171500,0,1,0,0.0000,0,0,0,0,0,4,false,true,false
100000003370425100,peripheral,0.0000,0,0.0044,"заглушка: in 1/20000, out 0/0",1,0,20000,0,1,0,0.0000,0,0,0,0,0,4,false,true,false
100000004350094100,peripheral,0.0000,0,0.0044,"заглушка: in 1/20000, out 0/0",1,0,20000,0,1,0,0.0000,0,0,0,0,0,4,false,true,false
100000004911971100,peripheral,0.0000,0,0.0078,"заглушка: in 1/35000, out 0/0",1,0,35000,0,3,0,0.0000,0,0,0,0,0,4,false,true,false
100000001202787100,peripheral,0.0000,0,0.0033,"заглушка: in 2/14850, out 0/0",2,0,14850,0,2,0,0.0000,0,0,0,0,0,4,false,true,false
100000008469048100,peripheral,0.0000,0,0.0589,"заглушка: in 1/265200, out 0/0",1,0,265200,0,7,0,0.0000,0,0,0,0,0,4,false,true,false
100000002635746100,peripheral,0.0000,0,0.0012,"заглушка: in 1/5300, out 0/0",1,0,5300,0,1,0,0.0000,0,0,0,0,0,4,false,true,false
100000008321975100,peripheral,0.0000,0,0.0013,"заглушка: in 1/5900, out 0/0",1,0,5900,0,1,0,0.0000,0,0,0,0,0,4,false,true,false
100000003078839100,peripheral,0.0000,0,0.0031,"заглушка: in 1/14000, out 0/0",1,0,14000,0,2,0,0.0000,0,0,0,0,0,4,false,true,false
100000004006327100,peripheral,0.0000,0,0.0667,"заглушка: in 1/300000, out 0/0",1,0,300000,0,3,0,0.0000,0,0,0,0,0,4,false,true,false
100000007865484100,peripheral,0.0000,0,0.1299,"заглушка: in 1/584600, out 0/0",1,0,584600,0,2,0,0.0000,0,0,0,0,0,4,false,true,false
100000005367180100,peripheral,0.0000,0,0.0017,"заглушка: in 1/7700, out 0/0",1,0,7700,0,1,0,0.0000,0,0,0,0,0,4,false,true,false
100000001669260100,peripheral,0.0000,0,0.1111,"заглушка: in 1/500000, out 0/0",1,0,500000,0,1,0,0.0000,0,0,0,0,0,4,false,true,false
100000001297206100,peripheral,0.0000,0,0.0015,"заглушка: in 1/6758, out 0/0",1,0,6758,0,1,0,0.0000,0,0,0,0,0,4,false,true,false
100000002645046100,peripheral,0.0000,0,0.0027,"заглушка: in 1/12000, out 0/0",1,0,12000,0,1,0,0.0000,0,0,0,0,0,4,false,true,false
100000006308406100,peripheral,0.0000,0,0.0407,"заглушка: in 1/183000, out 0/0",1,0,183000,0,2,0,0.0000,0,0,0,0,0,4,false,true,false
100000002728246100,peripheral,0.0000,0,0.0022,"заглушка: in 1/10000, out 0/0",1,0,10000,0,1,0,0.0000,0,0,0,0,0,4,false,true,false
100000001590795100,peripheral,0.0000,0,0.0011,"заглушка: in 1/5060, out 0/0",1,0,5060,0,1,0,0.0000,0,0,0,0,0,4,false,true,false
100000006257675100,peripheral,0.0000,0,0.0156,"заглушка: in 1/70000, out 0/0",1,0,70000,0,2,0,0.0000,0,0,0,0,0,4,false,true,false
100000002130400100,peripheral,0.0000,0,0.0022,"заглушка: in 1/10000, out 0/0",1,0,10000,0,1,0,0.0000,0,0,0,0,0,4,false,true,false
100000000557536100,peripheral,0.0000,0,0.0340,"заглушка: in 1/153000, out 0/0",1,0,153000,0,7,0,0.0000,0,0,0,0,0,4,false,true,false
100000002689717100,peripheral,0.0000,0,0.0106,"заглушка: in 1/47500, out 0/0",1,0,47500,0,1,0,0.0000,0,0,0,0,0,4,false,true,false
100000005189258100,peripheral,0.0000,0,0.0111,"заглушка: in 1/50000, out 0/0",1,0,50000,0,1,0,0.0000,0,0,0,0,0,4,false,true,false
100000002748511100,peripheral,0.0000,0,0.0044,"заглушка: in 1/20000, out 0/0",1,0,20000,0,1,0,0.0000,0,0,0,0,0,4,false,true,false
100000002371892100,peripheral,0.0000,0,0.0097,"заглушка: in 1/43830, out 0/0",1,0,43830,0,1,0,0.0000,0,0,0,0,0,4,false,true,false
100000008130868100,peripheral,0.0000,0,0.0051,"заглушка: in 1/22782, out 0/0",1,0,22782,0,1,0,0.0000,0,0,0,0,0,4,false,true,false
100000007153161100,peripheral,0.0000,0,0.0100,"заглушка: in 1/44997, out 0/0",1,0,44997,0,1,0,0.0000,0,0,0,0,0,4,false,true,false
100000002994441100,peripheral,0.0000,0,0.0011,"заглушка: in 1/5000, out 0/0",1,0,5000,0,1,0,0.0000,0,0,0,0,0,4,false,true,false
100000001065481100,peripheral,0.0000,0,0.0036,"заглушка: in 1/16000, out 0/0",1,0,16000,0,2,0,0.0000,0,0,0,0,0,4,false,true,false
100000007731977100,peripheral,0.0000,0,0.0111,"заглушка: in 1/50000, out 0/0",1,0,50000,0,1,0,0.0000,0,0,0,0,0,4,false,true,false
100000003252446100,peripheral,0.0000,0,0.0241,"заглушка: in 1/108600, out 0/0",1,0,108600,0,1,0,0.0000,0,0,0,0,0,4,false,true,false
100000002671326100,peripheral,0.0000,0,0.2333,"заглушка: in 1/1050000, out 0/0",1,0,1050000,0,2,0,0.0000,0,0,0,0,0,4,false,true,false
100000005087923100,peripheral,0.0000,0,0.0044,"заглушка: in 1/20000, out 0/0",1,0,20000,0,1,0,0.0000,0,0,0,0,0,4,false,true,false
100000008770483100,peripheral,0.0000,0,0.0011,"заглушка: in 1/5000, out 0/0",1,0,5000,0,1,0,0.0000,0,0,0,0,0,4,false,true,false
100000002748040100,peripheral,0.0000,0,0.0040,"заглушка: in 1/18000, out 0/0",1,0,18000,0,1,0,0.0000,0,0,0,0,0,4,false,true,false
100000004800648100,peripheral,0.0000,0,0.0291,"заглушка: in 1/131000, out 0/0",1,0,131000,0,1,0,0.0000,0,0,0,0,0,4,false,true,false
100000005025629100,peripheral,0.0000,0,0.0012,"заглушка: in 1/5227, out 0/0",1,0,5227,0,1,0,0.0000,0,0,0,0,0,4,false,true,false
100000000581682100,peripheral,0.0000,0,0.0011,"заглушка: in 1/5000, out 0/0",1,0,5000,0,1,0,0.0000,0,0,0,0,0,4,false,true,false
100000004976946100,peripheral,0.0000,0,0.0547,"заглушка: in 1/246000, out 0/0",1,0,246000,0,1,0,0.0000,0,0,0,0,0,4,false,true,false
100000000957746100,peripheral,0.0000,0,0.0012,"заглушка: in 1/5300, out 0/0",1,0,5300,0,1,0,0.0000,0,0,0,0,0,4,false,true,false
100000003001138100,peripheral,0.0000,0,0.0067,"заглушка: in 1/30000, out 0/0",1,0,30000,0,1,0,0.0000,0,0,0,0,0,4,false,true,false
100000001325618100,peripheral,0.0000,0,0.0021,"заглушка: in 1/9300, out 0/0",1,0,9300,0,1,0,0.0000,0,0,0,0,0,4,false,true,false
100000003792647100,peripheral,0.0000,0,0.0018,"заглушка: in 1/8000, out 0/0",1,0,8000,0,1,0,0.0000,0,0,0,0,0,4,false,true,false
100000004107228100,peripheral,0.0000,0,0.0011,"заглушка: in 1/5000, out 0/0",1,0,5000,0,1,0,0.0000,0,0,0,0,0,4,false,true,false
100000003500764100,peripheral,0.0000,0,0.0047,"заглушка: in 1/21000, out 0/0",1,0,21000,0,1,0,0.0000,0,0,0,0,0,4,false,true,false
100000004261340100,peripheral,0.0000,0,0.0108,"заглушка: in 1/48500, out 0/0",1,0,48500,0,4,0,0.0000,0,0,0,0,0,4,false,true,false
100000008172721100,peripheral,0.0000,0,0.0374,"заглушка: in 1/168335, out 0/0",1,0,168335,0,1,0,0.0000,0,0,0,0,0,4,false,true,false
100000005079473100,peripheral,0.0000,0,0.0087,"заглушка: in 1/39312, out 0/0",1,0,39312,0,1,0,0.0000,0,0,0,0,0,4,false,true,false
100000004850609100,peripheral,0.0000,0,0.0022,"заглушка: in 1/10000, out 0/0",1,0,10000,0,1,0,0.0000,0,0,0,0,0,4,false,true,false
100000005042822100,peripheral,0.0000,0,0.2222,"заглушка: in 1/1000000, out 0/0",1,0,1000000,0,1,0,0.0000,0,0,0,0,0,4,false,true,false
100000002794374100,peripheral,0.0000,0,0.0247,"заглушка: in 1/111000, out 0/0",1,0,111000,0,1,0,0.0000,0,0,0,0,0,4,false,true,false
100000002860934100,peripheral,0.0000,0,0.0621,"заглушка: in 1/279500, out 0/0",1,0,279500,0,4,0,0.0000,0,0,0,0,0,4,false,true,false
100000003097947100,peripheral,0.0000,0,0.0118,"заглушка: in 1/52980, out 0/0",1,0,52980,0,1,0,0.0000,0,0,0,0,0,4,false,true,false
100000004260869100,peripheral,0.0000,0,0.0022,"заглушка: in 1/10000, out 0/0",1,0,10000,0,1,0,0.0000,0,0,0,0,0,4,false,true,false
100000008762885100,peripheral,0.0000,0,0.0016,"заглушка: in 1/7000, out 0/0",1,0,7000,0,1,0,0.0000,0,0,0,0,0,4,false,true,false
100000002986245100,peripheral,0.0000,0,0.0013,"заглушка: in 1/5750, out 0/0",1,0,5750,0,1,0,0.0000,0,0,0,0,0,4,false,true,false
100000001471706100,peripheral,0.0000,0,0.0838,"заглушка: in 1/377000, out 0/0",1,0,377000,0,8,0,0.0000,0,0,0,0,0,4,false,true,false
100000002304943100,peripheral,0.0000,0,0.0033,"заглушка: in 1/15000, out 0/0",1,0,15000,0,1,0,0.0000,0,0,0,0,0,4,false,true,false
100000002695812100,peripheral,0.0000,0,0.0211,"заглушка: in 1/95000, out 0/0",1,0,95000,0,1,0,0.0000,0,0,0,0,0,4,false,true,false
100000008761220100,peripheral,0.0000,0,0.0022,"заглушка: in 1/10000, out 0/0",1,0,10000,0,1,0,0.0000,0,0,0,0,0,4,false,true,false
100000004890713100,peripheral,0.0000,0,0.0090,"заглушка: in 1/40485, out 0/0",1,0,40485,0,1,0,0.0000,0,0,0,0,0,4,false,true,false
100000003083865100,peripheral,0.0000,0,0.0033,"заглушка: in 1/15000, out 0/0",1,0,15000,0,1,0,0.0000,0,0,0,0,0,4,false,true,false
100000004030553100,peripheral,0.0000,0,0.0156,"заглушка: in 1/70000, out 0/0",1,0,70000,0,1,0,0.0000,0,0,0,0,0,4,false,true,false
100000002653187100,peripheral,0.0000,0,0.0033,"заглушка: in 1/15000, out 0/0",1,0,15000,0,1,0,0.0000,0,0,0,0,0,4,false,true,false
100000006412162100,peripheral,0.0000,0,0.0033,"заглушка: in 1/15000, out 0/0",1,0,15000,0,2,0,0.0000,0,0,0,0,0,4,false,true,false
100000004674178100,peripheral,0.0000,0,0.0044,"заглушка: in 1/20000, out 0/0",1,0,20000,0,1,0,0.0000,0,0,0,0,0,4,false,true,false
100000004070530100,peripheral,0.0000,0,0.0044,"заглушка: in 1/20000, out 0/0",1,0,20000,0,1,0,0.0000,0,0,0,0,0,4,false,true,false
100000006706519100,peripheral,0.0000,0,0.0080,"заглушка: in 1/36000, out 0/0",1,0,36000,0,3,0,0.0000,0,0,0,0,0,4,false,true,false
100000005636951100,peripheral,0.0000,0,0.0089,"заглушка: in 1/40000, out 0/0",1,0,40000,0,1,0,0.0000,0,0,0,0,0,4,false,true,false
100000003040087100,peripheral,0.0000,0,0.0064,"заглушка: in 1/29000, out 0/0",1,0,29000,0,1,0,0.0000,0,0,0,0,0,4,false,true,false
100000008766764100,peripheral,0.0000,0,0.0011,"заглушка: in 1/5000, out 0/0",1,0,5000,0,1,0,0.0000,0,0,0,0,0,4,false,true,false
100000000299820100,peripheral,0.0000,0,0.0022,"заглушка: in 1/10000, out 0/0",1,0,10000,0,1,0,0.0000,0,0,0,0,0,4,false,true,false
100000008349740100,peripheral,0.0000,0,0.0156,"заглушка: in 1/70000, out 0/0",1,0,70000,0,2,0,0.0000,0,0,0,0,0,4,false,true,false
100000008761132100,peripheral,0.0000,0,0.0022,"заглушка: in 1/10000, out 0/0",1,0,10000,0,1,0,0.0000,0,0,0,0,0,4,false,true,false
100000002540033100,peripheral,0.0000,0,0.0022,"заглушка: in 1/10000, out 0/0",1,0,10000,0,1,0,0.0000,0,0,0,0,0,4,false,true,false
100000001845505100,peripheral,0.0000,0,0.0044,"заглушка: in 1/20000, out 0/0",1,0,20000,0,1,0,0.0000,0,0,0,0,0,4,false,true,false
100000003782913100,peripheral,0.0000,0,0.0444,"заглушка: in 1/200000, out 0/0",1,0,200000,0,1,0,0.0000,0,0,0,0,0,4,false,true,false
100000008778753100,peripheral,0.0000,0,0.0022,"заглушка: in 1/10000, out 0/0",1,0,10000,0,1,0,0.0000,0,0,0,0,0,4,false,true,false
100000008710913100,peripheral,0.0000,0,0.0031,"заглушка: in 1/14000, out 0/0",1,0,14000,0,1,0,0.0000,0,0,0,0,0,4,false,true,false
100000005495211100,peripheral,0.0000,0,0.0032,"заглушка: in 1/14500, out 0/0",1,0,14500,0,1,0,0.0000,0,0,0,0,0,4,false,true,false
100000004013952100,peripheral,0.0000,0,0.0012,"заглушка: in 1/5500, out 0/0",1,0,5500,0,1,0,0.0000,0,0,0,0,0,4,false,true,false
100000007330432100,peripheral,0.0000,0,0.1300,"заглушка: in 1/584900, out 0/0",1,0,584900,0,1,0,0.0000,0,0,0,0,0,4,false,true,false
100000000737152100,peripheral,0.0000,0,0.0078,"заглушка: in 1/35000, out 0/0",1,0,35000,0,1,0,0.0000,0,0,0,0,0,4,false,true,false
100000004674389100,peripheral,0.0000,0,0.0033,"заглушка: in 1/15000, out 0/0",1,0,15000,0,1,0,0.0000,0,0,0,0,0,4,false,true,false
100000002529877100,peripheral,0.0000,0,0.0516,"заглушка: in 1/232000, out 0/0",1,0,232000,0,1,0,0.0000,0,0,0,0,0,4,false,true,false
100000004035925100,peripheral,0.0000,0,0.2470,"заглушка: in 1/1111588, out 0/0",1,0,1111588,0,2,0,0.0000,0,0,0,0,0,4,false,true,false
100000002188586100,peripheral,0.0000,0,0.0085,"заглушка: in 1/38310, out 0/0",1,0,38310,0,1,0,0.0000,0,0,0,0,0,4,false,true,false
100000008050986100,peripheral,0.0000,0,0.0211,"заглушка: in 1/95000, out 0/0",1,0,95000,0,2,0,0.0000,0,0,0,0,0,4,false,true,false
100000004777215100,peripheral,0.0000,0,0.0133,"заглушка: in 1/60000, out 0/0",1,0,60000,0,1,0,0.0000,0,0,0,0,0,4,false,true,false
100000000926078100,peripheral,0.0000,0,0.0556,"заглушка: in 1/250000, out 0/0",1,0,250000,0,1,0,0.0000,0,0,0,0,0,4,false,true,false
100000003486846100,peripheral,0.0000,0,0.0060,"заглушка: in 1/27000, out 0/0",1,0,27000,0,2,0,0.0000,0,0,0,0,0,4,false,true,false
100000002516862100,peripheral,0.0000,0,0.0182,"заглушка: in 1/81710, out 0/0",1,0,81710,0,5,0,0.0000,0,0,0,0,0,4,false,true,false
100000008730238100,peripheral,0.0000,0,0.0251,"заглушка: in 1/113000, out 0/0",1,0,113000,0,1,0,0.0000,0,0,0,0,0,4,false,true,false
100000000803368100,peripheral,0.0000,0,0.0310,"заглушка: in 1/139503, out 0/0",1,0,139503,0,1,0,0.0000,0,0,0,0,0,4,false,true,false
100000002528978100,peripheral,0.0000,0,0.0035,"заглушка: in 1/15900, out 0/0",1,0,15900,0,1,0,0.0000,0,0,0,0,0,4,false,true,false
100000002597074100,peripheral,0.0000,0,0.0018,"заглушка: in 1/8000, out 0/0",1,0,8000,0,1,0,0.0000,0,0,0,0,0,4,false,true,false
100000003631015100,peripheral,0.0000,0,0.0591,"заглушка: in 1/266000, out 0/0",1,0,266000,0,1,0,0.0000,0,0,0,0,0,4,false,true,false
100000008255655100,peripheral,0.0000,0,0.0012,"заглушка: in 1/5400, out 0/0",1,0,5400,0,1,0,0.0000,0,0,0,0,0,4,false,true,false
100000004265639100,peripheral,0.0000,0,0.0022,"заглушка: in 1/10000, out 0/0",1,0,10000,0,1,0,0.0000,0,0,0,0,0,4,false,true,false
100000002726055100,peripheral,0.0000,0,0.0022,"заглушка: in 1/10000, out 0/0",1,0,10000,0,1,0,0.0000,0,0,0,0,0,4,false,true,false
100000003696422100,peripheral,0.0000,0,0.0262,"заглушка: in 1/118000, out 0/0",1,0,118000,0,2,0,0.0000,0,0,0,0,0,4,false,true,false
100000007745062100,peripheral,0.0000,0,0.0222,"заглушка: in 1/100000, out 0/0",1,0,100000,0,1,0,0.0000,0,0,0,0,0,4,false,true,false
100000005041147100,peripheral,0.0000,0,0.0022,"заглушка: in 1/10000, out 0/0",1,0,10000,0,1,0,0.0000,0,0,0,0,0,4,false,true,false
100000003819173100,peripheral,0.0000,0,0.0320,"заглушка: in 1/143777, out 0/0",1,0,143777,0,1,0,0.0000,0,0,0,0,0,4,false,true,false
100000001275557100,peripheral,0.0000,0,0.0044,"заглушка: in 1/20000, out 0/0",1,0,20000,0,1,0,0.0000,0,0,0,0,0,4,false,true,false
100000002706810100,peripheral,0.0000,0,0.0100,"заглушка: in 1/45000, out 0/0",1,0,45000,0,1,0,0.0000,0,0,0,0,0,4,false,true,false
100000002896506100,peripheral,0.0000,0,0.0100,"заглушка: in 1/45000, out 0/0",1,0,45000,0,1,0,0.0000,0,0,0,0,0,4,false,true,false
100000008766031100,peripheral,0.0000,0,0.0011,"заглушка: in 1/5000, out 0/0",1,0,5000,0,1,0,0.0000,0,0,0,0,0,4,false,true,false
100000008758607100,peripheral,0.0000,0,0.0011,"заглушка: in 1/5000, out 0/0",1,0,5000,0,1,0,0.0000,0,0,0,0,0,4,false,true,false
100000008648783100,peripheral,0.0000,0,0.0012,"заглушка: in 1/5200, out 0/0",1,0,5200,0,1,0,0.0000,0,0,0,0,0,4,false,true,false
100000004291663100,peripheral,0.0000,0,0.0056,"заглушка: in 1/25000, out 0/0",1,0,25000,0,1,0,0.0000,0,0,0,0,0,4,false,true,false
100000003037476100,peripheral,0.0000,0,0.1233,"заглушка: in 3/555000, out 0/0",3,0,555000,0,3,0,0.0000,0,0,0,0,0,4,false,true,false
100000008715513100,peripheral,0.0000,0,0.0072,"заглушка: in 1/32500, out 0/0",1,0,32500,0,1,0,0.0000,0,0,0,0,0,4,false,true,false
100000001276409100,peripheral,0.0000,0,0.0211,"заглушка: in 1/94760, out 0/0",1,0,94760,0,1,0,0.0000,0,0,0,0,0,4,false,true,false
100000003232675100,peripheral,0.0000,0,0.0098,"заглушка: in 1/44000, out 0/0",1,0,44000,0,2,0,0.0000,0,0,0,0,0,4,false,true,false
100000007988344100,peripheral,0.0000,0,0.0044,"заглушка: in 1/20000, out 0/0",1,0,20000,0,3,0,0.0000,0,0,0,0,0,4,false,true,false
100000003047800100,peripheral,0.0000,0,0.0027,"заглушка: in 1/12212, out 0/0",1,0,12212,0,1,0,0.0000,0,0,0,0,0,4,false,true,false
100000003230328100,peripheral,0.0000,0,0.0059,"заглушка: in 3/26572, out 0/0",3,0,26572,0,3,0,0.0000,0,0,0,0,0,4,false,true,false
100000002702968100,peripheral,0.0000,0,0.0070,"заглушка: in 1/31600, out 0/0",1,0,31600,0,1,0,0.0000,0,0,0,0,0,4,false,true,false
100000004788983100,peripheral,0.0000,0,0.0060,"заглушка: in 1/27000, out 0/0",1,0,27000,0,1,0,0.0000,0,0,0,0,0,4,false,true,false
100000006490615100,peripheral,0.0000,0,0.0092,"заглушка: in 1/41600, out 0/0",1,0,41600,0,6,0,0.0000,0,0,0,0,0,4,false,true,false
100000008745676100,peripheral,0.0000,0,0.0077,"заглушка: in 1/34547, out 0/0",1,0,34547,0,1,0,0.0000,0,0,0,0,0,4,false,true,false
100000001598625100,peripheral,0.0000,0,0.0056,"заглушка: in 1/25000, out 0/0",1,0,25000,0,1,0,0.0000,0,0,0,0,0,4,false,true,false
100000008461217100,peripheral,0.0000,0,0.0040,"заглушка: in 1/18000, out 0/0",1,0,18000,0,1,0,0.0000,0,0,0,0,0,4,false,true,false
100000005711521100,peripheral,0.0000,0,0.0529,"заглушка: in 1/238000, out 0/0",1,0,238000,0,1,0,0.0000,0,0,0,0,0,4,false,true,false
100000002713974100,peripheral,0.0000,0,0.0111,"заглушка: in 1/50000, out 0/0",1,0,50000,0,1,0,0.0000,0,0,0,0,0,4,false,true,false
100000005272139100,peripheral,0.0000,0,0.0367,"заглушка: in 1/165000, out 0/0",1,0,165000,0,1,0,0.0000,0,0,0,0,0,4,false,true,false
100000002968096100,peripheral,0.0000,0,0.0156,"заглушка: in 1/70000, out 0/0",1,0,70000,0,1,0,0.0000,0,0,0,0,0,4,false,true,false
100000004449824100,peripheral,0.0000,0,0.0020,"заглушка: in 1/9000, out 0/0",1,0,9000,0,1,0,0.0000,0,0,0,0,0,4,false,true,false
100000004502048100,peripheral,0.0000,0,0.0031,"заглушка: in 1/13888, out 0/0",1,0,13888,0,1,0,0.0000,0,0,0,0,0,4,false,true,false
100000002660298100,peripheral,0.0000,0,0.0069,"заглушка: in 1/30900, out 0/0",1,0,30900,0,1,0,0.0000,0,0,0,0,0,4,false,true,false
100000001299828100,peripheral,0.0000,0,0.0222,"заглушка: in 1/100000, out 0/0",1,0,100000,0,1,0,0.0000,0,0,0,0,0,4,false,true,false
100000000581662100,peripheral,0.0000,0,0.0047,"заглушка: in 1/21160, out 0/0",1,0,21160,0,1,0,0.0000,0,0,0,0,0,4,false,true,false
100000001249054100,peripheral,0.0000,0,0.0039,"заглушка: in 1/17375, out 0/0",1,0,17375,0,1,0,0.0000,0,0,0,0,0,4,false,true,false
100000008759795100,peripheral,0.0000,0,0.0038,"заглушка: in 1/17000, out 0/0",1,0,17000,0,1,0,0.0000,0,0,0,0,0,4,false,true,false
100000001299443100,peripheral,0.0000,0,0.0018,"заглушка: in 1/8000, out 0/0",1,0,8000,0,1,0,0.0000,0,0,0,0,0,4,false,true,false
100000007997939100,peripheral,0.0000,0,0.0029,"заглушка: in 1/13000, out 0/0",1,0,13000,0,1,0,0.0000,0,0,0,0,0,4,false,true,false
100000003470579100,peripheral,0.0000,0,0.0793,"заглушка: in 1/357000, out 0/0",1,0,357000,0,2,0,0.0000,0,0,0,0,0,4,false,true,false
100000008649416100,peripheral,0.0000,0,0.0011,"заглушка: in 1/5000, out 0/0",1,0,5000,0,1,0,0.0000,0,0,0,0,0,4,false,true,false
100000008183752100,peripheral,0.0000,0,0.0311,"заглушка: in 1/140000, out 0/0",1,0,140000,0,1,0,0.0000,0,0,0,0,0,4,false,true,false
100000003950749100,peripheral,0.0000,0,0.0016,"заглушка: in 1/7000, out 0/0",1,0,7000,0,1,0,0.0000,0,0,0,0,0,4,false,true,false
100000005979037100,peripheral,0.0000,0,0.0134,"заглушка: in 1/60300, out 0/0",1,0,60300,0,1,0,0.0000,0,0,0,0,0,4,false,true,false
100000008734279100,peripheral,0.0000,0,0.0070,"заглушка: in 1/31650, out 0/0",1,0,31650,0,1,0,0.0000,0,0,0,0,0,4,false,true,false
100000005589319100,peripheral,0.0000,0,0.0058,"заглушка: in 1/26000, out 0/0",1,0,26000,0,1,0,0.0000,0,0,0,0,0,4,false,true,false
100000003626268100,peripheral,0.0000,0,0.0011,"заглушка: in 1/5000, out 0/0",1,0,5000,0,1,0,0.0000,0,0,0,0,0,4,false,true,false
100000001220124100,peripheral,0.0000,0,0.0089,"заглушка: in 1/40000, out 0/0",1,0,40000,0,1,0,0.0000,0,0,0,0,0,4,false,true,false
100000003904497100,peripheral,0.0000,0,0.0022,"заглушка: in 1/10000, out 0/0",1,0,10000,0,1,0,0.0000,0,0,0,0,0,4,false,true,false
100000001270470100,peripheral,0.0000,0,0.0063,"заглушка: in 1/28300, out 0/0",1,0,28300,0,2,0,0.0000,0,0,0,0,0,4,false,true,false
100000003091142100,peripheral,0.0000,0,0.0089,"заглушка: in 1/40000, out 0/0",1,0,40000,0,1,0,0.0000,0,0,0,0,0,4,false,true,false
100000001053894100,peripheral,0.0000,0,0.4444,"заглушка: in 1/2000000, out 0/0",1,0,2000000,0,7,0,0.0000,0,0,0,0,0,4,false,true,false
100000004722630100,peripheral,0.0000,0,0.0756,"заглушка: in 1/340000, out 0/0",1,0,340000,0,2,0,0.0000,0,0,0,0,0,4,false,true,false
100000004655046100,peripheral,0.0000,0,0.0053,"заглушка: in 1/24000, out 0/0",1,0,24000,0,1,0,0.0000,0,0,0,0,0,4,false,true,false
100000004019056100,peripheral,0.0000,0,0.0111,"заглушка: in 1/50000, out 0/0",1,0,50000,0,1,0,0.0000,0,0,0,0,0,4,false,true,false
100000008071749100,peripheral,0.0000,0,0.0055,"заглушка: in 1/24943, out 0/0",1,0,24943,0,1,0,0.0000,0,0,0,0,0,4,false,true,false
100000008221765100,peripheral,0.0000,0,0.0347,"заглушка: in 1/156354, out 0/0",1,0,156354,0,1,0,0.0000,0,0,0,0,0,4,false,true,false
100000008778010100,peripheral,0.0000,0,0.0171,"заглушка: in 1/76950, out 0/0",1,0,76950,0,2,0,0.0000,0,0,0,0,0,4,false,true,false
100000004584730100,peripheral,0.0000,0,0.0104,"заглушка: in 1/47000, out 0/0",1,0,47000,0,1,0,0.0000,0,0,0,0,0,4,false,true,false
100000004797167100,peripheral,0.0000,0,0.0069,"заглушка: in 1/31000, out 0/0",1,0,31000,0,1,0,0.0000,0,0,0,0,0,4,false,true,false
100000005010159100,peripheral,0.0000,0,0.0016,"заглушка: in 1/7092, out 0/0",1,0,7092,0,1,0,0.0000,0,0,0,0,0,4,false,true,false
100000003025903100,peripheral,0.0000,0,0.0858,"заглушка: in 1/386300, out 0/0",1,0,386300,0,6,0,0.0000,0,0,0,0,0,4,false,true,false
100000003005167100,peripheral,0.0000,0,0.0016,"заглушка: in 1/7000, out 0/0",1,0,7000,0,1,0,0.0000,0,0,0,0,0,4,false,true,false
100000002214383100,peripheral,0.0000,0,0.0473,"заглушка: in 1/213000, out 0/0",1,0,213000,0,1,0,0.0000,0,0,0,0,0,4,false,true,false
100000004800452100,peripheral,0.0000,0,0.0015,"заглушка: in 1/6545, out 0/0",1,0,6545,0,1,0,0.0000,0,0,0,0,0,4,false,true,false
100000006903193100,peripheral,0.0000,0,0.0020,"заглушка: in 1/9000, out 0/0",1,0,9000,0,1,0,0.0000,0,0,0,0,0,4,false,true,false
100000007811950100,peripheral,0.0000,0,0.0111,"заглушка: in 1/50000, out 0/0",1,0,50000,0,1,0,0.0000,0,0,0,0,0,4,false,true,false
100000000375150100,peripheral,0.0000,0,0.0667,"заглушка: in 1/300000, out 0/0",1,0,300000,0,1,0,0.0000,0,0,0,0,0,4,false,true,false
100000008775747100,peripheral,0.0000,0,0.0011,"заглушка: in 1/5000, out 0/0",1,0,5000,0,1,0,0.0000,0,0,0,0,0,4,false,true,false
100000006689603100,peripheral,0.0000,0,0.0889,"заглушка: in 1/400000, out 0/0",1,0,400000,0,2,0,0.0000,0,0,0,0,0,4,false,true,false
100000005075949100,peripheral,0.0000,0,0.4947,"заглушка: in 1/2226000, out 0/0",1,0,2226000,0,7,0,0.0000,0,0,0,0,0,4,false,true,false
100000003985389100,peripheral,0.0000,0,0.0939,"заглушка: in 1/422698, out 0/0",1,0,422698,0,16,0,0.0000,0,0,0,0,0,4,false,true,false
100000002478829100,peripheral,0.0000,0,0.0076,"заглушка: in 1/34000, out 0/0",1,0,34000,0,1,0,0.0000,0,0,0,0,0,4,false,true,false
100000003125997100,peripheral,0.0000,0,0.0195,"заглушка: in 1/87750, out 0/0",1,0,87750,0,1,0,0.0000,0,0,0,0,0,4,false,true,false
100000003214786100,peripheral,0.0000,0,0.0011,"заглушка: in 1/5000, out 0/0",1,0,5000,0,1,0,0.0000,0,0,0,0,0,4,false,true,false
100000008308418100,peripheral,0.0000,0,0.0111,"заглушка: in 1/50000, out 0/0",1,0,50000,0,1,0,0.0000,0,0,0,0,0,4,false,true,false
100000008619159100,peripheral,0.0000,0,0.0992,"заглушка: in 1/446400, out 0/0",1,0,446400,0,2,0,0.0000,0,0,0,0,0,4,false,true,false
100000004418967100,peripheral,0.0000,0,0.0222,"заглушка: in 1/100000, out 0/0",1,0,100000,0,1,0,0.0000,0,0,0,0,0,4,false,true,false
100000003173783100,peripheral,0.0000,0,0.0052,"заглушка: in 1/23500, out 0/0",1,0,23500,0,2,0,0.0000,0,0,0,0,0,4,false,true,false
100000002242455100,peripheral,0.0000,0,0.0244,"заглушка: in 1/110000, out 0/0",1,0,110000,0,1,0,0.0000,0,0,0,0,0,4,false,true,false
100000004848236100,peripheral,0.0000,0,0.0017,"заглушка: in 1/7500, out 0/0",1,0,7500,0,1,0,0.0000,0,0,0,0,0,4,false,true,false
100000004674412100,peripheral,0.0000,0,0.0102,"заглушка: in 1/46000, out 0/0",1,0,46000,0,1,0,0.0000,0,0,0,0,0,4,false,true,false
100000007071852100,peripheral,0.0000,0,0.0433,"заглушка: in 1/195000, out 0/0",1,0,195000,0,1,0,0.0000,0,0,0,0,0,4,false,true,false
100000001498732100,peripheral,0.0000,0,0.0012,"заглушка: in 1/5500, out 0/0",1,0,5500,0,1,0,0.0000,0,0,0,0,0,4,false,true,false
100000000627521100,peripheral,0.0000,0,0.0014,"заглушка: in 1/6500, out 0/0",1,0,6500,0,1,0,0.0000,0,0,0,0,0,4,false,true,false
100000003105089100,peripheral,0.0000,0,0.0022,"заглушка: in 1/10000, out 0/0",1,0,10000,0,1,0,0.0000,0,0,0,0,0,4,false,true,false
100000003166017100,peripheral,0.0000,0,0.0033,"заглушка: in 1/15000, out 0/0",1,0,15000,0,1,0,0.0000,0,0,0,0,0,4,false,true,false
100000002506987100,peripheral,0.0000,0,0.0063,"заглушка: in 1/28200, out 0/0",1,0,28200,0,1,0,0.0000,0,0,0,0,0,4,false,true,false
100000005767403100,peripheral,0.0000,0,0.2444,"заглушка: in 1/1100000, out 0/0",1,0,1100000,0,2,0,0.0000,0,0,0,0,0,4,false,true,false
100000005553088100,peripheral,0.0000,0,0.0039,"заглушка: in 1/17500, out 0/0",1,0,17500,0,1,0,0.0000,0,0,0,0,0,4,false,true,false
100000003632533100,peripheral,0.0000,0,0.0022,"заглушка: in 1/10000, out 0/0",1,0,10000,0,1,0,0.0000,0,0,0,0,0,4,false,true,false
100000008762005100,peripheral,0.0000,0,0.0011,"заглушка: in 1/5000, out 0/0",1,0,5000,0,1,0,0.0000,0,0,0,0,0,4,false,true,false
100000002214207100,peripheral,0.0000,0,0.0216,"заглушка: in 1/97000, out 0/0",1,0,97000,0,1,0,0.0000,0,0,0,0,0,4,false,true,false
100000003180820100,peripheral,0.0000,0,0.0224,"заглушка: in 1/101000, out 0/0",1,0,101000,0,1,0,0.0000,0,0,0,0,0,4,false,true,false
100000003786516100,peripheral,0.0000,0,0.0011,"заглушка: in 1/5000, out 0/0",1,0,5000,0,1,0,0.0000,0,0,0,0,0,4,false,true,false
100000005226217100,peripheral,0.0000,0,0.0039,"заглушка: in 1/17500, out 0/0",1,0,17500,0,1,0,0.0000,0,0,0,0,0,4,false,true,false
100000001533161100,peripheral,0.0000,0,0.0222,"заглушка: in 1/100000, out 0/0",1,0,100000,0,1,0,0.0000,0,0,0,0,0,4,false,true,false
100000007034089100,peripheral,0.0000,0,0.0440,"заглушка: in 2/198000, out 0/0",2,0,198000,0,2,0,0.0000,0,0,0,0,0,4,false,true,false
100000008336318100,peripheral,0.0000,0,0.0378,"заглушка: in 1/170000, out 0/0",1,0,170000,0,1,0,0.0000,0,0,0,0,0,4,false,true,false
100000005370558100,peripheral,0.0000,0,0.0011,"заглушка: in 1/5000, out 0/0",1,0,5000,0,1,0,0.0000,0,0,0,0,0,4,false,true,false
100000002729875100,peripheral,0.0000,0,0.0169,"заглушка: in 1/76000, out 0/0",1,0,76000,0,1,0,0.0000,0,0,0,0,0,4,false,true,false
100000006512787100,peripheral,0.0000,0,0.0044,"заглушка: in 1/20000, out 0/0",1,0,20000,0,2,0,0.0000,0,0,0,0,0,4,false,true,false
100000003186579100,peripheral,0.0000,0,0.0244,"заглушка: in 1/110000, out 0/0",1,0,110000,0,2,0,0.0000,0,0,0,0,0,4,false,true,false
100000004472936100,peripheral,0.0000,0,0.0011,"заглушка: in 1/5000, out 0/0",1,0,5000,0,1,0,0.0000,0,0,0,0,0,4,false,true,false
100000002231144100,peripheral,0.0000,0,0.0033,"заглушка: in 1/15000, out 0/0",1,0,15000,0,1,0,0.0000,0,0,0,0,0,4,false,true,false
100000002505277100,peripheral,0.0000,0,0.0133,"заглушка: in 1/60000, out 0/0",1,0,60000,0,1,0,0.0000,0,0,0,0,0,4,false,true,false
100000003177533100,peripheral,0.0000,0,0.0044,"заглушка: in 1/20000, out 0/0",1,0,20000,0,3,0,0.0000,0,0,0,0,0,4,false,true,false
100000005888829100,peripheral,0.0000,0,0.0438,"заглушка: in 1/197000, out 0/0",1,0,197000,0,1,0,0.0000,0,0,0,0,0,4,false,true,false
100000002242066100,peripheral,0.0000,0,0.0133,"заглушка: in 1/60000, out 0/0",1,0,60000,0,1,0,0.0000,0,0,0,0,0,4,false,true,false
100000008027922100,peripheral,0.0000,0,0.0156,"заглушка: in 1/70000, out 0/0",1,0,70000,0,1,0,0.0000,0,0,0,0,0,4,false,true,false
100000002686226100,peripheral,0.0000,0,0.0956,"заглушка: in 1/430000, out 0/0",1,0,430000,0,2,0,0.0000,0,0,0,0,0,4,false,true,false
100000001065234100,peripheral,0.0000,0,0.0800,"заглушка: in 1/360000, out 0/0",1,0,360000,0,1,0,0.0000,0,0,0,0,0,4,false,true,false
100000000424935100,peripheral,0.0000,0,0.0033,"заглушка: in 1/15000, out 0/0",1,0,15000,0,1,0,0.0000,0,0,0,0,0,4,false,true,false
100000005723580100,peripheral,0.0000,0,0.0078,"заглушка: in 1/35000, out 0/0",1,0,35000,0,1,0,0.0000,0,0,0,0,0,4,false,true,false
100000000704700100,peripheral,0.0000,0,0.0022,"заглушка: in 1/10000, out 0/0",1,0,10000,0,1,0,0.0000,0,0,0,0,0,4,false,true,false
100000005293969100,peripheral,0.0000,0,0.0012,"заглушка: in 1/5467, out 0/0",1,0,5467,0,1,0,0.0000,0,0,0,0,0,4,false,true,false
100000002512742100,peripheral,0.0000,0,0.0013,"заглушка: in 1/6000, out 0/0",1,0,6000,0,1,0,0.0000,0,0,0,0,0,4,false,true,false
100000001816678100,peripheral,0.0000,0,0.0133,"заглушка: in 1/60000, out 0/0",1,0,60000,0,1,0,0.0000,0,0,0,0,0,4,false,true,false
100000004586598100,peripheral,0.0000,0,0.1692,"заглушка: in 1/761255, out 0/0",1,0,761255,0,4,0,0.0000,0,0,0,0,0,4,false,true,false
100000005782886100,peripheral,0.0000,0,0.0031,"заглушка: in 1/14000, out 0/0",1,0,14000,0,1,0,0.0000,0,0,0,0,0,4,false,true,false
100000002622822100,peripheral,0.0000,0,0.1667,"заглушка: in 1/750000, out 0/0",1,0,750000,0,1,0,0.0000,0,0,0,0,0,4,false,true,false
100000003718715100,peripheral,0.0000,0,0.2033,"заглушка: in 1/915000, out 0/0",1,0,915000,0,3,0,0.0000,0,0,0,0,0,4,false,true,false
100000006491963100,peripheral,0.0000,0,0.0036,"заглушка: in 1/16000, out 0/0",1,0,16000,0,3,0,0.0000,0,0,0,0,0,4,false,true,false
100000004526651100,peripheral,0.0000,0,0.0073,"заглушка: in 1/33000, out 0/0",1,0,33000,0,1,0,0.0000,0,0,0,0,0,4,false,true,false
100000008331280100,peripheral,0.0000,0,0.0091,"заглушка: in 1/41000, out 0/0",1,0,41000,0,2,0,0.0000,0,0,0,0,0,4,false,true,false
100000004177936100,peripheral,0.0000,0,0.0022,"заглушка: in 1/10000, out 0/0",1,0,10000,0,1,0,0.0000,0,0,0,0,0,4,false,true,false
100000002922000100,peripheral,0.0000,0,0.0996,"заглушка: in 1/448000, out 0/0",1,0,448000,0,1,0,0.0000,0,0,0,0,0,4,false,true,false
100000002404112100,peripheral,0.0000,0,0.0133,"заглушка: in 1/60000, out 0/0",1,0,60000,0,1,0,0.0000,0,0,0,0,0,4,false,true,false
100000000634341100,peripheral,0.0000,0,0.0053,"заглушка: in 1/24000, out 0/0",1,0,24000,0,2,0,0.0000,0,0,0,0,0,4,false,true,false
100000001822650100,peripheral,0.0000,0,0.0249,"заглушка: in 1/112000, out 0/0",1,0,112000,0,1,0,0.0000,0,0,0,0,0,4,false,true,false
100000004791226100,peripheral,0.0000,0,0.0044,"заглушка: in 1/20000, out 0/0",1,0,20000,0,1,0,0.0000,0,0,0,0,0,4,false,true,false
100000007841978100,peripheral,0.0000,0,0.0998,"заглушка: in 1/449000, out 0/0",1,0,449000,0,1,0,0.0000,0,0,0,0,0,4,false,true,false
100000006866831100,peripheral,0.0000,0,0.0037,"заглушка: in 1/16500, out 0/0",1,0,16500,0,1,0,0.0000,0,0,0,0,0,4,false,true,false
100000002999140100,peripheral,0.0000,0,0.0022,"заглушка: in 1/10000, out 0/0",1,0,10000,0,2,0,0.0000,0,0,0,0,0,4,false,true,false
100000002884708100,peripheral,0.0000,0,0.2604,"заглушка: in 1/1171644, out 0/0",1,0,1171644,0,2,0,0.0000,0,0,0,0,0,4,false,true,false
100000001130553100,peripheral,0.0000,0,0.0040,"заглушка: in 1/18000, out 0/0",1,0,18000,0,2,0,0.0000,0,0,0,0,0,4,false,true,false
100000006351075100,peripheral,0.0000,0,0.0089,"заглушка: in 1/40000, out 0/0",1,0,40000,0,2,0,0.0000,0,0,0,0,0,4,false,true,false
100000005616568100,peripheral,0.0000,0,0.1178,"заглушка: in 1/530000, out 0/0",1,0,530000,0,1,0,0.0000,0,0,0,0,0,4,false,true,false
100000006381453100,peripheral,0.0000,0,0.0100,"заглушка: in 1/45000, out 0/0",1,0,45000,0,1,0,0.0000,0,0,0,0,0,4,false,true,false
100000004616845100,peripheral,0.0000,0,0.0045,"заглушка: in 1/20200, out 0/0",1,0,20200,0,2,0,0.0000,0,0,0,0,0,4,false,true,false
100000004908173100,peripheral,0.0000,0,0.0047,"заглушка: in 1/21000, out 0/0",1,0,21000,0,1,0,0.0000,0,0,0,0,0,4,false,true,false
100000004433250100,peripheral,0.0000,0,0.0018,"заглушка: in 1/8000, out 0/0",1,0,8000,0,1,0,0.0000,0,0,0,0,0,4,false,true,false
100000003664994100,peripheral,0.0000,0,0.0752,"заглушка: in 1/338271, out 0/0",1,0,338271,0,2,0,0.0000,0,0,0,0,0,4,false,true,false
100000004673335100,peripheral,0.0000,0,0.0178,"заглушка: in 1/80000, out 0/0",1,0,80000,0,1,0,0.0000,0,0,0,0,0,4,false,true,false
100000002487222100,peripheral,0.0000,0,0.0200,"заглушка: in 1/90000, out 0/0",1,0,90000,0,2,0,0.0000,0,0,0,0,0,4,false,true,false
100000000018102100,peripheral,0.0000,0,0.0016,"заглушка: in 1/7000, out 0/0",1,0,7000,0,1,0,0.0000,0,0,0,0,0,4,false,true,false
100000008638859100,peripheral,0.0000,0,0.0076,"заглушка: in 1/34000, out 0/0",1,0,34000,0,1,0,0.0000,0,0,0,0,0,4,false,true,false
100000001131403100,peripheral,0.0000,0,0.3489,"заглушка: in 1/1570000, out 0/0",1,0,1570000,0,3,0,0.0000,0,0,0,0,0,4,false,true,false
100000001733216100,peripheral,0.0000,0,0.0133,"заглушка: in 1/60000, out 0/0",1,0,60000,0,2,0,0.0000,0,0,0,0,0,4,false,true,false
100000004400480100,peripheral,0.0000,0,0.0048,"заглушка: in 1/21700, out 0/0",1,0,21700,0,1,0,0.0000,0,0,0,0,0,4,false,true,false
100000007539296100,peripheral,0.0000,0,0.0102,"заглушка: in 1/46000, out 0/0",1,0,46000,0,2,0,0.0000,0,0,0,0,0,4,false,true,false
100000008757301100,peripheral,0.0000,0,0.0130,"заглушка: in 1/58398, out 0/0",1,0,58398,0,3,0,0.0000,0,0,0,0,0,4,false,true,false
100000002752565100,peripheral,0.0000,0,0.0127,"заглушка: in 1/57000, out 0/0",1,0,57000,0,1,0,0.0000,0,0,0,0,0,4,false,true,false
100000002734815100,peripheral,0.0000,0,0.0244,"заглушка: in 1/110000, out 0/0",1,0,110000,0,1,0,0.0000,0,0,0,0,0,4,false,true,false
100000008333492100,peripheral,0.0000,0,0.0481,"заглушка: in 1/216400, out 0/0",1,0,216400,0,1,0,0.0000,0,0,0,0,0,4,false,true,false
100000006527156100,peripheral,0.0000,0,0.0108,"заглушка: in 1/48500, out 0/0",1,0,48500,0,1,0,0.0000,0,0,0,0,0,4,false,true,false
100000003448713100,peripheral,0.0000,0,0.0593,"заглушка: in 1/266750, out 0/0",1,0,266750,0,1,0,0.0000,0,0,0,0,0,4,false,true,false
100000004780083100,peripheral,0.0000,0,0.0022,"заглушка: in 1/9999, out 0/0",1,0,9999,0,1,0,0.0000,0,0,0,0,0,4,false,true,false
100000004798515100,peripheral,0.0000,0,0.0444,"заглушка: in 1/200000, out 0/0",1,0,200000,0,2,0,0.0000,0,0,0,0,0,4,false,true,false
100000004232712100,peripheral,0.0000,0,0.0028,"заглушка: in 1/12500, out 0/0",1,0,12500,0,1,0,0.0000,0,0,0,0,0,4,false,true,false
100000005209352100,peripheral,0.0000,0,0.0011,"заглушка: in 1/5000, out 0/0",1,0,5000,0,1,0,0.0000,0,0,0,0,0,4,false,true,false
100000000561160100,peripheral,0.0000,0,0.0533,"заглушка: in 1/240000, out 0/0",1,0,240000,0,1,0,0.0000,0,0,0,0,0,4,false,true,false
100000003568904100,peripheral,0.0000,0,0.0109,"заглушка: in 1/49000, out 0/0",1,0,49000,0,1,0,0.0000,0,0,0,0,0,4,false,true,false
100000000470237100,peripheral,0.0000,0,0.0072,"заглушка: in 1/32500, out 0/0",1,0,32500,0,1,0,0.0000,0,0,0,0,0,4,false,true,false
100000008560263100,peripheral,0.0000,0,0.0222,"заглушка: in 1/100000, out 0/0",1,0,100000,0,1,0,0.0000,0,0,0,0,0,4,false,true,false
100000000542087100,peripheral,0.0000,0,0.0019,"заглушка: in 1/8507, out 0/0",1,0,8507,0,1,0,0.0000,0,0,0,0,0,4,false,true,false
100000004403548100,peripheral,0.0000,0,0.0011,"заглушка: in 1/5000, out 0/0",1,0,5000,0,1,0,0.0000,0,0,0,0,0,4,false,true,false
100000003010908100,peripheral,0.0000,0,0.0038,"заглушка: in 1/17000, out 0/0",1,0,17000,0,1,0,0.0000,0,0,0,0,0,4,false,true,false
100000006756956100,peripheral,0.0000,0,0.0269,"заглушка: in 1/121200, out 0/0",1,0,121200,0,9,0,0.0000,0,0,0,0,0,4,false,true,false
100000007357489100,peripheral,0.0000,0,0.0366,"заглушка: in 2/164500, out 0/0",2,0,164500,0,2,0,0.0000,0,0,0,0,0,4,false,true,false
100000002599729100,peripheral,0.0000,0,0.0144,"заглушка: in 1/65000, out 0/0",1,0,65000,0,2,0,0.0000,0,0,0,0,0,4,false,true,false
100000005849862100,peripheral,0.0000,0,0.0029,"заглушка: in 1/13000, out 0/0",1,0,13000,0,2,0,0.0000,0,0,0,0,0,4,false,true,false
100000008762843100,peripheral,0.0000,0,0.0016,"заглушка: in 1/7000, out 0/0",1,0,7000,0,1,0,0.0000,0,0,0,0,0,4,false,true,false
100000002723674100,peripheral,0.0000,0,0.0067,"заглушка: in 1/30000, out 0/0",1,0,30000,0,1,0,0.0000,0,0,0,0,0,4,false,true,false
100000008758106100,peripheral,0.0000,0,0.0022,"заглушка: in 1/10000, out 0/0",1,0,10000,0,1,0,0.0000,0,0,0,0,0,4,false,true,false
100000001286703100,peripheral,0.0000,0,0.0046,"заглушка: in 1/20500, out 0/0",1,0,20500,0,1,0,0.0000,0,0,0,0,0,4,false,true,false
